﻿<?xml version="1.0" encoding="utf-8"?>
<abapGit version="v1.0.0" serializer="LCL_OBJECT_ENQU" serializer_version="v1.0.0">
 <asx:abap xmlns:asx="http://www.sap.com/abapxml" version="1.0">
  <asx:values>
   <DD25V>
    <VIEWNAME>EZLO_EX_CLBEX</VIEWNAME>
    <AS4LOCAL>A</AS4LOCAL>
    <AS4VERS>0000</AS4VERS>
    <DDLANGUAGE>E</DDLANGUAGE>
    <AGGTYPE>E</AGGTYPE>
    <APPLCLASS/>
    <AUTHCLASS>00</AUTHCLASS>
    <READONLY/>
    <ROOTTAB>ZST_EX_CLBEX</ROOTTAB>
    <AS4USER/>
    <AS4DATE>0000-00-00</AS4DATE>
    <AS4TIME>00:00:00</AS4TIME>
    <DDTEXT>Lock for export clip board</DDTEXT>
    <VIEWCLASS/>
    <ACTFLAG/>
    <MASTERLANG/>
    <CUSTOMAUTH/>
    <VIEWGRANT/>
    <GLOBALFLAG/>
    <MANKEY/>
    <DBREFNAME/>
   </DD25V>
   <DD26E_TABLE>
    <DD26E>
     <DDLANGUAGE/>
     <VIEWNAME>EZLO_EX_CLBEX</VIEWNAME>
     <TABNAME>ZST_EX_CLBEX</TABNAME>
     <TABPOS>0001</TABPOS>
     <FORTABNAME>ZST_EX_CLBEX</FORTABNAME>
     <FORFIELD/>
     <FORDIR/>
     <ENQMODE>E</ENQMODE>
    </DD26E>
   </DD26E_TABLE>
   <DD27P_TABLE>
    <DD27P>
     <VIEWNAME>EZLO_EX_CLBEX</VIEWNAME>
     <OBJPOS>0001</OBJPOS>
     <DDLANGUAGE>E</DDLANGUAGE>
     <VIEWFIELD>PCNAME</VIEWFIELD>
     <TABNAME>ZST_EX_CLBEX</TABNAME>
     <FIELDNAME>PCNAME</FIELDNAME>
     <KEYFLAG>X</KEYFLAG>
     <MCFIELDID/>
     <EFORM/>
     <ROLLNAME>ZDD_BM_PCNAME</ROLLNAME>
     <ROLLNAMEVI>ZDD_BM_PCNAME</ROLLNAMEVI>
     <ROLLCHANGE/>
     <ENQMODE>E</ENQMODE>
     <RDONLY/>
     <MEMORYID/>
     <DOMNAME>CHAR100</DOMNAME>
     <DATATYPE>CHAR</DATATYPE>
     <FLENGTH>000100</FLENGTH>
     <CHECKTABLE/>
     <SHLPORIGIN/>
     <SHLPNAME/>
     <SHLPFIELD/>
     <REFTABLE/>
     <REFFIELD/>
     <ENTITYTAB/>
     <INTTYPE>C</INTTYPE>
     <INTLEN>000200</INTLEN>
     <LOGFLAG/>
     <HEADLEN>55</HEADLEN>
     <SCRLEN1>10</SCRLEN1>
     <SCRLEN2>15</SCRLEN2>
     <SCRLEN3>20</SCRLEN3>
     <OUTPUTLEN>000100</OUTPUTLEN>
     <DECIMALS>000000</DECIMALS>
     <LOWERCASE/>
     <SIGNFLAG/>
     <VALEXI/>
     <CONVEXIT/>
     <DDTEXT>PC name</DDTEXT>
     <REPTEXT>PC name</REPTEXT>
     <SCRTEXT_S>PC name</SCRTEXT_S>
     <SCRTEXT_M>PC name</SCRTEXT_M>
     <SCRTEXT_L>PC name</SCRTEXT_L>
     <PROXYTYPE/>
     <LTRFLDDIS/>
     <BIDICTRLC/>
     <OUTPUTSTYLE>00</OUTPUTSTYLE>
     <NOHISTORY/>
     <AMPMFORMAT/>
    </DD27P>
    <DD27P>
     <VIEWNAME>EZLO_EX_CLBEX</VIEWNAME>
     <OBJPOS>0002</OBJPOS>
     <DDLANGUAGE>E</DDLANGUAGE>
     <VIEWFIELD>UNAME</VIEWFIELD>
     <TABNAME>ZST_EX_CLBEX</TABNAME>
     <FIELDNAME>UNAME</FIELDNAME>
     <KEYFLAG>X</KEYFLAG>
     <MCFIELDID/>
     <EFORM/>
     <ROLLNAME>XUBNAME</ROLLNAME>
     <ROLLNAMEVI>XUBNAME</ROLLNAMEVI>
     <ROLLCHANGE/>
     <ENQMODE>E</ENQMODE>
     <RDONLY/>
     <MEMORYID>XUS</MEMORYID>
     <DOMNAME>XUBNAME</DOMNAME>
     <DATATYPE>CHAR</DATATYPE>
     <FLENGTH>000012</FLENGTH>
     <CHECKTABLE/>
     <SHLPORIGIN/>
     <SHLPNAME/>
     <SHLPFIELD/>
     <REFTABLE/>
     <REFFIELD/>
     <ENTITYTAB>USR02</ENTITYTAB>
     <INTTYPE>C</INTTYPE>
     <INTLEN>000024</INTLEN>
     <LOGFLAG/>
     <HEADLEN>12</HEADLEN>
     <SCRLEN1>10</SCRLEN1>
     <SCRLEN2>15</SCRLEN2>
     <SCRLEN3>20</SCRLEN3>
     <OUTPUTLEN>000012</OUTPUTLEN>
     <DECIMALS>000000</DECIMALS>
     <LOWERCASE/>
     <SIGNFLAG/>
     <VALEXI/>
     <CONVEXIT/>
     <DDTEXT>User Name in User Master Record</DDTEXT>
     <REPTEXT>User Name</REPTEXT>
     <SCRTEXT_S>User</SCRTEXT_S>
     <SCRTEXT_M>User</SCRTEXT_M>
     <SCRTEXT_L>User</SCRTEXT_L>
     <PROXYTYPE/>
     <LTRFLDDIS/>
     <BIDICTRLC/>
     <OUTPUTSTYLE>00</OUTPUTSTYLE>
     <NOHISTORY/>
     <AMPMFORMAT/>
    </DD27P>
   </DD27P_TABLE>
  </asx:values>
 </asx:abap>
</abapGit>
