﻿<?xml version="1.0" encoding="utf-8"?>
<abapGit version="v1.0.0" serializer="LCL_OBJECT_DTEL" serializer_version="v1.0.0">
 <asx:abap xmlns:asx="http://www.sap.com/abapxml" version="1.0">
  <asx:values>
   <DD04V>
    <ROLLNAME>ZDD_PRFIELD2</ROLLNAME>
    <DDLANGUAGE>E</DDLANGUAGE>
    <DOMNAME>CHAR61</DOMNAME>
    <ROUTPUTLEN>000000</ROUTPUTLEN>
    <MEMORYID/>
    <LOGFLAG/>
    <HEADLEN>55</HEADLEN>
    <SCRLEN1>10</SCRLEN1>
    <SCRLEN2>15</SCRLEN2>
    <SCRLEN3>20</SCRLEN3>
    <DDTEXT>Parent field to get value Key field 2</DDTEXT>
    <REPTEXT>Parents 2</REPTEXT>
    <SCRTEXT_S>Parents 2</SCRTEXT_S>
    <SCRTEXT_M>Parents 2</SCRTEXT_M>
    <SCRTEXT_L>Parents 2</SCRTEXT_L>
    <ACTFLAG/>
    <APPLCLASS/>
    <AUTHCLASS>00</AUTHCLASS>
    <AS4USER/>
    <AS4DATE>0000-00-00</AS4DATE>
    <AS4TIME>00:00:00</AS4TIME>
    <DTELMASTER>E</DTELMASTER>
    <RESERVEDTE/>
    <DTELGLOBAL/>
    <SHLPNAME/>
    <SHLPFIELD/>
    <DEFFDNAME/>
    <DATATYPE/>
    <LENG>000000</LENG>
    <DECIMALS>000000</DECIMALS>
    <OUTPUTLEN>000000</OUTPUTLEN>
    <LOWERCASE/>
    <SIGNFLAG/>
    <CONVEXIT/>
    <VALEXI/>
    <ENTITYTAB/>
    <REFKIND>D</REFKIND>
    <REFTYPE/>
    <PROXYTYPE/>
    <LTRFLDDIS/>
    <BIDICTRLC/>
    <NOHISTORY/>
   </DD04V>
   <TPARA>
    <PARAMID/>
    <PARTEXT/>
   </TPARA>
  </asx:values>
 </asx:abap>
</abapGit>
