﻿<?xml version="1.0" encoding="utf-8"?>
<abapGit version="v1.0.0" serializer="LCL_OBJECT_DOMA" serializer_version="v1.0.0">
 <asx:abap xmlns:asx="http://www.sap.com/abapxml" version="1.0">
  <asx:values>
   <DD01V>
    <DOMNAME>ZDO_BM_PERFM</DOMNAME>
    <DDLANGUAGE>E</DDLANGUAGE>
    <DATATYPE>CHAR</DATATYPE>
    <LENG>000001</LENG>
    <OUTPUTLEN>000001</OUTPUTLEN>
    <DECIMALS>000000</DECIMALS>
    <LOWERCASE/>
    <SIGNFLAG/>
    <LANGFLAG/>
    <VALEXI>X</VALEXI>
    <ENTITYTAB/>
    <CONVEXIT/>
    <MASK/>
    <MASKLEN>0000</MASKLEN>
    <DDTEXT>Period format</DDTEXT>
    <ACTFLAG/>
    <APPLCLASS/>
    <AUTHCLASS>00</AUTHCLASS>
    <AS4USER/>
    <AS4DATE>0000-00-00</AS4DATE>
    <AS4TIME>00:00:00</AS4TIME>
    <DOMMASTER/>
    <RESERVEDOM/>
    <DOMGLOBAL/>
    <APPENDNAME/>
    <APPEXIST/>
    <PROXYTYPE/>
    <OUTPUTSTYLE>00</OUTPUTSTYLE>
    <AMPMFORMAT/>
   </DD01V>
   <DD07V_TAB>
    <DD07V>
     <DOMNAME>ZDO_BM_PERFM</DOMNAME>
     <VALPOS>0001</VALPOS>
     <DDLANGUAGE>E</DDLANGUAGE>
     <DOMVALUE_L>1</DOMVALUE_L>
     <DOMVALUE_H/>
     <DDTEXT>YYYYMMDD</DDTEXT>
     <DOMVAL_LD/>
     <DOMVAL_HD/>
     <APPVAL/>
    </DD07V>
    <DD07V>
     <DOMNAME>ZDO_BM_PERFM</DOMNAME>
     <VALPOS>0002</VALPOS>
     <DDLANGUAGE>E</DDLANGUAGE>
     <DOMVALUE_L>2</DOMVALUE_L>
     <DOMVALUE_H/>
     <DDTEXT>YYYYMM</DDTEXT>
     <DOMVAL_LD/>
     <DOMVAL_HD/>
     <APPVAL/>
    </DD07V>
    <DD07V>
     <DOMNAME>ZDO_BM_PERFM</DOMNAME>
     <VALPOS>0003</VALPOS>
     <DDLANGUAGE>E</DDLANGUAGE>
     <DOMVALUE_L>3</DOMVALUE_L>
     <DOMVALUE_H/>
     <DDTEXT>YYMM</DDTEXT>
     <DOMVAL_LD/>
     <DOMVAL_HD/>
     <APPVAL/>
    </DD07V>
    <DD07V>
     <DOMNAME>ZDO_BM_PERFM</DOMNAME>
     <VALPOS>0004</VALPOS>
     <DDLANGUAGE>E</DDLANGUAGE>
     <DOMVALUE_L/>
     <DOMVALUE_H/>
     <DDTEXT/>
     <DOMVAL_LD/>
     <DOMVAL_HD/>
     <APPVAL/>
    </DD07V>
   </DD07V_TAB>
  </asx:values>
 </asx:abap>
</abapGit>
