﻿<?xml version="1.0" encoding="utf-8"?>
<abapGit version="v1.0.0" serializer="LCL_OBJECT_DOMA" serializer_version="v1.0.0">
 <asx:abap xmlns:asx="http://www.sap.com/abapxml" version="1.0">
  <asx:values>
   <DD01V>
    <DOMNAME>ZDO_PRCS_SCOPE</DOMNAME>
    <DDLANGUAGE>E</DDLANGUAGE>
    <DATATYPE>CHAR</DATATYPE>
    <LENG>000004</LENG>
    <OUTPUTLEN>000004</OUTPUTLEN>
    <DECIMALS>000000</DECIMALS>
    <LOWERCASE/>
    <SIGNFLAG/>
    <LANGFLAG/>
    <VALEXI/>
    <ENTITYTAB>ZTB_PRCS_SCOPE</ENTITYTAB>
    <CONVEXIT/>
    <MASK/>
    <MASKLEN>0000</MASKLEN>
    <DDTEXT>Scope process</DDTEXT>
    <ACTFLAG/>
    <APPLCLASS/>
    <AUTHCLASS>00</AUTHCLASS>
    <AS4USER/>
    <AS4DATE>0000-00-00</AS4DATE>
    <AS4TIME>00:00:00</AS4TIME>
    <DOMMASTER/>
    <RESERVEDOM/>
    <DOMGLOBAL/>
    <APPENDNAME/>
    <APPEXIST/>
    <PROXYTYPE/>
    <OUTPUTSTYLE>00</OUTPUTSTYLE>
    <AMPMFORMAT/>
   </DD01V>
   <DD07V_TAB/>
  </asx:values>
 </asx:abap>
</abapGit>
