﻿<?xml version="1.0" encoding="utf-8"?>
<abapGit version="v1.0.0" serializer="LCL_OBJECT_FUGR" serializer_version="v1.0.0">
 <asx:abap xmlns:asx="http://www.sap.com/abapxml" version="1.0">
  <asx:values>
   <AREAT>Function group for date</AREAT>
   <INCLUDES>
    <SOBJ_NAME>LZFG_DATETOP</SOBJ_NAME>
    <SOBJ_NAME>SAPLZFG_DATE</SOBJ_NAME>
   </INCLUDES>
   <FUNCTIONS>
    <item>
     <FUNCNAME>ZFM_DATE_GET_PERIOD</FUNCNAME>
     <INCLUDE>LZFG_DATEU05</INCLUDE>
     <GLOBAL_FLAG/>
     <REMOTE_CALL/>
     <UPDATE_TASK/>
     <SHORT_TEXT>Get period by date</SHORT_TEXT>
     <REMOTE_BASXML/>
     <IMPORT>
      <RSIMP>
       <PARAMETER>I_DATE</PARAMETER>
       <DBFIELD/>
       <DEFAULT>SY-DATUM</DEFAULT>
       <TYPES/>
       <OPTIONAL>X</OPTIONAL>
       <REFERENCE>X</REFERENCE>
       <CHANGING/>
       <TYP>DATS</TYP>
       <CLASS/>
       <REF_CLASS/>
       <LINE_OF/>
       <TABLE_OF/>
      </RSIMP>
      <RSIMP>
       <PARAMETER>I_GET_QUARTER</PARAMETER>
       <DBFIELD/>
       <DEFAULT/>
       <TYPES/>
       <OPTIONAL>X</OPTIONAL>
       <REFERENCE>X</REFERENCE>
       <CHANGING/>
       <TYP>XMARK</TYP>
       <CLASS/>
       <REF_CLASS/>
       <LINE_OF/>
       <TABLE_OF/>
      </RSIMP>
     </IMPORT>
     <CHANGING/>
     <EXPORT>
      <RSEXP>
       <PARAMETER>E_MONTH</PARAMETER>
       <DBFIELD/>
       <TYPES/>
       <REFERENCE>X</REFERENCE>
       <TYP>PERSL_KK</TYP>
       <CLASS/>
       <REF_CLASS/>
       <LINE_OF/>
       <TABLE_OF/>
      </RSEXP>
      <RSEXP>
       <PARAMETER>E_QUARTER</PARAMETER>
       <DBFIELD/>
       <TYPES/>
       <REFERENCE>X</REFERENCE>
       <TYP>PERSL_KK</TYP>
       <CLASS/>
       <REF_CLASS/>
       <LINE_OF/>
       <TABLE_OF/>
      </RSEXP>
      <RSEXP>
       <PARAMETER>E_PREDC</PARAMETER>
       <DBFIELD/>
       <TYPES/>
       <REFERENCE>X</REFERENCE>
       <TYP>PREDC_KK</TYP>
       <CLASS/>
       <REF_CLASS/>
       <LINE_OF/>
       <TABLE_OF/>
      </RSEXP>
      <RSEXP>
       <PARAMETER>E_PERSLT_KK</PARAMETER>
       <DBFIELD/>
       <TYPES/>
       <REFERENCE>X</REFERENCE>
       <TYP>PERSLT_KK</TYP>
       <CLASS/>
       <REF_CLASS/>
       <LINE_OF/>
       <TABLE_OF/>
      </RSEXP>
      <RSEXP>
       <PARAMETER>T_TFKPERIOD</PARAMETER>
       <DBFIELD/>
       <TYPES/>
       <REFERENCE>X</REFERENCE>
       <TYP>ZTT_TFKPERIOD</TYP>
       <CLASS/>
       <REF_CLASS/>
       <LINE_OF/>
       <TABLE_OF/>
      </RSEXP>
     </EXPORT>
     <TABLES/>
     <EXCEPTION/>
     <DOCUMENTATION>
      <RSFDO>
       <PARAMETER>I_DATE</PARAMETER>
       <KIND>P</KIND>
       <STEXT>Date</STEXT>
       <INDEX> 001</INDEX>
      </RSFDO>
      <RSFDO>
       <PARAMETER>I_GET_QUARTER</PARAMETER>
       <KIND>P</KIND>
       <STEXT>Blank get month, &apos;X&apos; get quarter</STEXT>
       <INDEX> 002</INDEX>
      </RSFDO>
      <RSFDO>
       <PARAMETER>E_MONTH</PARAMETER>
       <KIND>P</KIND>
       <STEXT>Key for Period Assignment</STEXT>
       <INDEX> 003</INDEX>
      </RSFDO>
      <RSFDO>
       <PARAMETER>E_QUARTER</PARAMETER>
       <KIND>P</KIND>
       <STEXT>Key for Period Assignment</STEXT>
       <INDEX> 004</INDEX>
      </RSFDO>
      <RSFDO>
       <PARAMETER>E_PREDC</PARAMETER>
       <KIND>P</KIND>
       <STEXT>Previous Period</STEXT>
       <INDEX> 005</INDEX>
      </RSFDO>
      <RSFDO>
       <PARAMETER>E_PERSLT_KK</PARAMETER>
       <KIND>P</KIND>
       <STEXT>Text for Period Key</STEXT>
       <INDEX> 006</INDEX>
      </RSFDO>
      <RSFDO>
       <PARAMETER>T_TFKPERIOD</PARAMETER>
       <KIND>P</KIND>
       <STEXT>Period definition</STEXT>
       <INDEX> 007</INDEX>
      </RSFDO>
     </DOCUMENTATION>
    </item>
    <item>
     <FUNCNAME>ZFM_DATE_MONTH_TO_QUARTER</FUNCNAME>
     <INCLUDE>LZFG_DATEU06</INCLUDE>
     <GLOBAL_FLAG/>
     <REMOTE_CALL/>
     <UPDATE_TASK/>
     <SHORT_TEXT>Get quarter of month</SHORT_TEXT>
     <REMOTE_BASXML/>
     <IMPORT>
      <RSIMP>
       <PARAMETER>I_YEAR</PARAMETER>
       <DBFIELD/>
       <DEFAULT/>
       <TYPES/>
       <OPTIONAL/>
       <REFERENCE>X</REFERENCE>
       <CHANGING/>
       <TYP>NUMC4</TYP>
       <CLASS/>
       <REF_CLASS/>
       <LINE_OF/>
       <TABLE_OF/>
      </RSIMP>
      <RSIMP>
       <PARAMETER>I_MONTH</PARAMETER>
       <DBFIELD/>
       <DEFAULT/>
       <TYPES/>
       <OPTIONAL/>
       <REFERENCE>X</REFERENCE>
       <CHANGING/>
       <TYP>NUMC2</TYP>
       <CLASS/>
       <REF_CLASS/>
       <LINE_OF/>
       <TABLE_OF/>
      </RSIMP>
     </IMPORT>
     <CHANGING/>
     <EXPORT>
      <RSEXP>
       <PARAMETER>E_QUARTER</PARAMETER>
       <DBFIELD/>
       <TYPES/>
       <REFERENCE>X</REFERENCE>
       <TYP>PERSL_KK</TYP>
       <CLASS/>
       <REF_CLASS/>
       <LINE_OF/>
       <TABLE_OF/>
      </RSEXP>
      <RSEXP>
       <PARAMETER>E_QUARTER_NM</PARAMETER>
       <DBFIELD/>
       <TYPES/>
       <REFERENCE>X</REFERENCE>
       <TYP>PERSLT_KK</TYP>
       <CLASS/>
       <REF_CLASS/>
       <LINE_OF/>
       <TABLE_OF/>
      </RSEXP>
     </EXPORT>
     <TABLES/>
     <EXCEPTION/>
     <DOCUMENTATION>
      <RSFDO>
       <PARAMETER>I_YEAR</PARAMETER>
       <KIND>P</KIND>
       <STEXT>Count parameters</STEXT>
       <INDEX> 001</INDEX>
      </RSFDO>
      <RSFDO>
       <PARAMETER>I_MONTH</PARAMETER>
       <KIND>P</KIND>
       <STEXT>Two digit number</STEXT>
       <INDEX> 002</INDEX>
      </RSFDO>
      <RSFDO>
       <PARAMETER>E_QUARTER</PARAMETER>
       <KIND>P</KIND>
       <STEXT>Key for Period Assignment</STEXT>
       <INDEX> 003</INDEX>
      </RSFDO>
      <RSFDO>
       <PARAMETER>E_QUARTER_NM</PARAMETER>
       <KIND>P</KIND>
       <STEXT>Text for Period Key</STEXT>
       <INDEX> 004</INDEX>
      </RSFDO>
     </DOCUMENTATION>
    </item>
    <item>
     <FUNCNAME>ZFM_DATE_SPELL</FUNCNAME>
     <INCLUDE>LZFG_DATEU03</INCLUDE>
     <GLOBAL_FLAG/>
     <REMOTE_CALL/>
     <UPDATE_TASK/>
     <SHORT_TEXT>Spell date</SHORT_TEXT>
     <REMOTE_BASXML/>
     <IMPORT>
      <RSIMP>
       <PARAMETER>I_DATUM</PARAMETER>
       <DBFIELD/>
       <DEFAULT/>
       <TYPES/>
       <OPTIONAL>X</OPTIONAL>
       <REFERENCE>X</REFERENCE>
       <CHANGING/>
       <TYP>DATUM</TYP>
       <CLASS/>
       <REF_CLASS/>
       <LINE_OF/>
       <TABLE_OF/>
      </RSIMP>
      <RSIMP>
       <PARAMETER>I_SPMON</PARAMETER>
       <DBFIELD/>
       <DEFAULT/>
       <TYPES/>
       <OPTIONAL>X</OPTIONAL>
       <REFERENCE>X</REFERENCE>
       <CHANGING/>
       <TYP>SPMON</TYP>
       <CLASS/>
       <REF_CLASS/>
       <LINE_OF/>
       <TABLE_OF/>
      </RSIMP>
     </IMPORT>
     <CHANGING/>
     <EXPORT>
      <RSEXP>
       <PARAMETER>E_DATET</PARAMETER>
       <DBFIELD/>
       <TYPES/>
       <REFERENCE>X</REFERENCE>
       <TYP/>
       <CLASS/>
       <REF_CLASS/>
       <LINE_OF/>
       <TABLE_OF/>
      </RSEXP>
     </EXPORT>
     <TABLES/>
     <EXCEPTION/>
     <DOCUMENTATION>
      <RSFDO>
       <PARAMETER>I_DATUM</PARAMETER>
       <KIND>P</KIND>
       <STEXT>Date to spell</STEXT>
       <INDEX> 001</INDEX>
      </RSFDO>
      <RSFDO>
       <PARAMETER>I_SPMON</PARAMETER>
       <KIND>P</KIND>
       <STEXT>Month to spell</STEXT>
       <INDEX> 002</INDEX>
      </RSFDO>
      <RSFDO>
       <PARAMETER>E_DATET</PARAMETER>
       <KIND>P</KIND>
       <STEXT>Spell result</STEXT>
       <INDEX> 003</INDEX>
      </RSFDO>
     </DOCUMENTATION>
    </item>
    <item>
     <FUNCNAME>ZFM_GET_FIRST_END_DATE_PERIOD</FUNCNAME>
     <INCLUDE>LZFG_DATEU02</INCLUDE>
     <GLOBAL_FLAG/>
     <REMOTE_CALL/>
     <UPDATE_TASK/>
     <SHORT_TEXT>Get first, last date of period (Month, Quarter, Year)</SHORT_TEXT>
     <REMOTE_BASXML/>
     <IMPORT>
      <RSIMP>
       <PARAMETER>I_DATE</PARAMETER>
       <DBFIELD/>
       <DEFAULT>SY-DATUM</DEFAULT>
       <TYPES/>
       <OPTIONAL/>
       <REFERENCE/>
       <CHANGING/>
       <TYP>DATUM</TYP>
       <CLASS/>
       <REF_CLASS/>
       <LINE_OF/>
       <TABLE_OF/>
      </RSIMP>
      <RSIMP>
       <PARAMETER>I_FOR_MONTH</PARAMETER>
       <DBFIELD/>
       <DEFAULT/>
       <TYPES/>
       <OPTIONAL>X</OPTIONAL>
       <REFERENCE/>
       <CHANGING/>
       <TYP>XMARK</TYP>
       <CLASS/>
       <REF_CLASS/>
       <LINE_OF/>
       <TABLE_OF/>
      </RSIMP>
      <RSIMP>
       <PARAMETER>I_FOR_QUARTER</PARAMETER>
       <DBFIELD/>
       <DEFAULT/>
       <TYPES/>
       <OPTIONAL>X</OPTIONAL>
       <REFERENCE/>
       <CHANGING/>
       <TYP>XMARK</TYP>
       <CLASS/>
       <REF_CLASS/>
       <LINE_OF/>
       <TABLE_OF/>
      </RSIMP>
      <RSIMP>
       <PARAMETER>I_FOR_YEAR</PARAMETER>
       <DBFIELD/>
       <DEFAULT/>
       <TYPES/>
       <OPTIONAL>X</OPTIONAL>
       <REFERENCE/>
       <CHANGING/>
       <TYP>XMARK</TYP>
       <CLASS/>
       <REF_CLASS/>
       <LINE_OF/>
       <TABLE_OF/>
      </RSIMP>
     </IMPORT>
     <CHANGING/>
     <EXPORT>
      <RSEXP>
       <PARAMETER>E_BEGDA</PARAMETER>
       <DBFIELD/>
       <TYPES/>
       <REFERENCE>X</REFERENCE>
       <TYP>DATUM</TYP>
       <CLASS/>
       <REF_CLASS/>
       <LINE_OF/>
       <TABLE_OF/>
      </RSEXP>
      <RSEXP>
       <PARAMETER>E_ENDDA</PARAMETER>
       <DBFIELD/>
       <TYPES/>
       <REFERENCE>X</REFERENCE>
       <TYP>DATUM</TYP>
       <CLASS/>
       <REF_CLASS/>
       <LINE_OF/>
       <TABLE_OF/>
      </RSEXP>
     </EXPORT>
     <TABLES/>
     <EXCEPTION>
      <RSEXC>
       <EXCEPTION>NO_TYPE_TO_GET</EXCEPTION>
       <IS_RESUMABLE/>
      </RSEXC>
     </EXCEPTION>
     <DOCUMENTATION>
      <RSFDO>
       <PARAMETER>I_DATE</PARAMETER>
       <KIND>P</KIND>
       <STEXT>Current date</STEXT>
       <INDEX> 001</INDEX>
      </RSFDO>
      <RSFDO>
       <PARAMETER>I_FOR_MONTH</PARAMETER>
       <KIND>P</KIND>
       <STEXT>Get first, late date of month</STEXT>
       <INDEX> 002</INDEX>
      </RSFDO>
      <RSFDO>
       <PARAMETER>I_FOR_QUARTER</PARAMETER>
       <KIND>P</KIND>
       <STEXT>Get first, late date of quarter</STEXT>
       <INDEX> 003</INDEX>
      </RSFDO>
      <RSFDO>
       <PARAMETER>I_FOR_YEAR</PARAMETER>
       <KIND>P</KIND>
       <STEXT>Get first, late date of year</STEXT>
       <INDEX> 004</INDEX>
      </RSFDO>
      <RSFDO>
       <PARAMETER>E_BEGDA</PARAMETER>
       <KIND>P</KIND>
       <STEXT>Begin Date</STEXT>
       <INDEX> 005</INDEX>
      </RSFDO>
      <RSFDO>
       <PARAMETER>E_ENDDA</PARAMETER>
       <KIND>P</KIND>
       <STEXT>End Date</STEXT>
       <INDEX> 006</INDEX>
      </RSFDO>
      <RSFDO>
       <PARAMETER>NO_TYPE_TO_GET</PARAMETER>
       <KIND>X</KIND>
       <STEXT>No type (month, quater, year) to get date</STEXT>
       <INDEX> 007</INDEX>
      </RSFDO>
     </DOCUMENTATION>
    </item>
    <item>
     <FUNCNAME>ZFM_GET_FIRST_LAST_DAY_QUARTER</FUNCNAME>
     <INCLUDE>LZFG_DATEU01</INCLUDE>
     <GLOBAL_FLAG/>
     <REMOTE_CALL/>
     <UPDATE_TASK/>
     <SHORT_TEXT>Get begin and end date of a quarter (must use date or quarter and year)</SHORT_TEXT>
     <REMOTE_BASXML/>
     <IMPORT>
      <RSIMP>
       <PARAMETER>I_QUARTER</PARAMETER>
       <DBFIELD/>
       <DEFAULT/>
       <TYPES/>
       <OPTIONAL>X</OPTIONAL>
       <REFERENCE>X</REFERENCE>
       <CHANGING/>
       <TYP>I</TYP>
       <CLASS/>
       <REF_CLASS/>
       <LINE_OF/>
       <TABLE_OF/>
      </RSIMP>
      <RSIMP>
       <PARAMETER>I_YEAR</PARAMETER>
       <DBFIELD/>
       <DEFAULT/>
       <TYPES/>
       <OPTIONAL>X</OPTIONAL>
       <REFERENCE>X</REFERENCE>
       <CHANGING/>
       <TYP>GJAHR</TYP>
       <CLASS/>
       <REF_CLASS/>
       <LINE_OF/>
       <TABLE_OF/>
      </RSIMP>
      <RSIMP>
       <PARAMETER>I_DATE</PARAMETER>
       <DBFIELD/>
       <DEFAULT/>
       <TYPES/>
       <OPTIONAL>X</OPTIONAL>
       <REFERENCE>X</REFERENCE>
       <CHANGING/>
       <TYP>DATUM</TYP>
       <CLASS/>
       <REF_CLASS/>
       <LINE_OF/>
       <TABLE_OF/>
      </RSIMP>
     </IMPORT>
     <CHANGING/>
     <EXPORT>
      <RSEXP>
       <PARAMETER>E_BEGDA</PARAMETER>
       <DBFIELD/>
       <TYPES/>
       <REFERENCE>X</REFERENCE>
       <TYP>DATUM</TYP>
       <CLASS/>
       <REF_CLASS/>
       <LINE_OF/>
       <TABLE_OF/>
      </RSEXP>
      <RSEXP>
       <PARAMETER>E_ENDDA</PARAMETER>
       <DBFIELD/>
       <TYPES/>
       <REFERENCE>X</REFERENCE>
       <TYP>DATUM</TYP>
       <CLASS/>
       <REF_CLASS/>
       <LINE_OF/>
       <TABLE_OF/>
      </RSEXP>
      <RSEXP>
       <PARAMETER>E_BEGMO</PARAMETER>
       <DBFIELD/>
       <TYPES/>
       <REFERENCE>X</REFERENCE>
       <TYP>SPMON</TYP>
       <CLASS/>
       <REF_CLASS/>
       <LINE_OF/>
       <TABLE_OF/>
      </RSEXP>
      <RSEXP>
       <PARAMETER>E_ENDMO</PARAMETER>
       <DBFIELD/>
       <TYPES/>
       <REFERENCE>X</REFERENCE>
       <TYP>SPMON</TYP>
       <CLASS/>
       <REF_CLASS/>
       <LINE_OF/>
       <TABLE_OF/>
      </RSEXP>
     </EXPORT>
     <TABLES/>
     <EXCEPTION/>
     <DOCUMENTATION>
      <RSFDO>
       <PARAMETER>I_QUARTER</PARAMETER>
       <KIND>P</KIND>
       <STEXT/>
       <INDEX> 001</INDEX>
      </RSFDO>
      <RSFDO>
       <PARAMETER>I_YEAR</PARAMETER>
       <KIND>P</KIND>
       <STEXT>Fiscal Year</STEXT>
       <INDEX> 002</INDEX>
      </RSFDO>
      <RSFDO>
       <PARAMETER>I_DATE</PARAMETER>
       <KIND>P</KIND>
       <STEXT>Date in quarter</STEXT>
       <INDEX> 003</INDEX>
      </RSFDO>
      <RSFDO>
       <PARAMETER>E_BEGDA</PARAMETER>
       <KIND>P</KIND>
       <STEXT>Begin Date of quater</STEXT>
       <INDEX> 004</INDEX>
      </RSFDO>
      <RSFDO>
       <PARAMETER>E_ENDDA</PARAMETER>
       <KIND>P</KIND>
       <STEXT>End Date of quater</STEXT>
       <INDEX> 005</INDEX>
      </RSFDO>
      <RSFDO>
       <PARAMETER>E_BEGMO</PARAMETER>
       <KIND>P</KIND>
       <STEXT>Begin month</STEXT>
       <INDEX> 006</INDEX>
      </RSFDO>
      <RSFDO>
       <PARAMETER>E_ENDMO</PARAMETER>
       <KIND>P</KIND>
       <STEXT>End month</STEXT>
       <INDEX> 007</INDEX>
      </RSFDO>
     </DOCUMENTATION>
    </item>
    <item>
     <FUNCNAME>ZFM_MONTH_YEAR_SHLP_EXIT</FUNCNAME>
     <INCLUDE>LZFG_DATEU04</INCLUDE>
     <GLOBAL_FLAG/>
     <REMOTE_CALL/>
     <UPDATE_TASK/>
     <SHORT_TEXT>Example for a search help exit</SHORT_TEXT>
     <REMOTE_BASXML/>
     <IMPORT/>
     <CHANGING>
      <RSCHA>
       <PARAMETER>SHLP</PARAMETER>
       <DBFIELD/>
       <DEFAULT/>
       <TYPES/>
       <OPTIONAL/>
       <REFERENCE/>
       <CHANGING/>
       <TYP>SHLP_DESCR</TYP>
       <CLASS/>
       <REF_CLASS/>
       <LINE_OF/>
       <TABLE_OF/>
      </RSCHA>
      <RSCHA>
       <PARAMETER>CALLCONTROL</PARAMETER>
       <DBFIELD>DDSHF4CTRL</DBFIELD>
       <DEFAULT/>
       <TYPES/>
       <OPTIONAL/>
       <REFERENCE/>
       <CHANGING/>
       <TYP/>
       <CLASS/>
       <REF_CLASS/>
       <LINE_OF/>
       <TABLE_OF/>
      </RSCHA>
     </CHANGING>
     <EXPORT/>
     <TABLES>
      <RSTBL>
       <PARAMETER>SHLP_TAB</PARAMETER>
       <DBSTRUCT/>
       <TYPES/>
       <OPTIONAL/>
       <TYP>SHLP_DESCT</TYP>
       <CLASS/>
       <REF_CLASS/>
       <LINE_OF/>
       <TABLE_OF/>
      </RSTBL>
      <RSTBL>
       <PARAMETER>RECORD_TAB</PARAMETER>
       <DBSTRUCT>SEAHLPRES</DBSTRUCT>
       <TYPES/>
       <OPTIONAL/>
       <TYP/>
       <CLASS/>
       <REF_CLASS/>
       <LINE_OF/>
       <TABLE_OF/>
      </RSTBL>
     </TABLES>
     <EXCEPTION/>
     <DOCUMENTATION>
      <RSFDO>
       <PARAMETER>SHLP_TAB</PARAMETER>
       <KIND>P</KIND>
       <STEXT>Table of elementary search helps</STEXT>
       <INDEX> 001</INDEX>
      </RSFDO>
      <RSFDO>
       <PARAMETER>RECORD_TAB</PARAMETER>
       <KIND>P</KIND>
       <STEXT>Hit list</STEXT>
       <INDEX> 002</INDEX>
      </RSFDO>
      <RSFDO>
       <PARAMETER>SHLP</PARAMETER>
       <KIND>P</KIND>
       <STEXT>Single (current) search help</STEXT>
       <INDEX> 003</INDEX>
      </RSFDO>
      <RSFDO>
       <PARAMETER>CALLCONTROL</PARAMETER>
       <KIND>P</KIND>
       <STEXT>Control of the F4 process</STEXT>
       <INDEX> 004</INDEX>
      </RSFDO>
     </DOCUMENTATION>
    </item>
   </FUNCTIONS>
   <DYNPROS/>
   <CUA>
    <ADM>
     <ACTCODE/>
     <MENCODE/>
     <PFKCODE/>
     <DEFAULTACT/>
     <DEFAULTPFK/>
     <MOD_LANGU/>
    </ADM>
    <STA/>
    <FUN/>
    <MEN/>
    <MTX/>
    <ACT/>
    <BUT/>
    <PFK/>
    <SET/>
    <DOC/>
    <TIT/>
    <BIV/>
   </CUA>
  </asx:values>
 </asx:abap>
</abapGit>
