﻿<?xml version="1.0" encoding="utf-8"?>
<abapGit version="v1.0.0">
 <asx:abap xmlns:asx="http://www.sap.com/abapxml" version="1.0">
  <asx:values>
   <PROGDIR>
    <NAME>SAPLZFG_DIALOG_PROCESS</NAME>
    <STATE>A</STATE>
    <SQLX/>
    <EDTX/>
    <VARCL>X</VARCL>
    <DBAPL>S</DBAPL>
    <DBNA>D$</DBNA>
    <CLAS/>
    <TYPE/>
    <OCCURS/>
    <SUBC>F</SUBC>
    <APPL>S</APPL>
    <SECU/>
    <CNAM/>
    <CDAT>0000-00-00</CDAT>
    <UNAM/>
    <UDAT>0000-00-00</UDAT>
    <VERN/>
    <LEVL/>
    <RSTAT/>
    <RMAND/>
    <RLOAD>E</RLOAD>
    <FIXPT>X</FIXPT>
    <SSET/>
    <SDATE>0000-00-00</SDATE>
    <STIME/>
    <IDATE>0000-00-00</IDATE>
    <ITIME/>
    <LDBNAME>D$S</LDBNAME>
    <UCCHECK>X</UCCHECK>
   </PROGDIR>
   <TPOOL>
    <item>
     <ID>I</ID>
     <KEY>001</KEY>
     <ENTRY>Data has been changed!</ENTRY>
     <LENGTH>30</LENGTH>
     <SPLIT/>
    </item>
    <item>
     <ID>I</ID>
     <KEY>002</KEY>
     <ENTRY>Save data first?</ENTRY>
     <LENGTH>40</LENGTH>
     <SPLIT/>
    </item>
    <item>
     <ID>I</ID>
     <KEY>003</KEY>
     <ENTRY>Yes</ENTRY>
     <LENGTH>3</LENGTH>
     <SPLIT/>
    </item>
    <item>
     <ID>I</ID>
     <KEY>004</KEY>
     <ENTRY>No</ENTRY>
     <LENGTH>5</LENGTH>
     <SPLIT/>
    </item>
    <item>
     <ID>I</ID>
     <KEY>005</KEY>
     <ENTRY>Thông tin đã thay đổi. Có lưu thông tin không?</ENTRY>
     <LENGTH>62</LENGTH>
     <SPLIT/>
    </item>
    <item>
     <ID>I</ID>
     <KEY>006</KEY>
     <ENTRY>Có</ENTRY>
     <LENGTH>2</LENGTH>
     <SPLIT/>
    </item>
    <item>
     <ID>I</ID>
     <KEY>007</KEY>
     <ENTRY>Không</ENTRY>
     <LENGTH>5</LENGTH>
     <SPLIT/>
    </item>
    <item>
     <ID>I</ID>
     <KEY>008</KEY>
     <ENTRY>Thông báo</ENTRY>
     <LENGTH>9</LENGTH>
     <SPLIT/>
    </item>
    <item>
     <ID>I</ID>
     <KEY>009</KEY>
     <ENTRY>Cập nhật</ENTRY>
     <LENGTH>8</LENGTH>
     <SPLIT/>
    </item>
    <item>
     <ID>I</ID>
     <KEY>010</KEY>
     <ENTRY>Save file unsuccessful</ENTRY>
     <LENGTH>30</LENGTH>
     <SPLIT/>
    </item>
    <item>
     <ID>I</ID>
     <KEY>011</KEY>
     <ENTRY>Đã xử lý được &amp;1 bản ghi</ENTRY>
     <LENGTH>24</LENGTH>
     <SPLIT/>
    </item>
    <item>
     <ID>I</ID>
     <KEY>CGE</KEY>
     <ENTRY>greater or equal than</ENTRY>
     <LENGTH>30</LENGTH>
     <SPLIT/>
    </item>
    <item>
     <ID>I</ID>
     <KEY>CGT</KEY>
     <ENTRY>greater than</ENTRY>
     <LENGTH>30</LENGTH>
     <SPLIT/>
    </item>
    <item>
     <ID>I</ID>
     <KEY>CLE</KEY>
     <ENTRY>less or equal than</ENTRY>
     <LENGTH>30</LENGTH>
     <SPLIT/>
    </item>
    <item>
     <ID>I</ID>
     <KEY>CLT</KEY>
     <ENTRY>less than</ENTRY>
     <LENGTH>30</LENGTH>
     <SPLIT/>
    </item>
   </TPOOL>
  </asx:values>
 </asx:abap>
</abapGit>
