﻿<?xml version="1.0" encoding="utf-8"?>
<abapGit version="v1.0.0" serializer="LCL_OBJECT_FUGR" serializer_version="v1.0.0">
 <asx:abap xmlns:asx="http://www.sap.com/abapxml" version="1.0">
  <asx:values>
   <AREAT>Function group common</AREAT>
   <INCLUDES>
    <SOBJ_NAME>LZFG_COMMONF01</SOBJ_NAME>
    <SOBJ_NAME>LZFG_COMMONTOP</SOBJ_NAME>
    <SOBJ_NAME>ZIN_COMMONTOP</SOBJ_NAME>
    <SOBJ_NAME>SAPLZFG_COMMON</SOBJ_NAME>
   </INCLUDES>
   <FUNCTIONS>
    <item>
     <FUNCNAME>ZFM_ADDRESS_PROCESS</FUNCNAME>
     <INCLUDE>LZFG_COMMONU18</INCLUDE>
     <GLOBAL_FLAG/>
     <REMOTE_CALL/>
     <UPDATE_TASK/>
     <SHORT_TEXT>Process address</SHORT_TEXT>
     <REMOTE_BASXML/>
     <IMPORT>
      <RSIMP>
       <PARAMETER>I_REPL_SPACE</PARAMETER>
       <DBFIELD/>
       <DEFAULT/>
       <TYPES/>
       <OPTIONAL>X</OPTIONAL>
       <REFERENCE>X</REFERENCE>
       <CHANGING/>
       <TYP>XMARK</TYP>
       <CLASS/>
       <REF_CLASS/>
       <LINE_OF/>
       <TABLE_OF/>
      </RSIMP>
     </IMPORT>
     <CHANGING>
      <RSCHA>
       <PARAMETER>T_ADDRESS</PARAMETER>
       <DBFIELD/>
       <DEFAULT/>
       <TYPES/>
       <OPTIONAL/>
       <REFERENCE>X</REFERENCE>
       <CHANGING/>
       <TYP>ZTT_ADDRESS</TYP>
       <CLASS/>
       <REF_CLASS/>
       <LINE_OF/>
       <TABLE_OF/>
      </RSCHA>
     </CHANGING>
     <EXPORT/>
     <TABLES/>
     <EXCEPTION/>
     <DOCUMENTATION>
      <RSFDO>
       <PARAMETER>I_REPL_SPACE</PARAMETER>
       <KIND>P</KIND>
       <STEXT>Indicator: Line selected</STEXT>
       <INDEX> 001</INDEX>
      </RSFDO>
      <RSFDO>
       <PARAMETER>T_ADDRESS</PARAMETER>
       <KIND>P</KIND>
       <STEXT>Address</STEXT>
       <INDEX> 002</INDEX>
      </RSFDO>
     </DOCUMENTATION>
    </item>
    <item>
     <FUNCNAME>ZFM_ALV_DISPLAY</FUNCNAME>
     <INCLUDE>LZFG_COMMONU24</INCLUDE>
     <GLOBAL_FLAG/>
     <REMOTE_CALL/>
     <UPDATE_TASK/>
     <SHORT_TEXT>Display data using ALV</SHORT_TEXT>
     <REMOTE_BASXML/>
     <IMPORT>
      <RSIMP>
       <PARAMETER>I_LASTCOL</PARAMETER>
       <DBFIELD/>
       <DEFAULT/>
       <TYPES/>
       <OPTIONAL>X</OPTIONAL>
       <REFERENCE>X</REFERENCE>
       <CHANGING/>
       <TYP>INT4</TYP>
       <CLASS/>
       <REF_CLASS/>
       <LINE_OF/>
       <TABLE_OF/>
      </RSIMP>
      <RSIMP>
       <PARAMETER>IT_HEADER</PARAMETER>
       <DBFIELD/>
       <DEFAULT/>
       <TYPES/>
       <OPTIONAL>X</OPTIONAL>
       <REFERENCE>X</REFERENCE>
       <CHANGING/>
       <TYP>ZTT_ALV_HEADER</TYP>
       <CLASS/>
       <REF_CLASS/>
       <LINE_OF/>
       <TABLE_OF/>
      </RSIMP>
      <RSIMP>
       <PARAMETER>I_CALLBACK_PROGRAM</PARAMETER>
       <DBFIELD/>
       <DEFAULT>SPACE</DEFAULT>
       <TYPES/>
       <OPTIONAL>X</OPTIONAL>
       <REFERENCE>X</REFERENCE>
       <CHANGING/>
       <TYP>SY-REPID</TYP>
       <CLASS/>
       <REF_CLASS/>
       <LINE_OF/>
       <TABLE_OF/>
      </RSIMP>
      <RSIMP>
       <PARAMETER>I_CALLBACK_PF_STATUS_SET</PARAMETER>
       <DBFIELD/>
       <DEFAULT>SPACE</DEFAULT>
       <TYPES/>
       <OPTIONAL>X</OPTIONAL>
       <REFERENCE>X</REFERENCE>
       <CHANGING/>
       <TYP>SLIS_FORMNAME</TYP>
       <CLASS/>
       <REF_CLASS/>
       <LINE_OF/>
       <TABLE_OF/>
      </RSIMP>
      <RSIMP>
       <PARAMETER>I_CALLBACK_USER_COMMAND</PARAMETER>
       <DBFIELD/>
       <DEFAULT>SPACE</DEFAULT>
       <TYPES/>
       <OPTIONAL>X</OPTIONAL>
       <REFERENCE>X</REFERENCE>
       <CHANGING/>
       <TYP>SLIS_FORMNAME</TYP>
       <CLASS/>
       <REF_CLASS/>
       <LINE_OF/>
       <TABLE_OF/>
      </RSIMP>
      <RSIMP>
       <PARAMETER>I_CALLBACK_TOP_OF_PAGE</PARAMETER>
       <DBFIELD/>
       <DEFAULT>SPACE</DEFAULT>
       <TYPES/>
       <OPTIONAL>X</OPTIONAL>
       <REFERENCE>X</REFERENCE>
       <CHANGING/>
       <TYP>SLIS_FORMNAME</TYP>
       <CLASS/>
       <REF_CLASS/>
       <LINE_OF/>
       <TABLE_OF/>
      </RSIMP>
      <RSIMP>
       <PARAMETER>I_CALLBACK_HTML_END_OF_LIST</PARAMETER>
       <DBFIELD/>
       <DEFAULT>SPACE</DEFAULT>
       <TYPES/>
       <OPTIONAL>X</OPTIONAL>
       <REFERENCE>X</REFERENCE>
       <CHANGING/>
       <TYP>SLIS_FORMNAME</TYP>
       <CLASS/>
       <REF_CLASS/>
       <LINE_OF/>
       <TABLE_OF/>
      </RSIMP>
      <RSIMP>
       <PARAMETER>I_STRUCTURE_NAME</PARAMETER>
       <DBFIELD/>
       <DEFAULT/>
       <TYPES/>
       <OPTIONAL>X</OPTIONAL>
       <REFERENCE>X</REFERENCE>
       <CHANGING/>
       <TYP>DD02L-TABNAME</TYP>
       <CLASS/>
       <REF_CLASS/>
       <LINE_OF/>
       <TABLE_OF/>
      </RSIMP>
      <RSIMP>
       <PARAMETER>IT_FIELDCAT</PARAMETER>
       <DBFIELD/>
       <DEFAULT/>
       <TYPES/>
       <OPTIONAL>X</OPTIONAL>
       <REFERENCE>X</REFERENCE>
       <CHANGING/>
       <TYP>LVC_T_FCAT</TYP>
       <CLASS/>
       <REF_CLASS/>
       <LINE_OF/>
       <TABLE_OF/>
      </RSIMP>
      <RSIMP>
       <PARAMETER>I_GRID_TITLE</PARAMETER>
       <DBFIELD/>
       <DEFAULT/>
       <TYPES/>
       <OPTIONAL>X</OPTIONAL>
       <REFERENCE>X</REFERENCE>
       <CHANGING/>
       <TYP>LVC_TITLE</TYP>
       <CLASS/>
       <REF_CLASS/>
       <LINE_OF/>
       <TABLE_OF/>
      </RSIMP>
      <RSIMP>
       <PARAMETER>I_GRID_SETTINGS</PARAMETER>
       <DBFIELD/>
       <DEFAULT/>
       <TYPES/>
       <OPTIONAL>X</OPTIONAL>
       <REFERENCE>X</REFERENCE>
       <CHANGING/>
       <TYP>LVC_S_GLAY</TYP>
       <CLASS/>
       <REF_CLASS/>
       <LINE_OF/>
       <TABLE_OF/>
      </RSIMP>
      <RSIMP>
       <PARAMETER>IS_LAYOUT_LVC</PARAMETER>
       <DBFIELD/>
       <DEFAULT/>
       <TYPES/>
       <OPTIONAL>X</OPTIONAL>
       <REFERENCE/>
       <CHANGING/>
       <TYP>LVC_S_LAYO</TYP>
       <CLASS/>
       <REF_CLASS/>
       <LINE_OF/>
       <TABLE_OF/>
      </RSIMP>
      <RSIMP>
       <PARAMETER>IT_EXCLUDING</PARAMETER>
       <DBFIELD/>
       <DEFAULT/>
       <TYPES/>
       <OPTIONAL>X</OPTIONAL>
       <REFERENCE>X</REFERENCE>
       <CHANGING/>
       <TYP>UI_FUNCTIONS</TYP>
       <CLASS/>
       <REF_CLASS/>
       <LINE_OF/>
       <TABLE_OF/>
      </RSIMP>
      <RSIMP>
       <PARAMETER>IT_SPECIAL_GROUPS_LVC</PARAMETER>
       <DBFIELD/>
       <DEFAULT/>
       <TYPES/>
       <OPTIONAL>X</OPTIONAL>
       <REFERENCE>X</REFERENCE>
       <CHANGING/>
       <TYP>LVC_T_SGRP</TYP>
       <CLASS/>
       <REF_CLASS/>
       <LINE_OF/>
       <TABLE_OF/>
      </RSIMP>
      <RSIMP>
       <PARAMETER>IT_SORT_LVC</PARAMETER>
       <DBFIELD/>
       <DEFAULT/>
       <TYPES/>
       <OPTIONAL>X</OPTIONAL>
       <REFERENCE>X</REFERENCE>
       <CHANGING/>
       <TYP>LVC_T_SORT</TYP>
       <CLASS/>
       <REF_CLASS/>
       <LINE_OF/>
       <TABLE_OF/>
      </RSIMP>
      <RSIMP>
       <PARAMETER>IT_FILTER_LVC</PARAMETER>
       <DBFIELD/>
       <DEFAULT/>
       <TYPES/>
       <OPTIONAL>X</OPTIONAL>
       <REFERENCE>X</REFERENCE>
       <CHANGING/>
       <TYP>LVC_T_FILT</TYP>
       <CLASS/>
       <REF_CLASS/>
       <LINE_OF/>
       <TABLE_OF/>
      </RSIMP>
      <RSIMP>
       <PARAMETER>IT_HYPERLINK</PARAMETER>
       <DBFIELD/>
       <DEFAULT/>
       <TYPES/>
       <OPTIONAL>X</OPTIONAL>
       <REFERENCE>X</REFERENCE>
       <CHANGING/>
       <TYP>LVC_T_HYPE</TYP>
       <CLASS/>
       <REF_CLASS/>
       <LINE_OF/>
       <TABLE_OF/>
      </RSIMP>
      <RSIMP>
       <PARAMETER>IS_SEL_HIDE</PARAMETER>
       <DBFIELD/>
       <DEFAULT/>
       <TYPES/>
       <OPTIONAL>X</OPTIONAL>
       <REFERENCE>X</REFERENCE>
       <CHANGING/>
       <TYP>SLIS_SEL_HIDE_ALV</TYP>
       <CLASS/>
       <REF_CLASS/>
       <LINE_OF/>
       <TABLE_OF/>
      </RSIMP>
      <RSIMP>
       <PARAMETER>I_DEFAULT</PARAMETER>
       <DBFIELD/>
       <DEFAULT>&apos;X&apos;</DEFAULT>
       <TYPES/>
       <OPTIONAL>X</OPTIONAL>
       <REFERENCE>X</REFERENCE>
       <CHANGING/>
       <TYP/>
       <CLASS/>
       <REF_CLASS/>
       <LINE_OF/>
       <TABLE_OF/>
      </RSIMP>
      <RSIMP>
       <PARAMETER>I_SAVE</PARAMETER>
       <DBFIELD/>
       <DEFAULT>&apos;U&apos;</DEFAULT>
       <TYPES/>
       <OPTIONAL>X</OPTIONAL>
       <REFERENCE/>
       <CHANGING/>
       <TYP/>
       <CLASS/>
       <REF_CLASS/>
       <LINE_OF/>
       <TABLE_OF/>
      </RSIMP>
      <RSIMP>
       <PARAMETER>IS_VARIANT</PARAMETER>
       <DBFIELD/>
       <DEFAULT/>
       <TYPES/>
       <OPTIONAL>X</OPTIONAL>
       <REFERENCE/>
       <CHANGING/>
       <TYP>DISVARIANT</TYP>
       <CLASS/>
       <REF_CLASS/>
       <LINE_OF/>
       <TABLE_OF/>
      </RSIMP>
      <RSIMP>
       <PARAMETER>IT_EVENTS</PARAMETER>
       <DBFIELD/>
       <DEFAULT/>
       <TYPES/>
       <OPTIONAL>X</OPTIONAL>
       <REFERENCE>X</REFERENCE>
       <CHANGING/>
       <TYP>SLIS_T_EVENT</TYP>
       <CLASS/>
       <REF_CLASS/>
       <LINE_OF/>
       <TABLE_OF/>
      </RSIMP>
      <RSIMP>
       <PARAMETER>IT_EVENT_EXIT</PARAMETER>
       <DBFIELD/>
       <DEFAULT/>
       <TYPES/>
       <OPTIONAL>X</OPTIONAL>
       <REFERENCE>X</REFERENCE>
       <CHANGING/>
       <TYP>SLIS_T_EVENT_EXIT</TYP>
       <CLASS/>
       <REF_CLASS/>
       <LINE_OF/>
       <TABLE_OF/>
      </RSIMP>
      <RSIMP>
       <PARAMETER>IS_PRINT_LVC</PARAMETER>
       <DBFIELD/>
       <DEFAULT/>
       <TYPES/>
       <OPTIONAL>X</OPTIONAL>
       <REFERENCE>X</REFERENCE>
       <CHANGING/>
       <TYP>LVC_S_PRNT</TYP>
       <CLASS/>
       <REF_CLASS/>
       <LINE_OF/>
       <TABLE_OF/>
      </RSIMP>
      <RSIMP>
       <PARAMETER>IS_REPREP_ID_LVC</PARAMETER>
       <DBFIELD/>
       <DEFAULT/>
       <TYPES/>
       <OPTIONAL>X</OPTIONAL>
       <REFERENCE>X</REFERENCE>
       <CHANGING/>
       <TYP>LVC_S_RPRP</TYP>
       <CLASS/>
       <REF_CLASS/>
       <LINE_OF/>
       <TABLE_OF/>
      </RSIMP>
      <RSIMP>
       <PARAMETER>I_SCREEN_START_COLUMN</PARAMETER>
       <DBFIELD/>
       <DEFAULT>0</DEFAULT>
       <TYPES/>
       <OPTIONAL>X</OPTIONAL>
       <REFERENCE>X</REFERENCE>
       <CHANGING/>
       <TYP/>
       <CLASS/>
       <REF_CLASS/>
       <LINE_OF/>
       <TABLE_OF/>
      </RSIMP>
      <RSIMP>
       <PARAMETER>I_SCREEN_START_LINE</PARAMETER>
       <DBFIELD/>
       <DEFAULT>0</DEFAULT>
       <TYPES/>
       <OPTIONAL>X</OPTIONAL>
       <REFERENCE>X</REFERENCE>
       <CHANGING/>
       <TYP/>
       <CLASS/>
       <REF_CLASS/>
       <LINE_OF/>
       <TABLE_OF/>
      </RSIMP>
      <RSIMP>
       <PARAMETER>I_SCREEN_END_COLUMN</PARAMETER>
       <DBFIELD/>
       <DEFAULT>0</DEFAULT>
       <TYPES/>
       <OPTIONAL>X</OPTIONAL>
       <REFERENCE>X</REFERENCE>
       <CHANGING/>
       <TYP/>
       <CLASS/>
       <REF_CLASS/>
       <LINE_OF/>
       <TABLE_OF/>
      </RSIMP>
      <RSIMP>
       <PARAMETER>I_SCREEN_END_LINE</PARAMETER>
       <DBFIELD/>
       <DEFAULT>0</DEFAULT>
       <TYPES/>
       <OPTIONAL>X</OPTIONAL>
       <REFERENCE>X</REFERENCE>
       <CHANGING/>
       <TYP/>
       <CLASS/>
       <REF_CLASS/>
       <LINE_OF/>
       <TABLE_OF/>
      </RSIMP>
      <RSIMP>
       <PARAMETER>I_HTML_HEIGHT_TOP</PARAMETER>
       <DBFIELD/>
       <DEFAULT/>
       <TYPES/>
       <OPTIONAL>X</OPTIONAL>
       <REFERENCE>X</REFERENCE>
       <CHANGING/>
       <TYP>I</TYP>
       <CLASS/>
       <REF_CLASS/>
       <LINE_OF/>
       <TABLE_OF/>
      </RSIMP>
      <RSIMP>
       <PARAMETER>I_HTML_HEIGHT_END</PARAMETER>
       <DBFIELD/>
       <DEFAULT/>
       <TYPES/>
       <OPTIONAL>X</OPTIONAL>
       <REFERENCE>X</REFERENCE>
       <CHANGING/>
       <TYP>I</TYP>
       <CLASS/>
       <REF_CLASS/>
       <LINE_OF/>
       <TABLE_OF/>
      </RSIMP>
      <RSIMP>
       <PARAMETER>IT_ALV_GRAPHICS</PARAMETER>
       <DBFIELD/>
       <DEFAULT/>
       <TYPES/>
       <OPTIONAL>X</OPTIONAL>
       <REFERENCE>X</REFERENCE>
       <CHANGING/>
       <TYP>DTC_T_TC</TYP>
       <CLASS/>
       <REF_CLASS/>
       <LINE_OF/>
       <TABLE_OF/>
      </RSIMP>
      <RSIMP>
       <PARAMETER>IT_EXCEPT_QINFO_LVC</PARAMETER>
       <DBFIELD/>
       <DEFAULT/>
       <TYPES/>
       <OPTIONAL>X</OPTIONAL>
       <REFERENCE>X</REFERENCE>
       <CHANGING/>
       <TYP>SLIS_T_QINFO_ALV</TYP>
       <CLASS/>
       <REF_CLASS/>
       <LINE_OF/>
       <TABLE_OF/>
      </RSIMP>
      <RSIMP>
       <PARAMETER>IR_SALV_FULLSCREEN_ADAPTER</PARAMETER>
       <DBFIELD/>
       <DEFAULT/>
       <TYPES/>
       <OPTIONAL>X</OPTIONAL>
       <REFERENCE>X</REFERENCE>
       <CHANGING/>
       <TYP>REF TO CL_SALV_FULLSCREEN_ADAPTER</TYP>
       <CLASS/>
       <REF_CLASS>X</REF_CLASS>
       <LINE_OF/>
       <TABLE_OF/>
      </RSIMP>
      <RSIMP>
       <PARAMETER>I_BYPASSING_BUFFER</PARAMETER>
       <DBFIELD/>
       <DEFAULT/>
       <TYPES/>
       <OPTIONAL>X</OPTIONAL>
       <REFERENCE>X</REFERENCE>
       <CHANGING/>
       <TYP>XMARK</TYP>
       <CLASS/>
       <REF_CLASS/>
       <LINE_OF/>
       <TABLE_OF/>
      </RSIMP>
      <RSIMP>
       <PARAMETER>I_SHOW_TOTAL_INFO</PARAMETER>
       <DBFIELD/>
       <DEFAULT>&apos;X&apos;</DEFAULT>
       <TYPES/>
       <OPTIONAL>X</OPTIONAL>
       <REFERENCE>X</REFERENCE>
       <CHANGING/>
       <TYP>XMARK</TYP>
       <CLASS/>
       <REF_CLASS/>
       <LINE_OF/>
       <TABLE_OF/>
      </RSIMP>
     </IMPORT>
     <CHANGING/>
     <EXPORT/>
     <TABLES>
      <RSTBL>
       <PARAMETER>T_OUTTAB</PARAMETER>
       <DBSTRUCT/>
       <TYPES/>
       <OPTIONAL/>
       <TYP/>
       <CLASS/>
       <REF_CLASS/>
       <LINE_OF/>
       <TABLE_OF/>
      </RSTBL>
     </TABLES>
     <EXCEPTION/>
     <DOCUMENTATION>
      <RSFDO>
       <PARAMETER>I_LASTCOL</PARAMETER>
       <KIND>P</KIND>
       <STEXT>Natural Number</STEXT>
       <INDEX> 001</INDEX>
      </RSFDO>
      <RSFDO>
       <PARAMETER>IT_HEADER</PARAMETER>
       <KIND>P</KIND>
       <STEXT>ALV header</STEXT>
       <INDEX> 002</INDEX>
      </RSFDO>
      <RSFDO>
       <PARAMETER>I_CALLBACK_PROGRAM</PARAMETER>
       <KIND>P</KIND>
       <STEXT>Name of the calling program</STEXT>
       <INDEX> 003</INDEX>
      </RSFDO>
      <RSFDO>
       <PARAMETER>I_CALLBACK_PF_STATUS_SET</PARAMETER>
       <KIND>P</KIND>
       <STEXT>Set EXIT routine to status</STEXT>
       <INDEX> 004</INDEX>
      </RSFDO>
      <RSFDO>
       <PARAMETER>I_CALLBACK_USER_COMMAND</PARAMETER>
       <KIND>P</KIND>
       <STEXT>EXIT routine for command handling</STEXT>
       <INDEX> 005</INDEX>
      </RSFDO>
      <RSFDO>
       <PARAMETER>I_CALLBACK_TOP_OF_PAGE</PARAMETER>
       <KIND>P</KIND>
       <STEXT>EXIT routine for handling TOP-OF-PAGE</STEXT>
       <INDEX> 006</INDEX>
      </RSFDO>
      <RSFDO>
       <PARAMETER>I_CALLBACK_HTML_END_OF_LIST</PARAMETER>
       <KIND>P</KIND>
       <STEXT>EXIT routine for HTML END-OF-LIST</STEXT>
       <INDEX> 007</INDEX>
      </RSFDO>
      <RSFDO>
       <PARAMETER>I_STRUCTURE_NAME</PARAMETER>
       <KIND>P</KIND>
       <STEXT>Table Name</STEXT>
       <INDEX> 008</INDEX>
      </RSFDO>
      <RSFDO>
       <PARAMETER>IT_FIELDCAT</PARAMETER>
       <KIND>P</KIND>
       <STEXT>Field Catalog for List Viewer Control</STEXT>
       <INDEX> 009</INDEX>
      </RSFDO>
      <RSFDO>
       <PARAMETER>I_GRID_TITLE</PARAMETER>
       <KIND>P</KIND>
       <STEXT>ALV Control: Title bar text</STEXT>
       <INDEX> 010</INDEX>
      </RSFDO>
      <RSFDO>
       <PARAMETER>I_GRID_SETTINGS</PARAMETER>
       <KIND>P</KIND>
       <STEXT>Grid settings</STEXT>
       <INDEX> 011</INDEX>
      </RSFDO>
      <RSFDO>
       <PARAMETER>IS_LAYOUT_LVC</PARAMETER>
       <KIND>P</KIND>
       <STEXT>ALV control: Layout structure</STEXT>
       <INDEX> 012</INDEX>
      </RSFDO>
      <RSFDO>
       <PARAMETER>IT_EXCLUDING</PARAMETER>
       <KIND>P</KIND>
       <STEXT>Function Code Table</STEXT>
       <INDEX> 013</INDEX>
      </RSFDO>
      <RSFDO>
       <PARAMETER>IT_SPECIAL_GROUPS_LVC</PARAMETER>
       <KIND>P</KIND>
       <STEXT>ALV control: Table of field groups</STEXT>
       <INDEX> 014</INDEX>
      </RSFDO>
      <RSFDO>
       <PARAMETER>IT_SORT_LVC</PARAMETER>
       <KIND>P</KIND>
       <STEXT>ALV Control: Table of Sort Criteria</STEXT>
       <INDEX> 015</INDEX>
      </RSFDO>
      <RSFDO>
       <PARAMETER>IT_FILTER_LVC</PARAMETER>
       <KIND>P</KIND>
       <STEXT>ALV control: Table of filter conditions</STEXT>
       <INDEX> 016</INDEX>
      </RSFDO>
      <RSFDO>
       <PARAMETER>IT_HYPERLINK</PARAMETER>
       <KIND>P</KIND>
       <STEXT>ALV Control: Hyperlinks</STEXT>
       <INDEX> 017</INDEX>
      </RSFDO>
      <RSFDO>
       <PARAMETER>IS_SEL_HIDE</PARAMETER>
       <KIND>P</KIND>
       <STEXT/>
       <INDEX> 018</INDEX>
      </RSFDO>
      <RSFDO>
       <PARAMETER>I_DEFAULT</PARAMETER>
       <KIND>P</KIND>
       <STEXT/>
       <INDEX> 019</INDEX>
      </RSFDO>
      <RSFDO>
       <PARAMETER>I_SAVE</PARAMETER>
       <KIND>P</KIND>
       <STEXT/>
       <INDEX> 020</INDEX>
      </RSFDO>
      <RSFDO>
       <PARAMETER>IS_VARIANT</PARAMETER>
       <KIND>P</KIND>
       <STEXT>Layout (External Use)</STEXT>
       <INDEX> 021</INDEX>
      </RSFDO>
      <RSFDO>
       <PARAMETER>IT_EVENTS</PARAMETER>
       <KIND>P</KIND>
       <STEXT/>
       <INDEX> 022</INDEX>
      </RSFDO>
      <RSFDO>
       <PARAMETER>IT_EVENT_EXIT</PARAMETER>
       <KIND>P</KIND>
       <STEXT/>
       <INDEX> 023</INDEX>
      </RSFDO>
      <RSFDO>
       <PARAMETER>IS_PRINT_LVC</PARAMETER>
       <KIND>P</KIND>
       <STEXT>Print settings for LVC</STEXT>
       <INDEX> 024</INDEX>
      </RSFDO>
      <RSFDO>
       <PARAMETER>IS_REPREP_ID_LVC</PARAMETER>
       <KIND>P</KIND>
       <STEXT>ALV control: Report/report interface</STEXT>
       <INDEX> 025</INDEX>
      </RSFDO>
      <RSFDO>
       <PARAMETER>I_SCREEN_START_COLUMN</PARAMETER>
       <KIND>P</KIND>
       <STEXT/>
       <INDEX> 026</INDEX>
      </RSFDO>
      <RSFDO>
       <PARAMETER>I_SCREEN_START_LINE</PARAMETER>
       <KIND>P</KIND>
       <STEXT/>
       <INDEX> 027</INDEX>
      </RSFDO>
      <RSFDO>
       <PARAMETER>I_SCREEN_END_COLUMN</PARAMETER>
       <KIND>P</KIND>
       <STEXT/>
       <INDEX> 028</INDEX>
      </RSFDO>
      <RSFDO>
       <PARAMETER>I_SCREEN_END_LINE</PARAMETER>
       <KIND>P</KIND>
       <STEXT/>
       <INDEX> 029</INDEX>
      </RSFDO>
      <RSFDO>
       <PARAMETER>I_HTML_HEIGHT_TOP</PARAMETER>
       <KIND>P</KIND>
       <STEXT/>
       <INDEX> 030</INDEX>
      </RSFDO>
      <RSFDO>
       <PARAMETER>I_HTML_HEIGHT_END</PARAMETER>
       <KIND>P</KIND>
       <STEXT/>
       <INDEX> 031</INDEX>
      </RSFDO>
      <RSFDO>
       <PARAMETER>IT_ALV_GRAPHICS</PARAMETER>
       <KIND>P</KIND>
       <STEXT>Table of structure DTC_S_TC</STEXT>
       <INDEX> 032</INDEX>
      </RSFDO>
      <RSFDO>
       <PARAMETER>IT_EXCEPT_QINFO_LVC</PARAMETER>
       <KIND>P</KIND>
       <STEXT/>
       <INDEX> 033</INDEX>
      </RSFDO>
      <RSFDO>
       <PARAMETER>IR_SALV_FULLSCREEN_ADAPTER</PARAMETER>
       <KIND>P</KIND>
       <STEXT>ALV: Adapter for Output of Data in a List</STEXT>
       <INDEX> 034</INDEX>
      </RSFDO>
      <RSFDO>
       <PARAMETER>I_BYPASSING_BUFFER</PARAMETER>
       <KIND>P</KIND>
       <STEXT>No Buffer catalog</STEXT>
       <INDEX> 035</INDEX>
      </RSFDO>
      <RSFDO>
       <PARAMETER>I_SHOW_TOTAL_INFO</PARAMETER>
       <KIND>P</KIND>
       <STEXT>Show total info</STEXT>
       <INDEX> 036</INDEX>
      </RSFDO>
      <RSFDO>
       <PARAMETER>T_OUTTAB</PARAMETER>
       <KIND>P</KIND>
       <STEXT/>
       <INDEX> 037</INDEX>
      </RSFDO>
     </DOCUMENTATION>
    </item>
    <item>
     <FUNCNAME>ZFM_ALV_DISPLAY_SCR</FUNCNAME>
     <INCLUDE>LZFG_COMMONU23</INCLUDE>
     <GLOBAL_FLAG/>
     <REMOTE_CALL/>
     <UPDATE_TASK/>
     <SHORT_TEXT>Display data using ALV on a defined screen</SHORT_TEXT>
     <REMOTE_BASXML/>
     <IMPORT>
      <RSIMP>
       <PARAMETER>I_CPROG</PARAMETER>
       <DBFIELD/>
       <DEFAULT>SY-CPROG</DEFAULT>
       <TYPES/>
       <OPTIONAL>X</OPTIONAL>
       <REFERENCE>X</REFERENCE>
       <CHANGING/>
       <TYP>CPROG</TYP>
       <CLASS/>
       <REF_CLASS/>
       <LINE_OF/>
       <TABLE_OF/>
      </RSIMP>
      <RSIMP>
       <PARAMETER>I_DYNNR</PARAMETER>
       <DBFIELD/>
       <DEFAULT>SY-DYNNR</DEFAULT>
       <TYPES/>
       <OPTIONAL>X</OPTIONAL>
       <REFERENCE>X</REFERENCE>
       <CHANGING/>
       <TYP>DYNNR</TYP>
       <CLASS/>
       <REF_CLASS/>
       <LINE_OF/>
       <TABLE_OF/>
      </RSIMP>
      <RSIMP>
       <PARAMETER>I_CUS_CONTROL_NAME</PARAMETER>
       <DBFIELD/>
       <DEFAULT/>
       <TYPES/>
       <OPTIONAL>X</OPTIONAL>
       <REFERENCE>X</REFERENCE>
       <CHANGING/>
       <TYP>SCRFNAME</TYP>
       <CLASS/>
       <REF_CLASS/>
       <LINE_OF/>
       <TABLE_OF/>
      </RSIMP>
      <RSIMP>
       <PARAMETER>I_EXTENSION</PARAMETER>
       <DBFIELD/>
       <DEFAULT>100</DEFAULT>
       <TYPES/>
       <OPTIONAL>X</OPTIONAL>
       <REFERENCE>X</REFERENCE>
       <CHANGING/>
       <TYP>INT4</TYP>
       <CLASS/>
       <REF_CLASS/>
       <LINE_OF/>
       <TABLE_OF/>
      </RSIMP>
      <RSIMP>
       <PARAMETER>I_SIDE</PARAMETER>
       <DBFIELD/>
       <DEFAULT/>
       <TYPES/>
       <OPTIONAL>X</OPTIONAL>
       <REFERENCE>X</REFERENCE>
       <CHANGING/>
       <TYP>I</TYP>
       <CLASS/>
       <REF_CLASS/>
       <LINE_OF/>
       <TABLE_OF/>
      </RSIMP>
      <RSIMP>
       <PARAMETER>I_LASTCOL</PARAMETER>
       <DBFIELD/>
       <DEFAULT/>
       <TYPES/>
       <OPTIONAL>X</OPTIONAL>
       <REFERENCE>X</REFERENCE>
       <CHANGING/>
       <TYP>I</TYP>
       <CLASS/>
       <REF_CLASS/>
       <LINE_OF/>
       <TABLE_OF/>
      </RSIMP>
      <RSIMP>
       <PARAMETER>I_BUFFER_ACTIVE</PARAMETER>
       <DBFIELD/>
       <DEFAULT/>
       <TYPES/>
       <OPTIONAL>X</OPTIONAL>
       <REFERENCE>X</REFERENCE>
       <CHANGING/>
       <TYP>ANY</TYP>
       <CLASS/>
       <REF_CLASS/>
       <LINE_OF/>
       <TABLE_OF/>
      </RSIMP>
      <RSIMP>
       <PARAMETER>I_BYPASSING_BUFFER</PARAMETER>
       <DBFIELD/>
       <DEFAULT/>
       <TYPES/>
       <OPTIONAL>X</OPTIONAL>
       <REFERENCE>X</REFERENCE>
       <CHANGING/>
       <TYP>CHAR01</TYP>
       <CLASS/>
       <REF_CLASS/>
       <LINE_OF/>
       <TABLE_OF/>
      </RSIMP>
      <RSIMP>
       <PARAMETER>I_CONSISTENCY_CHECK</PARAMETER>
       <DBFIELD/>
       <DEFAULT/>
       <TYPES/>
       <OPTIONAL>X</OPTIONAL>
       <REFERENCE>X</REFERENCE>
       <CHANGING/>
       <TYP>CHAR1</TYP>
       <CLASS/>
       <REF_CLASS/>
       <LINE_OF/>
       <TABLE_OF/>
      </RSIMP>
      <RSIMP>
       <PARAMETER>I_STRUCTURE_NAME</PARAMETER>
       <DBFIELD/>
       <DEFAULT/>
       <TYPES/>
       <OPTIONAL>X</OPTIONAL>
       <REFERENCE>X</REFERENCE>
       <CHANGING/>
       <TYP>DD02L-TABNAME</TYP>
       <CLASS/>
       <REF_CLASS/>
       <LINE_OF/>
       <TABLE_OF/>
      </RSIMP>
      <RSIMP>
       <PARAMETER>IS_VARIANT</PARAMETER>
       <DBFIELD/>
       <DEFAULT/>
       <TYPES/>
       <OPTIONAL>X</OPTIONAL>
       <REFERENCE/>
       <CHANGING/>
       <TYP>DISVARIANT</TYP>
       <CLASS/>
       <REF_CLASS/>
       <LINE_OF/>
       <TABLE_OF/>
      </RSIMP>
      <RSIMP>
       <PARAMETER>I_SAVE</PARAMETER>
       <DBFIELD/>
       <DEFAULT>&apos;U&apos;</DEFAULT>
       <TYPES/>
       <OPTIONAL>X</OPTIONAL>
       <REFERENCE/>
       <CHANGING/>
       <TYP>CHAR01</TYP>
       <CLASS/>
       <REF_CLASS/>
       <LINE_OF/>
       <TABLE_OF/>
      </RSIMP>
      <RSIMP>
       <PARAMETER>I_DEFAULT</PARAMETER>
       <DBFIELD/>
       <DEFAULT>&apos;X&apos;</DEFAULT>
       <TYPES/>
       <OPTIONAL>X</OPTIONAL>
       <REFERENCE>X</REFERENCE>
       <CHANGING/>
       <TYP>CHAR01</TYP>
       <CLASS/>
       <REF_CLASS/>
       <LINE_OF/>
       <TABLE_OF/>
      </RSIMP>
      <RSIMP>
       <PARAMETER>IS_LAYOUT</PARAMETER>
       <DBFIELD/>
       <DEFAULT/>
       <TYPES/>
       <OPTIONAL>X</OPTIONAL>
       <REFERENCE/>
       <CHANGING/>
       <TYP>LVC_S_LAYO</TYP>
       <CLASS/>
       <REF_CLASS/>
       <LINE_OF/>
       <TABLE_OF/>
      </RSIMP>
      <RSIMP>
       <PARAMETER>IS_PRINT</PARAMETER>
       <DBFIELD/>
       <DEFAULT/>
       <TYPES/>
       <OPTIONAL>X</OPTIONAL>
       <REFERENCE>X</REFERENCE>
       <CHANGING/>
       <TYP>LVC_S_PRNT</TYP>
       <CLASS/>
       <REF_CLASS/>
       <LINE_OF/>
       <TABLE_OF/>
      </RSIMP>
      <RSIMP>
       <PARAMETER>IT_SPECIAL_GROUPS</PARAMETER>
       <DBFIELD/>
       <DEFAULT/>
       <TYPES/>
       <OPTIONAL>X</OPTIONAL>
       <REFERENCE>X</REFERENCE>
       <CHANGING/>
       <TYP>LVC_T_SGRP</TYP>
       <CLASS/>
       <REF_CLASS/>
       <LINE_OF/>
       <TABLE_OF/>
      </RSIMP>
      <RSIMP>
       <PARAMETER>IT_TOOLBAR_EXCLUDING</PARAMETER>
       <DBFIELD/>
       <DEFAULT/>
       <TYPES/>
       <OPTIONAL>X</OPTIONAL>
       <REFERENCE>X</REFERENCE>
       <CHANGING/>
       <TYP>UI_FUNCTIONS</TYP>
       <CLASS/>
       <REF_CLASS/>
       <LINE_OF/>
       <TABLE_OF/>
      </RSIMP>
      <RSIMP>
       <PARAMETER>IT_HYPERLINK</PARAMETER>
       <DBFIELD/>
       <DEFAULT/>
       <TYPES/>
       <OPTIONAL>X</OPTIONAL>
       <REFERENCE>X</REFERENCE>
       <CHANGING/>
       <TYP>LVC_T_HYPE</TYP>
       <CLASS/>
       <REF_CLASS/>
       <LINE_OF/>
       <TABLE_OF/>
      </RSIMP>
      <RSIMP>
       <PARAMETER>IT_ALV_GRAPHICS</PARAMETER>
       <DBFIELD/>
       <DEFAULT/>
       <TYPES/>
       <OPTIONAL>X</OPTIONAL>
       <REFERENCE>X</REFERENCE>
       <CHANGING/>
       <TYP>DTC_T_TC</TYP>
       <CLASS/>
       <REF_CLASS/>
       <LINE_OF/>
       <TABLE_OF/>
      </RSIMP>
      <RSIMP>
       <PARAMETER>IT_EXCEPT_QINFO</PARAMETER>
       <DBFIELD/>
       <DEFAULT/>
       <TYPES/>
       <OPTIONAL>X</OPTIONAL>
       <REFERENCE>X</REFERENCE>
       <CHANGING/>
       <TYP>LVC_T_QINF</TYP>
       <CLASS/>
       <REF_CLASS/>
       <LINE_OF/>
       <TABLE_OF/>
      </RSIMP>
      <RSIMP>
       <PARAMETER>IR_SALV_ADAPTER</PARAMETER>
       <DBFIELD/>
       <DEFAULT/>
       <TYPES/>
       <OPTIONAL>X</OPTIONAL>
       <REFERENCE>X</REFERENCE>
       <CHANGING/>
       <TYP>REF TO IF_SALV_ADAPTER</TYP>
       <CLASS/>
       <REF_CLASS>X</REF_CLASS>
       <LINE_OF/>
       <TABLE_OF/>
      </RSIMP>
      <RSIMP>
       <PARAMETER>I_SHOW_TOTAL_INFO</PARAMETER>
       <DBFIELD/>
       <DEFAULT>&apos;X&apos;</DEFAULT>
       <TYPES/>
       <OPTIONAL>X</OPTIONAL>
       <REFERENCE>X</REFERENCE>
       <CHANGING/>
       <TYP>XMARK</TYP>
       <CLASS/>
       <REF_CLASS/>
       <LINE_OF/>
       <TABLE_OF/>
      </RSIMP>
      <RSIMP>
       <PARAMETER>I_SHOW_ERRBTN</PARAMETER>
       <DBFIELD/>
       <DEFAULT/>
       <TYPES/>
       <OPTIONAL>X</OPTIONAL>
       <REFERENCE>X</REFERENCE>
       <CHANGING/>
       <TYP>XMARK</TYP>
       <CLASS/>
       <REF_CLASS/>
       <LINE_OF/>
       <TABLE_OF/>
      </RSIMP>
      <RSIMP>
       <PARAMETER>I_HIDE_ERRLINE</PARAMETER>
       <DBFIELD/>
       <DEFAULT/>
       <TYPES/>
       <OPTIONAL>X</OPTIONAL>
       <REFERENCE>X</REFERENCE>
       <CHANGING/>
       <TYP>XMARK</TYP>
       <CLASS/>
       <REF_CLASS/>
       <LINE_OF/>
       <TABLE_OF/>
      </RSIMP>
      <RSIMP>
       <PARAMETER>I_CALLBACK_PROGRAM</PARAMETER>
       <DBFIELD/>
       <DEFAULT/>
       <TYPES/>
       <OPTIONAL>X</OPTIONAL>
       <REFERENCE>X</REFERENCE>
       <CHANGING/>
       <TYP>SY-REPID</TYP>
       <CLASS/>
       <REF_CLASS/>
       <LINE_OF/>
       <TABLE_OF/>
      </RSIMP>
      <RSIMP>
       <PARAMETER>I_CALLBACK_BUTTON_CLICK</PARAMETER>
       <DBFIELD/>
       <DEFAULT/>
       <TYPES/>
       <OPTIONAL>X</OPTIONAL>
       <REFERENCE>X</REFERENCE>
       <CHANGING/>
       <TYP>SLIS_FORMNAME</TYP>
       <CLASS/>
       <REF_CLASS/>
       <LINE_OF/>
       <TABLE_OF/>
      </RSIMP>
      <RSIMP>
       <PARAMETER>I_CALLBACK_HOSPOT_CLICK</PARAMETER>
       <DBFIELD/>
       <DEFAULT/>
       <TYPES/>
       <OPTIONAL>X</OPTIONAL>
       <REFERENCE>X</REFERENCE>
       <CHANGING/>
       <TYP>SLIS_FORMNAME</TYP>
       <CLASS/>
       <REF_CLASS/>
       <LINE_OF/>
       <TABLE_OF/>
      </RSIMP>
     </IMPORT>
     <CHANGING>
      <RSCHA>
       <PARAMETER>IT_OUTTAB</PARAMETER>
       <DBFIELD/>
       <DEFAULT/>
       <TYPES/>
       <OPTIONAL/>
       <REFERENCE>X</REFERENCE>
       <CHANGING/>
       <TYP>STANDARD TABLE</TYP>
       <CLASS/>
       <REF_CLASS/>
       <LINE_OF/>
       <TABLE_OF/>
      </RSCHA>
      <RSCHA>
       <PARAMETER>IT_FIELDCATALOG</PARAMETER>
       <DBFIELD/>
       <DEFAULT/>
       <TYPES/>
       <OPTIONAL>X</OPTIONAL>
       <REFERENCE>X</REFERENCE>
       <CHANGING/>
       <TYP>LVC_T_FCAT</TYP>
       <CLASS/>
       <REF_CLASS/>
       <LINE_OF/>
       <TABLE_OF/>
      </RSCHA>
      <RSCHA>
       <PARAMETER>IT_SORT</PARAMETER>
       <DBFIELD/>
       <DEFAULT/>
       <TYPES/>
       <OPTIONAL>X</OPTIONAL>
       <REFERENCE>X</REFERENCE>
       <CHANGING/>
       <TYP>LVC_T_SORT</TYP>
       <CLASS/>
       <REF_CLASS/>
       <LINE_OF/>
       <TABLE_OF/>
      </RSCHA>
      <RSCHA>
       <PARAMETER>IT_FILTER</PARAMETER>
       <DBFIELD/>
       <DEFAULT/>
       <TYPES/>
       <OPTIONAL>X</OPTIONAL>
       <REFERENCE>X</REFERENCE>
       <CHANGING/>
       <TYP>LVC_T_FILT</TYP>
       <CLASS/>
       <REF_CLASS/>
       <LINE_OF/>
       <TABLE_OF/>
      </RSCHA>
     </CHANGING>
     <EXPORT>
      <RSEXP>
       <PARAMETER>E_ALV_GRID</PARAMETER>
       <DBFIELD/>
       <TYPES/>
       <REFERENCE>X</REFERENCE>
       <TYP>REF TO CL_GUI_ALV_GRID</TYP>
       <CLASS/>
       <REF_CLASS>X</REF_CLASS>
       <LINE_OF/>
       <TABLE_OF/>
      </RSEXP>
      <RSEXP>
       <PARAMETER>E_DOCKING</PARAMETER>
       <DBFIELD/>
       <TYPES/>
       <REFERENCE>X</REFERENCE>
       <TYP>REF TO CL_GUI_DOCKING_CONTAINER</TYP>
       <CLASS/>
       <REF_CLASS>X</REF_CLASS>
       <LINE_OF/>
       <TABLE_OF/>
      </RSEXP>
      <RSEXP>
       <PARAMETER>E_CUS_CONTAINER</PARAMETER>
       <DBFIELD/>
       <TYPES/>
       <REFERENCE>X</REFERENCE>
       <TYP>REF TO CL_GUI_CUSTOM_CONTAINER</TYP>
       <CLASS/>
       <REF_CLASS>X</REF_CLASS>
       <LINE_OF/>
       <TABLE_OF/>
      </RSEXP>
     </EXPORT>
     <TABLES/>
     <EXCEPTION/>
     <DOCUMENTATION>
      <RSFDO>
       <PARAMETER>I_CPROG</PARAMETER>
       <KIND>P</KIND>
       <STEXT>CALL program</STEXT>
       <INDEX> 001</INDEX>
      </RSFDO>
      <RSFDO>
       <PARAMETER>I_DYNNR</PARAMETER>
       <KIND>P</KIND>
       <STEXT>Call screen</STEXT>
       <INDEX> 002</INDEX>
      </RSFDO>
      <RSFDO>
       <PARAMETER>I_CUS_CONTROL_NAME</PARAMETER>
       <KIND>P</KIND>
       <STEXT>Custom control name (User Custom control)</STEXT>
       <INDEX> 003</INDEX>
      </RSFDO>
      <RSFDO>
       <PARAMETER>I_EXTENSION</PARAMETER>
       <KIND>P</KIND>
       <STEXT>Extension of grid (Use Docking control)</STEXT>
       <INDEX> 004</INDEX>
      </RSFDO>
      <RSFDO>
       <PARAMETER>I_SIDE</PARAMETER>
       <KIND>P</KIND>
       <STEXT>Side to dock (Use Docking control)</STEXT>
       <INDEX> 005</INDEX>
      </RSFDO>
      <RSFDO>
       <PARAMETER>I_LASTCOL</PARAMETER>
       <KIND>P</KIND>
       <STEXT>Last display column (Use Docking control)</STEXT>
       <INDEX> 006</INDEX>
      </RSFDO>
      <RSFDO>
       <PARAMETER>I_BUFFER_ACTIVE</PARAMETER>
       <KIND>P</KIND>
       <STEXT/>
       <INDEX> 007</INDEX>
      </RSFDO>
      <RSFDO>
       <PARAMETER>I_BYPASSING_BUFFER</PARAMETER>
       <KIND>P</KIND>
       <STEXT>Character Field Length 1</STEXT>
       <INDEX> 008</INDEX>
      </RSFDO>
      <RSFDO>
       <PARAMETER>I_CONSISTENCY_CHECK</PARAMETER>
       <KIND>P</KIND>
       <STEXT>Single-Character Indicator</STEXT>
       <INDEX> 009</INDEX>
      </RSFDO>
      <RSFDO>
       <PARAMETER>I_STRUCTURE_NAME</PARAMETER>
       <KIND>P</KIND>
       <STEXT>Table Name</STEXT>
       <INDEX> 010</INDEX>
      </RSFDO>
      <RSFDO>
       <PARAMETER>IS_VARIANT</PARAMETER>
       <KIND>P</KIND>
       <STEXT>Layout (External Use)</STEXT>
       <INDEX> 011</INDEX>
      </RSFDO>
      <RSFDO>
       <PARAMETER>I_SAVE</PARAMETER>
       <KIND>P</KIND>
       <STEXT>Character Field Length 1</STEXT>
       <INDEX> 012</INDEX>
      </RSFDO>
      <RSFDO>
       <PARAMETER>I_DEFAULT</PARAMETER>
       <KIND>P</KIND>
       <STEXT>Character Field Length 1</STEXT>
       <INDEX> 013</INDEX>
      </RSFDO>
      <RSFDO>
       <PARAMETER>IS_LAYOUT</PARAMETER>
       <KIND>P</KIND>
       <STEXT>ALV control: Layout structure</STEXT>
       <INDEX> 014</INDEX>
      </RSFDO>
      <RSFDO>
       <PARAMETER>IS_PRINT</PARAMETER>
       <KIND>P</KIND>
       <STEXT>Print settings for LVC</STEXT>
       <INDEX> 015</INDEX>
      </RSFDO>
      <RSFDO>
       <PARAMETER>IT_SPECIAL_GROUPS</PARAMETER>
       <KIND>P</KIND>
       <STEXT>ALV control: Table of field groups</STEXT>
       <INDEX> 016</INDEX>
      </RSFDO>
      <RSFDO>
       <PARAMETER>IT_TOOLBAR_EXCLUDING</PARAMETER>
       <KIND>P</KIND>
       <STEXT>Function Code Table</STEXT>
       <INDEX> 017</INDEX>
      </RSFDO>
      <RSFDO>
       <PARAMETER>IT_HYPERLINK</PARAMETER>
       <KIND>P</KIND>
       <STEXT>ALV Control: Hyperlinks</STEXT>
       <INDEX> 018</INDEX>
      </RSFDO>
      <RSFDO>
       <PARAMETER>IT_ALV_GRAPHICS</PARAMETER>
       <KIND>P</KIND>
       <STEXT>Table of structure DTC_S_TC</STEXT>
       <INDEX> 019</INDEX>
      </RSFDO>
      <RSFDO>
       <PARAMETER>IT_EXCEPT_QINFO</PARAMETER>
       <KIND>P</KIND>
       <STEXT>Table for Exception Quickinfo</STEXT>
       <INDEX> 020</INDEX>
      </RSFDO>
      <RSFDO>
       <PARAMETER>IR_SALV_ADAPTER</PARAMETER>
       <KIND>P</KIND>
       <STEXT>ALV: Basis Interface for the Adapter</STEXT>
       <INDEX> 021</INDEX>
      </RSFDO>
      <RSFDO>
       <PARAMETER>I_SHOW_TOTAL_INFO</PARAMETER>
       <KIND>P</KIND>
       <STEXT>Show total rows</STEXT>
       <INDEX> 022</INDEX>
      </RSFDO>
      <RSFDO>
       <PARAMETER>I_SHOW_ERRBTN</PARAMETER>
       <KIND>P</KIND>
       <STEXT>Indicator: Line selected</STEXT>
       <INDEX> 023</INDEX>
      </RSFDO>
      <RSFDO>
       <PARAMETER>I_HIDE_ERRLINE</PARAMETER>
       <KIND>P</KIND>
       <STEXT>Indicator: Line selected</STEXT>
       <INDEX> 024</INDEX>
      </RSFDO>
      <RSFDO>
       <PARAMETER>I_CALLBACK_PROGRAM</PARAMETER>
       <KIND>P</KIND>
       <STEXT/>
       <INDEX> 025</INDEX>
      </RSFDO>
      <RSFDO>
       <PARAMETER>I_CALLBACK_BUTTON_CLICK</PARAMETER>
       <KIND>P</KIND>
       <STEXT/>
       <INDEX> 026</INDEX>
      </RSFDO>
      <RSFDO>
       <PARAMETER>I_CALLBACK_HOSPOT_CLICK</PARAMETER>
       <KIND>P</KIND>
       <STEXT/>
       <INDEX> 027</INDEX>
      </RSFDO>
      <RSFDO>
       <PARAMETER>E_ALV_GRID</PARAMETER>
       <KIND>P</KIND>
       <STEXT>ALV List Viewer</STEXT>
       <INDEX> 028</INDEX>
      </RSFDO>
      <RSFDO>
       <PARAMETER>E_DOCKING</PARAMETER>
       <KIND>P</KIND>
       <STEXT>Docking Control Container</STEXT>
       <INDEX> 029</INDEX>
      </RSFDO>
      <RSFDO>
       <PARAMETER>E_CUS_CONTAINER</PARAMETER>
       <KIND>P</KIND>
       <STEXT>Container for Custom Controls in the Screen Area</STEXT>
       <INDEX> 030</INDEX>
      </RSFDO>
      <RSFDO>
       <PARAMETER>IT_OUTTAB</PARAMETER>
       <KIND>P</KIND>
       <STEXT/>
       <INDEX> 031</INDEX>
      </RSFDO>
      <RSFDO>
       <PARAMETER>IT_FIELDCATALOG</PARAMETER>
       <KIND>P</KIND>
       <STEXT>Field Catalog for List Viewer Control</STEXT>
       <INDEX> 032</INDEX>
      </RSFDO>
      <RSFDO>
       <PARAMETER>IT_SORT</PARAMETER>
       <KIND>P</KIND>
       <STEXT>ALV Control: Table of Sort Criteria</STEXT>
       <INDEX> 033</INDEX>
      </RSFDO>
      <RSFDO>
       <PARAMETER>IT_FILTER</PARAMETER>
       <KIND>P</KIND>
       <STEXT>ALV control: Table of filter conditions</STEXT>
       <INDEX> 034</INDEX>
      </RSFDO>
     </DOCUMENTATION>
    </item>
    <item>
     <FUNCNAME>ZFM_ALV_EXCL_EDIT_FC</FUNCNAME>
     <INCLUDE>LZFG_COMMONU11</INCLUDE>
     <GLOBAL_FLAG/>
     <REMOTE_CALL/>
     <UPDATE_TASK/>
     <SHORT_TEXT>Exclude edit button in toolbar</SHORT_TEXT>
     <REMOTE_BASXML/>
     <IMPORT/>
     <CHANGING/>
     <EXPORT>
      <RSEXP>
       <PARAMETER>T_EXCL_FC</PARAMETER>
       <DBFIELD/>
       <TYPES/>
       <REFERENCE>X</REFERENCE>
       <TYP>UI_FUNCTIONS</TYP>
       <CLASS/>
       <REF_CLASS/>
       <LINE_OF/>
       <TABLE_OF/>
      </RSEXP>
     </EXPORT>
     <TABLES/>
     <EXCEPTION/>
     <DOCUMENTATION>
      <RSFDO>
       <PARAMETER>T_EXCL_FC</PARAMETER>
       <KIND>P</KIND>
       <STEXT>Function Code</STEXT>
       <INDEX> 001</INDEX>
      </RSFDO>
     </DOCUMENTATION>
    </item>
    <item>
     <FUNCNAME>ZFM_ALV_EXCL_FC_FM</FUNCNAME>
     <INCLUDE>LZFG_COMMONU17</INCLUDE>
     <GLOBAL_FLAG/>
     <REMOTE_CALL/>
     <UPDATE_TASK/>
     <SHORT_TEXT>Exclude edit button in toolbar</SHORT_TEXT>
     <REMOTE_BASXML/>
     <IMPORT/>
     <CHANGING/>
     <EXPORT>
      <RSEXP>
       <PARAMETER>T_EXCL_FC</PARAMETER>
       <DBFIELD/>
       <TYPES/>
       <REFERENCE>X</REFERENCE>
       <TYP>SLIS_T_EXTAB</TYP>
       <CLASS/>
       <REF_CLASS/>
       <LINE_OF/>
       <TABLE_OF/>
      </RSEXP>
     </EXPORT>
     <TABLES/>
     <EXCEPTION/>
     <DOCUMENTATION>
      <RSFDO>
       <PARAMETER>T_EXCL_FC</PARAMETER>
       <KIND>P</KIND>
       <STEXT>Function Code</STEXT>
       <INDEX> 001</INDEX>
      </RSFDO>
     </DOCUMENTATION>
    </item>
    <item>
     <FUNCNAME>ZFM_ALV_GENERATE_ICON_BY_MTYPE</FUNCNAME>
     <INCLUDE>LZFG_COMMONU12</INCLUDE>
     <GLOBAL_FLAG/>
     <REMOTE_CALL/>
     <UPDATE_TASK/>
     <SHORT_TEXT>Generate icon by message type</SHORT_TEXT>
     <REMOTE_BASXML/>
     <IMPORT>
      <RSIMP>
       <PARAMETER>I_MTYPE</PARAMETER>
       <DBFIELD/>
       <DEFAULT/>
       <TYPES/>
       <OPTIONAL/>
       <REFERENCE>X</REFERENCE>
       <CHANGING/>
       <TYP>BAPI_MTYPE</TYP>
       <CLASS/>
       <REF_CLASS/>
       <LINE_OF/>
       <TABLE_OF/>
      </RSIMP>
      <RSIMP>
       <PARAMETER>I_SMALL_ICON</PARAMETER>
       <DBFIELD/>
       <DEFAULT/>
       <TYPES/>
       <OPTIONAL>X</OPTIONAL>
       <REFERENCE>X</REFERENCE>
       <CHANGING/>
       <TYP>XMARK</TYP>
       <CLASS/>
       <REF_CLASS/>
       <LINE_OF/>
       <TABLE_OF/>
      </RSIMP>
     </IMPORT>
     <CHANGING/>
     <EXPORT>
      <RSEXP>
       <PARAMETER>E_STATUS_ICON</PARAMETER>
       <DBFIELD/>
       <TYPES/>
       <REFERENCE>X</REFERENCE>
       <TYP>ZDD_STATUS_ICON</TYP>
       <CLASS/>
       <REF_CLASS/>
       <LINE_OF/>
       <TABLE_OF/>
      </RSEXP>
      <RSEXP>
       <PARAMETER>E_ROWCOLOR</PARAMETER>
       <DBFIELD/>
       <TYPES/>
       <REFERENCE>X</REFERENCE>
       <TYP>ANY</TYP>
       <CLASS/>
       <REF_CLASS/>
       <LINE_OF/>
       <TABLE_OF/>
      </RSEXP>
     </EXPORT>
     <TABLES/>
     <EXCEPTION/>
     <DOCUMENTATION>
      <RSFDO>
       <PARAMETER>I_MTYPE</PARAMETER>
       <KIND>P</KIND>
       <STEXT>Message type: S Success, E Error, W Warning, I Info, A Abort</STEXT>
       <INDEX> 001</INDEX>
      </RSFDO>
      <RSFDO>
       <PARAMETER>I_SMALL_ICON</PARAMETER>
       <KIND>P</KIND>
       <STEXT>Use small icon</STEXT>
       <INDEX> 002</INDEX>
      </RSFDO>
      <RSFDO>
       <PARAMETER>E_STATUS_ICON</PARAMETER>
       <KIND>P</KIND>
       <STEXT>Status icon</STEXT>
       <INDEX> 003</INDEX>
      </RSFDO>
      <RSFDO>
       <PARAMETER>E_ROWCOLOR</PARAMETER>
       <KIND>P</KIND>
       <STEXT>Color of row</STEXT>
       <INDEX> 004</INDEX>
      </RSFDO>
     </DOCUMENTATION>
    </item>
    <item>
     <FUNCNAME>ZFM_ALV_MESSAGE_CHK_BLANK</FUNCNAME>
     <INCLUDE>LZFG_COMMONU22</INCLUDE>
     <GLOBAL_FLAG/>
     <REMOTE_CALL/>
     <UPDATE_TASK/>
     <SHORT_TEXT>Check blank fields and put message</SHORT_TEXT>
     <REMOTE_BASXML/>
     <IMPORT>
      <RSIMP>
       <PARAMETER>I_REQSTR</PARAMETER>
       <DBFIELD/>
       <DEFAULT/>
       <TYPES/>
       <OPTIONAL>X</OPTIONAL>
       <REFERENCE/>
       <CHANGING/>
       <TYP>TABNAME</TYP>
       <CLASS/>
       <REF_CLASS/>
       <LINE_OF/>
       <TABLE_OF/>
      </RSIMP>
     </IMPORT>
     <CHANGING>
      <RSCHA>
       <PARAMETER>C_ALVLINE</PARAMETER>
       <DBFIELD/>
       <DEFAULT/>
       <TYPES/>
       <OPTIONAL>X</OPTIONAL>
       <REFERENCE>X</REFERENCE>
       <CHANGING/>
       <TYP>ANY</TYP>
       <CLASS/>
       <REF_CLASS/>
       <LINE_OF/>
       <TABLE_OF/>
      </RSCHA>
     </CHANGING>
     <EXPORT/>
     <TABLES/>
     <EXCEPTION/>
     <DOCUMENTATION>
      <RSFDO>
       <PARAMETER>I_REQSTR</PARAMETER>
       <KIND>P</KIND>
       <STEXT>Required structure name</STEXT>
       <INDEX> 001</INDEX>
      </RSFDO>
      <RSFDO>
       <PARAMETER>C_ALVLINE</PARAMETER>
       <KIND>P</KIND>
       <STEXT/>
       <INDEX> 002</INDEX>
      </RSFDO>
     </DOCUMENTATION>
    </item>
    <item>
     <FUNCNAME>ZFM_ALV_MESSAGE_PUT</FUNCNAME>
     <INCLUDE>LZFG_COMMONU21</INCLUDE>
     <GLOBAL_FLAG/>
     <REMOTE_CALL/>
     <UPDATE_TASK/>
     <SHORT_TEXT>Put message of line</SHORT_TEXT>
     <REMOTE_BASXML/>
     <IMPORT>
      <RSIMP>
       <PARAMETER>I_MTYPE</PARAMETER>
       <DBFIELD/>
       <DEFAULT>&apos;E&apos;</DEFAULT>
       <TYPES/>
       <OPTIONAL>X</OPTIONAL>
       <REFERENCE/>
       <CHANGING/>
       <TYP>BAPI_MTYPE</TYP>
       <CLASS/>
       <REF_CLASS/>
       <LINE_OF/>
       <TABLE_OF/>
      </RSIMP>
      <RSIMP>
       <PARAMETER>I_MESSAGE</PARAMETER>
       <DBFIELD/>
       <DEFAULT/>
       <TYPES/>
       <OPTIONAL>X</OPTIONAL>
       <REFERENCE/>
       <CHANGING/>
       <TYP>TEXT256</TYP>
       <CLASS/>
       <REF_CLASS/>
       <LINE_OF/>
       <TABLE_OF/>
      </RSIMP>
      <RSIMP>
       <PARAMETER>I_AUTO_DISABLE</PARAMETER>
       <DBFIELD/>
       <DEFAULT>&apos;X&apos;</DEFAULT>
       <TYPES/>
       <OPTIONAL>X</OPTIONAL>
       <REFERENCE/>
       <CHANGING/>
       <TYP>XMARK</TYP>
       <CLASS/>
       <REF_CLASS/>
       <LINE_OF/>
       <TABLE_OF/>
      </RSIMP>
     </IMPORT>
     <CHANGING>
      <RSCHA>
       <PARAMETER>C_ALVLINE</PARAMETER>
       <DBFIELD/>
       <DEFAULT/>
       <TYPES/>
       <OPTIONAL>X</OPTIONAL>
       <REFERENCE>X</REFERENCE>
       <CHANGING/>
       <TYP>ANY</TYP>
       <CLASS/>
       <REF_CLASS/>
       <LINE_OF/>
       <TABLE_OF/>
      </RSCHA>
     </CHANGING>
     <EXPORT/>
     <TABLES/>
     <EXCEPTION/>
     <DOCUMENTATION>
      <RSFDO>
       <PARAMETER>I_MTYPE</PARAMETER>
       <KIND>P</KIND>
       <STEXT>Message type: S Success, E Error, W Warning, I Info, A Abort</STEXT>
       <INDEX> 001</INDEX>
      </RSFDO>
      <RSFDO>
       <PARAMETER>I_MESSAGE</PARAMETER>
       <KIND>P</KIND>
       <STEXT>Message</STEXT>
       <INDEX> 002</INDEX>
      </RSFDO>
      <RSFDO>
       <PARAMETER>I_AUTO_DISABLE</PARAMETER>
       <KIND>P</KIND>
       <STEXT>Auto disable error line</STEXT>
       <INDEX> 003</INDEX>
      </RSFDO>
      <RSFDO>
       <PARAMETER>C_ALVLINE</PARAMETER>
       <KIND>P</KIND>
       <STEXT/>
       <INDEX> 004</INDEX>
      </RSFDO>
     </DOCUMENTATION>
    </item>
    <item>
     <FUNCNAME>ZFM_ALV_ROWS_SELECT</FUNCNAME>
     <INCLUDE>LZFG_COMMONU20</INCLUDE>
     <GLOBAL_FLAG/>
     <REMOTE_CALL/>
     <UPDATE_TASK/>
     <SHORT_TEXT>Select all rows, except hidden rows</SHORT_TEXT>
     <REMOTE_BASXML/>
     <IMPORT>
      <RSIMP>
       <PARAMETER>I_SEL_NONE</PARAMETER>
       <DBFIELD/>
       <DEFAULT/>
       <TYPES/>
       <OPTIONAL>X</OPTIONAL>
       <REFERENCE>X</REFERENCE>
       <CHANGING/>
       <TYP>XMARK</TYP>
       <CLASS/>
       <REF_CLASS/>
       <LINE_OF/>
       <TABLE_OF/>
      </RSIMP>
      <RSIMP>
       <PARAMETER>I_SEL_SIZE</PARAMETER>
       <DBFIELD/>
       <DEFAULT/>
       <TYPES/>
       <OPTIONAL>X</OPTIONAL>
       <REFERENCE>X</REFERENCE>
       <CHANGING/>
       <TYP>INT4</TYP>
       <CLASS/>
       <REF_CLASS/>
       <LINE_OF/>
       <TABLE_OF/>
      </RSIMP>
     </IMPORT>
     <CHANGING>
      <RSCHA>
       <PARAMETER>GO_ALV</PARAMETER>
       <DBFIELD/>
       <DEFAULT/>
       <TYPES/>
       <OPTIONAL/>
       <REFERENCE>X</REFERENCE>
       <CHANGING/>
       <TYP>REF TO CL_GUI_ALV_GRID</TYP>
       <CLASS/>
       <REF_CLASS>X</REF_CLASS>
       <LINE_OF/>
       <TABLE_OF/>
      </RSCHA>
      <RSCHA>
       <PARAMETER>GT_DATA</PARAMETER>
       <DBFIELD/>
       <DEFAULT/>
       <TYPES/>
       <OPTIONAL/>
       <REFERENCE>X</REFERENCE>
       <CHANGING/>
       <TYP>TABLE</TYP>
       <CLASS/>
       <REF_CLASS/>
       <LINE_OF/>
       <TABLE_OF/>
      </RSCHA>
     </CHANGING>
     <EXPORT/>
     <TABLES/>
     <EXCEPTION/>
     <DOCUMENTATION>
      <RSFDO>
       <PARAMETER>I_SEL_NONE</PARAMETER>
       <KIND>P</KIND>
       <STEXT>SPACE: Sel all, &apos;X&apos; Sel none</STEXT>
       <INDEX> 001</INDEX>
      </RSFDO>
      <RSFDO>
       <PARAMETER>I_SEL_SIZE</PARAMETER>
       <KIND>P</KIND>
       <STEXT>Select size, when sel all</STEXT>
       <INDEX> 002</INDEX>
      </RSFDO>
      <RSFDO>
       <PARAMETER>GO_ALV</PARAMETER>
       <KIND>P</KIND>
       <STEXT>ALV List Viewer</STEXT>
       <INDEX> 003</INDEX>
      </RSFDO>
      <RSFDO>
       <PARAMETER>GT_DATA</PARAMETER>
       <KIND>P</KIND>
       <STEXT>Display table</STEXT>
       <INDEX> 004</INDEX>
      </RSFDO>
     </DOCUMENTATION>
    </item>
    <item>
     <FUNCNAME>ZFM_ALV_ROW_STATUS_SET</FUNCNAME>
     <INCLUDE>LZFG_COMMONU15</INCLUDE>
     <GLOBAL_FLAG/>
     <REMOTE_CALL/>
     <UPDATE_TASK/>
     <SHORT_TEXT>Generate icon by message type</SHORT_TEXT>
     <REMOTE_BASXML/>
     <IMPORT>
      <RSIMP>
       <PARAMETER>I_MTYPE</PARAMETER>
       <DBFIELD/>
       <DEFAULT>&apos;S&apos;</DEFAULT>
       <TYPES/>
       <OPTIONAL>X</OPTIONAL>
       <REFERENCE>X</REFERENCE>
       <CHANGING/>
       <TYP>BAPI_MTYPE</TYP>
       <CLASS/>
       <REF_CLASS/>
       <LINE_OF/>
       <TABLE_OF/>
      </RSIMP>
      <RSIMP>
       <PARAMETER>I_DISABLE</PARAMETER>
       <DBFIELD/>
       <DEFAULT/>
       <TYPES/>
       <OPTIONAL>X</OPTIONAL>
       <REFERENCE>X</REFERENCE>
       <CHANGING/>
       <TYP>XMARK</TYP>
       <CLASS/>
       <REF_CLASS/>
       <LINE_OF/>
       <TABLE_OF/>
      </RSIMP>
     </IMPORT>
     <CHANGING>
      <RSCHA>
       <PARAMETER>C_ROW_DATA</PARAMETER>
       <DBFIELD/>
       <DEFAULT/>
       <TYPES/>
       <OPTIONAL/>
       <REFERENCE>X</REFERENCE>
       <CHANGING/>
       <TYP>ANY</TYP>
       <CLASS/>
       <REF_CLASS/>
       <LINE_OF/>
       <TABLE_OF/>
      </RSCHA>
     </CHANGING>
     <EXPORT>
      <RSEXP>
       <PARAMETER>E_STATUS_ICON</PARAMETER>
       <DBFIELD/>
       <TYPES/>
       <REFERENCE>X</REFERENCE>
       <TYP>ZDD_STATUS_ICON</TYP>
       <CLASS/>
       <REF_CLASS/>
       <LINE_OF/>
       <TABLE_OF/>
      </RSEXP>
      <RSEXP>
       <PARAMETER>E_ROWCOLOR</PARAMETER>
       <DBFIELD/>
       <TYPES/>
       <REFERENCE>X</REFERENCE>
       <TYP>ANY</TYP>
       <CLASS/>
       <REF_CLASS/>
       <LINE_OF/>
       <TABLE_OF/>
      </RSEXP>
     </EXPORT>
     <TABLES/>
     <EXCEPTION/>
     <DOCUMENTATION>
      <RSFDO>
       <PARAMETER>I_MTYPE</PARAMETER>
       <KIND>P</KIND>
       <STEXT>Message type: S Success, E Error, W Warning, I Info, A Abort</STEXT>
       <INDEX> 001</INDEX>
      </RSFDO>
      <RSFDO>
       <PARAMETER>I_DISABLE</PARAMETER>
       <KIND>P</KIND>
       <STEXT>Disable row</STEXT>
       <INDEX> 002</INDEX>
      </RSFDO>
      <RSFDO>
       <PARAMETER>E_STATUS_ICON</PARAMETER>
       <KIND>P</KIND>
       <STEXT>Status icon</STEXT>
       <INDEX> 003</INDEX>
      </RSFDO>
      <RSFDO>
       <PARAMETER>E_ROWCOLOR</PARAMETER>
       <KIND>P</KIND>
       <STEXT>Color of row</STEXT>
       <INDEX> 004</INDEX>
      </RSFDO>
      <RSFDO>
       <PARAMETER>C_ROW_DATA</PARAMETER>
       <KIND>P</KIND>
       <STEXT>Row data</STEXT>
       <INDEX> 005</INDEX>
      </RSFDO>
     </DOCUMENTATION>
    </item>
    <item>
     <FUNCNAME>ZFM_BM_PAR_GET</FUNCNAME>
     <INCLUDE>LZFG_COMMONU19</INCLUDE>
     <GLOBAL_FLAG/>
     <REMOTE_CALL/>
     <UPDATE_TASK/>
     <SHORT_TEXT>Get value of a variant (Parameter)</SHORT_TEXT>
     <REMOTE_BASXML/>
     <IMPORT>
      <RSIMP>
       <PARAMETER>I_VAR_NAME</PARAMETER>
       <DBFIELD/>
       <DEFAULT/>
       <TYPES/>
       <OPTIONAL/>
       <REFERENCE>X</REFERENCE>
       <CHANGING/>
       <TYP>RVARI_VNAM</TYP>
       <CLASS/>
       <REF_CLASS/>
       <LINE_OF/>
       <TABLE_OF/>
      </RSIMP>
     </IMPORT>
     <CHANGING/>
     <EXPORT>
      <RSEXP>
       <PARAMETER>E_ACTIVE</PARAMETER>
       <DBFIELD/>
       <TYPES/>
       <REFERENCE>X</REFERENCE>
       <TYP>ZDD_BM_ACTIVE</TYP>
       <CLASS/>
       <REF_CLASS/>
       <LINE_OF/>
       <TABLE_OF/>
      </RSEXP>
      <RSEXP>
       <PARAMETER>E_VAR_VALUE</PARAMETER>
       <DBFIELD/>
       <TYPES/>
       <REFERENCE>X</REFERENCE>
       <TYP/>
       <CLASS/>
       <REF_CLASS/>
       <LINE_OF/>
       <TABLE_OF/>
      </RSEXP>
     </EXPORT>
     <TABLES/>
     <EXCEPTION/>
     <DOCUMENTATION>
      <RSFDO>
       <PARAMETER>I_VAR_NAME</PARAMETER>
       <KIND>P</KIND>
       <STEXT>ABAP: Name of Variant Variable</STEXT>
       <INDEX> 001</INDEX>
      </RSFDO>
      <RSFDO>
       <PARAMETER>E_ACTIVE</PARAMETER>
       <KIND>P</KIND>
       <STEXT>Active</STEXT>
       <INDEX> 002</INDEX>
      </RSFDO>
      <RSFDO>
       <PARAMETER>E_VAR_VALUE</PARAMETER>
       <KIND>P</KIND>
       <STEXT>Variant value</STEXT>
       <INDEX> 003</INDEX>
      </RSFDO>
     </DOCUMENTATION>
    </item>
    <item>
     <FUNCNAME>ZFM_BUILD_TREE_ALV_FROM_TABLE</FUNCNAME>
     <INCLUDE>LZFG_COMMONU01</INCLUDE>
     <GLOBAL_FLAG/>
     <REMOTE_CALL/>
     <UPDATE_TASK/>
     <SHORT_TEXT>Build ALV tree from table</SHORT_TEXT>
     <REMOTE_BASXML/>
     <IMPORT>
      <RSIMP>
       <PARAMETER>I_TREE_STR</PARAMETER>
       <DBFIELD/>
       <DEFAULT/>
       <TYPES/>
       <OPTIONAL/>
       <REFERENCE>X</REFERENCE>
       <CHANGING/>
       <TYP>ZST_TREE_STR</TYP>
       <CLASS/>
       <REF_CLASS/>
       <LINE_OF/>
       <TABLE_OF/>
      </RSIMP>
      <RSIMP>
       <PARAMETER>I_SHOW</PARAMETER>
       <DBFIELD/>
       <DEFAULT>&apos;X&apos;</DEFAULT>
       <TYPES/>
       <OPTIONAL>X</OPTIONAL>
       <REFERENCE>X</REFERENCE>
       <CHANGING/>
       <TYP>XMARK</TYP>
       <CLASS/>
       <REF_CLASS/>
       <LINE_OF/>
       <TABLE_OF/>
      </RSIMP>
      <RSIMP>
       <PARAMETER>I_SIDE</PARAMETER>
       <DBFIELD/>
       <DEFAULT/>
       <TYPES/>
       <OPTIONAL>X</OPTIONAL>
       <REFERENCE>X</REFERENCE>
       <CHANGING/>
       <TYP>I</TYP>
       <CLASS/>
       <REF_CLASS/>
       <LINE_OF/>
       <TABLE_OF/>
      </RSIMP>
      <RSIMP>
       <PARAMETER>I_EXTENSION</PARAMETER>
       <DBFIELD/>
       <DEFAULT/>
       <TYPES/>
       <OPTIONAL>X</OPTIONAL>
       <REFERENCE>X</REFERENCE>
       <CHANGING/>
       <TYP>I</TYP>
       <CLASS/>
       <REF_CLASS/>
       <LINE_OF/>
       <TABLE_OF/>
      </RSIMP>
      <RSIMP>
       <PARAMETER>I_CUS_CONTROL_NAME</PARAMETER>
       <DBFIELD/>
       <DEFAULT/>
       <TYPES/>
       <OPTIONAL>X</OPTIONAL>
       <REFERENCE/>
       <CHANGING/>
       <TYP>SCRFNAME</TYP>
       <CLASS/>
       <REF_CLASS/>
       <LINE_OF/>
       <TABLE_OF/>
      </RSIMP>
      <RSIMP>
       <PARAMETER>I_LASTCOL</PARAMETER>
       <DBFIELD/>
       <DEFAULT/>
       <TYPES/>
       <OPTIONAL>X</OPTIONAL>
       <REFERENCE>X</REFERENCE>
       <CHANGING/>
       <TYP>I</TYP>
       <CLASS/>
       <REF_CLASS/>
       <LINE_OF/>
       <TABLE_OF/>
      </RSIMP>
      <RSIMP>
       <PARAMETER>I_SORT_TABLE</PARAMETER>
       <DBFIELD/>
       <DEFAULT>&apos;X&apos;</DEFAULT>
       <TYPES/>
       <OPTIONAL>X</OPTIONAL>
       <REFERENCE>X</REFERENCE>
       <CHANGING/>
       <TYP>XMARK</TYP>
       <CLASS/>
       <REF_CLASS/>
       <LINE_OF/>
       <TABLE_OF/>
      </RSIMP>
      <RSIMP>
       <PARAMETER>I_HIERARCHY_HEADER</PARAMETER>
       <DBFIELD/>
       <DEFAULT/>
       <TYPES/>
       <OPTIONAL>X</OPTIONAL>
       <REFERENCE>X</REFERENCE>
       <CHANGING/>
       <TYP>TREEV_HHDR</TYP>
       <CLASS/>
       <REF_CLASS/>
       <LINE_OF/>
       <TABLE_OF/>
      </RSIMP>
      <RSIMP>
       <PARAMETER>IS_VARIANT</PARAMETER>
       <DBFIELD/>
       <DEFAULT/>
       <TYPES/>
       <OPTIONAL>X</OPTIONAL>
       <REFERENCE>X</REFERENCE>
       <CHANGING/>
       <TYP>DISVARIANT</TYP>
       <CLASS/>
       <REF_CLASS/>
       <LINE_OF/>
       <TABLE_OF/>
      </RSIMP>
      <RSIMP>
       <PARAMETER>I_SAVE</PARAMETER>
       <DBFIELD/>
       <DEFAULT>&apos;A&apos;</DEFAULT>
       <TYPES/>
       <OPTIONAL>X</OPTIONAL>
       <REFERENCE>X</REFERENCE>
       <CHANGING/>
       <TYP>CHAR01</TYP>
       <CLASS/>
       <REF_CLASS/>
       <LINE_OF/>
       <TABLE_OF/>
      </RSIMP>
      <RSIMP>
       <PARAMETER>I_DEFAULT</PARAMETER>
       <DBFIELD/>
       <DEFAULT>&apos;X&apos;</DEFAULT>
       <TYPES/>
       <OPTIONAL>X</OPTIONAL>
       <REFERENCE>X</REFERENCE>
       <CHANGING/>
       <TYP>CHAR01</TYP>
       <CLASS/>
       <REF_CLASS/>
       <LINE_OF/>
       <TABLE_OF/>
      </RSIMP>
      <RSIMP>
       <PARAMETER>IS_EXCEPTION_FIELD</PARAMETER>
       <DBFIELD/>
       <DEFAULT/>
       <TYPES/>
       <OPTIONAL>X</OPTIONAL>
       <REFERENCE>X</REFERENCE>
       <CHANGING/>
       <TYP>LVC_S_L004</TYP>
       <CLASS/>
       <REF_CLASS/>
       <LINE_OF/>
       <TABLE_OF/>
      </RSIMP>
      <RSIMP>
       <PARAMETER>IT_SPECIAL_GROUPS</PARAMETER>
       <DBFIELD/>
       <DEFAULT/>
       <TYPES/>
       <OPTIONAL>X</OPTIONAL>
       <REFERENCE>X</REFERENCE>
       <CHANGING/>
       <TYP>LVC_T_SGRP</TYP>
       <CLASS/>
       <REF_CLASS/>
       <LINE_OF/>
       <TABLE_OF/>
      </RSIMP>
      <RSIMP>
       <PARAMETER>I_LOGO</PARAMETER>
       <DBFIELD/>
       <DEFAULT/>
       <TYPES/>
       <OPTIONAL>X</OPTIONAL>
       <REFERENCE>X</REFERENCE>
       <CHANGING/>
       <TYP>SDYDO_VALUE</TYP>
       <CLASS/>
       <REF_CLASS/>
       <LINE_OF/>
       <TABLE_OF/>
      </RSIMP>
      <RSIMP>
       <PARAMETER>I_BACKGROUND_ID</PARAMETER>
       <DBFIELD/>
       <DEFAULT/>
       <TYPES/>
       <OPTIONAL>X</OPTIONAL>
       <REFERENCE>X</REFERENCE>
       <CHANGING/>
       <TYP>SDYDO_KEY</TYP>
       <CLASS/>
       <REF_CLASS/>
       <LINE_OF/>
       <TABLE_OF/>
      </RSIMP>
      <RSIMP>
       <PARAMETER>IT_TOOLBAR_EXCLUDING</PARAMETER>
       <DBFIELD/>
       <DEFAULT/>
       <TYPES/>
       <OPTIONAL>X</OPTIONAL>
       <REFERENCE>X</REFERENCE>
       <CHANGING/>
       <TYP>UI_FUNCTIONS</TYP>
       <CLASS/>
       <REF_CLASS/>
       <LINE_OF/>
       <TABLE_OF/>
      </RSIMP>
      <RSIMP>
       <PARAMETER>IT_EXCEPT_QINFO</PARAMETER>
       <DBFIELD/>
       <DEFAULT/>
       <TYPES/>
       <OPTIONAL>X</OPTIONAL>
       <REFERENCE>X</REFERENCE>
       <CHANGING/>
       <TYP>LVC_T_QINF</TYP>
       <CLASS/>
       <REF_CLASS/>
       <LINE_OF/>
       <TABLE_OF/>
      </RSIMP>
      <RSIMP>
       <PARAMETER>I_REPID</PARAMETER>
       <DBFIELD/>
       <DEFAULT>SY-CPROG</DEFAULT>
       <TYPES/>
       <OPTIONAL>X</OPTIONAL>
       <REFERENCE>X</REFERENCE>
       <CHANGING/>
       <TYP>SY-REPID</TYP>
       <CLASS/>
       <REF_CLASS/>
       <LINE_OF/>
       <TABLE_OF/>
      </RSIMP>
     </IMPORT>
     <CHANGING>
      <RSCHA>
       <PARAMETER>T_TREE_TAB</PARAMETER>
       <DBFIELD/>
       <DEFAULT/>
       <TYPES/>
       <OPTIONAL/>
       <REFERENCE>X</REFERENCE>
       <CHANGING/>
       <TYP>ANY TABLE</TYP>
       <CLASS/>
       <REF_CLASS/>
       <LINE_OF/>
       <TABLE_OF/>
      </RSCHA>
      <RSCHA>
       <PARAMETER>T_FIELDCAT</PARAMETER>
       <DBFIELD/>
       <DEFAULT/>
       <TYPES/>
       <OPTIONAL>X</OPTIONAL>
       <REFERENCE>X</REFERENCE>
       <CHANGING/>
       <TYP>LVC_T_FCAT</TYP>
       <CLASS/>
       <REF_CLASS/>
       <LINE_OF/>
       <TABLE_OF/>
      </RSCHA>
      <RSCHA>
       <PARAMETER>IT_FILTER</PARAMETER>
       <DBFIELD/>
       <DEFAULT/>
       <TYPES/>
       <OPTIONAL>X</OPTIONAL>
       <REFERENCE>X</REFERENCE>
       <CHANGING/>
       <TYP>LVC_T_FILT</TYP>
       <CLASS/>
       <REF_CLASS/>
       <LINE_OF/>
       <TABLE_OF/>
      </RSCHA>
     </CHANGING>
     <EXPORT>
      <RSEXP>
       <PARAMETER>E_TREE_CONTROL</PARAMETER>
       <DBFIELD/>
       <TYPES/>
       <REFERENCE>X</REFERENCE>
       <TYP>REF TO CL_GUI_ALV_TREE</TYP>
       <CLASS/>
       <REF_CLASS>X</REF_CLASS>
       <LINE_OF/>
       <TABLE_OF/>
      </RSEXP>
      <RSEXP>
       <PARAMETER>E_DOCK_CONTAINER</PARAMETER>
       <DBFIELD/>
       <TYPES/>
       <REFERENCE>X</REFERENCE>
       <TYP>REF TO CL_GUI_DOCKING_CONTAINER</TYP>
       <CLASS/>
       <REF_CLASS>X</REF_CLASS>
       <LINE_OF/>
       <TABLE_OF/>
      </RSEXP>
      <RSEXP>
       <PARAMETER>E_CUS_CONTAINER</PARAMETER>
       <DBFIELD/>
       <TYPES/>
       <REFERENCE>X</REFERENCE>
       <TYP>REF TO CL_GUI_CUSTOM_CONTAINER</TYP>
       <CLASS/>
       <REF_CLASS>X</REF_CLASS>
       <LINE_OF/>
       <TABLE_OF/>
      </RSEXP>
     </EXPORT>
     <TABLES/>
     <EXCEPTION/>
     <DOCUMENTATION>
      <RSFDO>
       <PARAMETER>I_TREE_STR</PARAMETER>
       <KIND>P</KIND>
       <STEXT>Tree structure</STEXT>
       <INDEX> 001</INDEX>
      </RSFDO>
      <RSFDO>
       <PARAMETER>I_SHOW</PARAMETER>
       <KIND>P</KIND>
       <STEXT>Use with docking container</STEXT>
       <INDEX> 002</INDEX>
      </RSFDO>
      <RSFDO>
       <PARAMETER>I_SIDE</PARAMETER>
       <KIND>P</KIND>
       <STEXT>Side to dock</STEXT>
       <INDEX> 003</INDEX>
      </RSFDO>
      <RSFDO>
       <PARAMETER>I_EXTENSION</PARAMETER>
       <KIND>P</KIND>
       <STEXT>Extension of tree</STEXT>
       <INDEX> 004</INDEX>
      </RSFDO>
      <RSFDO>
       <PARAMETER>I_CUS_CONTROL_NAME</PARAMETER>
       <KIND>P</KIND>
       <STEXT>Custom container name</STEXT>
       <INDEX> 005</INDEX>
      </RSFDO>
      <RSFDO>
       <PARAMETER>I_LASTCOL</PARAMETER>
       <KIND>P</KIND>
       <STEXT>Last column in fieldcat</STEXT>
       <INDEX> 006</INDEX>
      </RSFDO>
      <RSFDO>
       <PARAMETER>I_SORT_TABLE</PARAMETER>
       <KIND>P</KIND>
       <STEXT>Sort table by parents, key</STEXT>
       <INDEX> 007</INDEX>
      </RSFDO>
      <RSFDO>
       <PARAMETER>I_HIERARCHY_HEADER</PARAMETER>
       <KIND>P</KIND>
       <STEXT>Tree Control: Attributes of the Hierarchy Header</STEXT>
       <INDEX> 008</INDEX>
      </RSFDO>
      <RSFDO>
       <PARAMETER>IS_VARIANT</PARAMETER>
       <KIND>P</KIND>
       <STEXT>Layout</STEXT>
       <INDEX> 009</INDEX>
      </RSFDO>
      <RSFDO>
       <PARAMETER>I_SAVE</PARAMETER>
       <KIND>P</KIND>
       <STEXT>Save Layout</STEXT>
       <INDEX> 010</INDEX>
      </RSFDO>
      <RSFDO>
       <PARAMETER>I_DEFAULT</PARAMETER>
       <KIND>P</KIND>
       <STEXT>Default Display Variant</STEXT>
       <INDEX> 011</INDEX>
      </RSFDO>
      <RSFDO>
       <PARAMETER>IS_EXCEPTION_FIELD</PARAMETER>
       <KIND>P</KIND>
       <STEXT>Exception Field</STEXT>
       <INDEX> 012</INDEX>
      </RSFDO>
      <RSFDO>
       <PARAMETER>IT_SPECIAL_GROUPS</PARAMETER>
       <KIND>P</KIND>
       <STEXT>Field Groups</STEXT>
       <INDEX> 013</INDEX>
      </RSFDO>
      <RSFDO>
       <PARAMETER>I_LOGO</PARAMETER>
       <KIND>P</KIND>
       <STEXT>Logo</STEXT>
       <INDEX> 014</INDEX>
      </RSFDO>
      <RSFDO>
       <PARAMETER>I_BACKGROUND_ID</PARAMETER>
       <KIND>P</KIND>
       <STEXT>HTML Background</STEXT>
       <INDEX> 015</INDEX>
      </RSFDO>
      <RSFDO>
       <PARAMETER>IT_TOOLBAR_EXCLUDING</PARAMETER>
       <KIND>P</KIND>
       <STEXT>Excluded Toolbar Standard Functions</STEXT>
       <INDEX> 016</INDEX>
      </RSFDO>
      <RSFDO>
       <PARAMETER>IT_EXCEPT_QINFO</PARAMETER>
       <KIND>P</KIND>
       <STEXT>Quickinfo for Exceptions</STEXT>
       <INDEX> 017</INDEX>
      </RSFDO>
      <RSFDO>
       <PARAMETER>I_REPID</PARAMETER>
       <KIND>P</KIND>
       <STEXT/>
       <INDEX> 018</INDEX>
      </RSFDO>
      <RSFDO>
       <PARAMETER>E_TREE_CONTROL</PARAMETER>
       <KIND>P</KIND>
       <STEXT>ALV Tree Control</STEXT>
       <INDEX> 019</INDEX>
      </RSFDO>
      <RSFDO>
       <PARAMETER>E_DOCK_CONTAINER</PARAMETER>
       <KIND>P</KIND>
       <STEXT>Docking Control Container</STEXT>
       <INDEX> 020</INDEX>
      </RSFDO>
      <RSFDO>
       <PARAMETER>E_CUS_CONTAINER</PARAMETER>
       <KIND>P</KIND>
       <STEXT>Container for Custom Controls in the Screen Area</STEXT>
       <INDEX> 021</INDEX>
      </RSFDO>
      <RSFDO>
       <PARAMETER>T_TREE_TAB</PARAMETER>
       <KIND>P</KIND>
       <STEXT/>
       <INDEX> 022</INDEX>
      </RSFDO>
      <RSFDO>
       <PARAMETER>T_FIELDCAT</PARAMETER>
       <KIND>P</KIND>
       <STEXT>Field Catalog for Lis</STEXT>
       <INDEX> 023</INDEX>
      </RSFDO>
      <RSFDO>
       <PARAMETER>IT_FILTER</PARAMETER>
       <KIND>P</KIND>
       <STEXT>ALV control: Table of</STEXT>
       <INDEX> 024</INDEX>
      </RSFDO>
     </DOCUMENTATION>
    </item>
    <item>
     <FUNCNAME>ZFM_BUILD_TREE_FROM_TABLE</FUNCNAME>
     <INCLUDE>LZFG_COMMONU02</INCLUDE>
     <GLOBAL_FLAG/>
     <REMOTE_CALL/>
     <UPDATE_TASK/>
     <SHORT_TEXT>Build tree from table</SHORT_TEXT>
     <REMOTE_BASXML/>
     <IMPORT>
      <RSIMP>
       <PARAMETER>I_TREE_STR</PARAMETER>
       <DBFIELD/>
       <DEFAULT/>
       <TYPES/>
       <OPTIONAL/>
       <REFERENCE>X</REFERENCE>
       <CHANGING/>
       <TYP>ZST_TREE_STR</TYP>
       <CLASS/>
       <REF_CLASS/>
       <LINE_OF/>
       <TABLE_OF/>
      </RSIMP>
      <RSIMP>
       <PARAMETER>I_SHOW</PARAMETER>
       <DBFIELD/>
       <DEFAULT>&apos;X&apos;</DEFAULT>
       <TYPES/>
       <OPTIONAL>X</OPTIONAL>
       <REFERENCE>X</REFERENCE>
       <CHANGING/>
       <TYP>XMARK</TYP>
       <CLASS/>
       <REF_CLASS/>
       <LINE_OF/>
       <TABLE_OF/>
      </RSIMP>
      <RSIMP>
       <PARAMETER>I_SIDE</PARAMETER>
       <DBFIELD/>
       <DEFAULT/>
       <TYPES/>
       <OPTIONAL>X</OPTIONAL>
       <REFERENCE>X</REFERENCE>
       <CHANGING/>
       <TYP>I</TYP>
       <CLASS/>
       <REF_CLASS/>
       <LINE_OF/>
       <TABLE_OF/>
      </RSIMP>
      <RSIMP>
       <PARAMETER>I_EXTENSION</PARAMETER>
       <DBFIELD/>
       <DEFAULT/>
       <TYPES/>
       <OPTIONAL>X</OPTIONAL>
       <REFERENCE>X</REFERENCE>
       <CHANGING/>
       <TYP>I</TYP>
       <CLASS/>
       <REF_CLASS/>
       <LINE_OF/>
       <TABLE_OF/>
      </RSIMP>
      <RSIMP>
       <PARAMETER>I_CONTAINER</PARAMETER>
       <DBFIELD/>
       <DEFAULT/>
       <TYPES/>
       <OPTIONAL>X</OPTIONAL>
       <REFERENCE>X</REFERENCE>
       <CHANGING/>
       <TYP>REF TO CL_GUI_CUSTOM_CONTAINER</TYP>
       <CLASS/>
       <REF_CLASS>X</REF_CLASS>
       <LINE_OF/>
       <TABLE_OF/>
      </RSIMP>
     </IMPORT>
     <CHANGING>
      <RSCHA>
       <PARAMETER>T_TREE_TAB</PARAMETER>
       <DBFIELD/>
       <DEFAULT/>
       <TYPES/>
       <OPTIONAL/>
       <REFERENCE>X</REFERENCE>
       <CHANGING/>
       <TYP>ANY TABLE</TYP>
       <CLASS/>
       <REF_CLASS/>
       <LINE_OF/>
       <TABLE_OF/>
      </RSCHA>
     </CHANGING>
     <EXPORT>
      <RSEXP>
       <PARAMETER>E_TREE_CONTROL</PARAMETER>
       <DBFIELD/>
       <TYPES/>
       <REFERENCE>X</REFERENCE>
       <TYP>REF TO CL_GUI_SIMPLE_TREE</TYP>
       <CLASS/>
       <REF_CLASS>X</REF_CLASS>
       <LINE_OF/>
       <TABLE_OF/>
      </RSEXP>
      <RSEXP>
       <PARAMETER>T_NODES</PARAMETER>
       <DBFIELD/>
       <TYPES/>
       <REFERENCE>X</REFERENCE>
       <TYP>ZTT_TREESNODE</TYP>
       <CLASS/>
       <REF_CLASS/>
       <LINE_OF/>
       <TABLE_OF/>
      </RSEXP>
      <RSEXP>
       <PARAMETER>E_DOCK_CONTAINER</PARAMETER>
       <DBFIELD/>
       <TYPES/>
       <REFERENCE>X</REFERENCE>
       <TYP>REF TO CL_GUI_DOCKING_CONTAINER</TYP>
       <CLASS/>
       <REF_CLASS>X</REF_CLASS>
       <LINE_OF/>
       <TABLE_OF/>
      </RSEXP>
     </EXPORT>
     <TABLES/>
     <EXCEPTION/>
     <DOCUMENTATION>
      <RSFDO>
       <PARAMETER>I_TREE_STR</PARAMETER>
       <KIND>P</KIND>
       <STEXT>Tree structure</STEXT>
       <INDEX> 001</INDEX>
      </RSFDO>
      <RSFDO>
       <PARAMETER>I_SHOW</PARAMETER>
       <KIND>P</KIND>
       <STEXT>Show tree</STEXT>
       <INDEX> 002</INDEX>
      </RSFDO>
      <RSFDO>
       <PARAMETER>I_SIDE</PARAMETER>
       <KIND>P</KIND>
       <STEXT>Side to dock</STEXT>
       <INDEX> 003</INDEX>
      </RSFDO>
      <RSFDO>
       <PARAMETER>I_EXTENSION</PARAMETER>
       <KIND>P</KIND>
       <STEXT>Extension of tree</STEXT>
       <INDEX> 004</INDEX>
      </RSFDO>
      <RSFDO>
       <PARAMETER>I_CONTAINER</PARAMETER>
       <KIND>P</KIND>
       <STEXT>Abstract Container for GUI Controls</STEXT>
       <INDEX> 005</INDEX>
      </RSFDO>
      <RSFDO>
       <PARAMETER>E_TREE_CONTROL</PARAMETER>
       <KIND>P</KIND>
       <STEXT>Simple Tree Control</STEXT>
       <INDEX> 006</INDEX>
      </RSFDO>
      <RSFDO>
       <PARAMETER>T_NODES</PARAMETER>
       <KIND>P</KIND>
       <STEXT>Tree Control: Structure TREEV_NODE + TEXT Field of Len 100</STEXT>
       <INDEX> 007</INDEX>
      </RSFDO>
      <RSFDO>
       <PARAMETER>E_DOCK_CONTAINER</PARAMETER>
       <KIND>P</KIND>
       <STEXT>Docking Control Container</STEXT>
       <INDEX> 008</INDEX>
      </RSFDO>
      <RSFDO>
       <PARAMETER>T_TREE_TAB</PARAMETER>
       <KIND>P</KIND>
       <STEXT/>
       <INDEX> 009</INDEX>
      </RSFDO>
     </DOCUMENTATION>
    </item>
    <item>
     <FUNCNAME>ZFM_CR_CACT</FUNCNAME>
     <INCLUDE>LZFG_COMMONU07</INCLUDE>
     <GLOBAL_FLAG/>
     <REMOTE_CALL/>
     <UPDATE_TASK/>
     <SHORT_TEXT>CR CACT</SHORT_TEXT>
     <REMOTE_BASXML/>
     <IMPORT/>
     <CHANGING/>
     <EXPORT/>
     <TABLES/>
     <EXCEPTION>
      <RSEXC>
       <EXCEPTION>INVALID</EXCEPTION>
       <IS_RESUMABLE/>
      </RSEXC>
     </EXCEPTION>
     <DOCUMENTATION>
      <RSFDO>
       <PARAMETER>INVALID</PARAMETER>
       <KIND>X</KIND>
       <STEXT>Invalid</STEXT>
       <INDEX> 001</INDEX>
      </RSFDO>
     </DOCUMENTATION>
    </item>
    <item>
     <FUNCNAME>ZFM_CR_CDB</FUNCNAME>
     <INCLUDE>LZFG_COMMONU06</INCLUDE>
     <GLOBAL_FLAG/>
     <REMOTE_CALL/>
     <UPDATE_TASK/>
     <SHORT_TEXT>CR CDB</SHORT_TEXT>
     <REMOTE_BASXML/>
     <IMPORT/>
     <CHANGING/>
     <EXPORT/>
     <TABLES/>
     <EXCEPTION>
      <RSEXC>
       <EXCEPTION>INVALID</EXCEPTION>
       <IS_RESUMABLE/>
      </RSEXC>
     </EXCEPTION>
     <DOCUMENTATION>
      <RSFDO>
       <PARAMETER>INVALID</PARAMETER>
       <KIND>X</KIND>
       <STEXT>Invalid</STEXT>
       <INDEX> 001</INDEX>
      </RSFDO>
     </DOCUMENTATION>
    </item>
    <item>
     <FUNCNAME>ZFM_EMAIL_CHECK</FUNCNAME>
     <INCLUDE>LZFG_COMMONU10</INCLUDE>
     <GLOBAL_FLAG/>
     <REMOTE_CALL/>
     <UPDATE_TASK/>
     <SHORT_TEXT>Check email address</SHORT_TEXT>
     <REMOTE_BASXML/>
     <IMPORT>
      <RSIMP>
       <PARAMETER>I_EMAIL</PARAMETER>
       <DBFIELD/>
       <DEFAULT/>
       <TYPES/>
       <OPTIONAL/>
       <REFERENCE>X</REFERENCE>
       <CHANGING/>
       <TYP>AD_SMTPADR</TYP>
       <CLASS/>
       <REF_CLASS/>
       <LINE_OF/>
       <TABLE_OF/>
      </RSIMP>
     </IMPORT>
     <CHANGING/>
     <EXPORT/>
     <TABLES/>
     <EXCEPTION>
      <RSEXC>
       <EXCEPTION>INVALID</EXCEPTION>
       <IS_RESUMABLE/>
      </RSEXC>
     </EXCEPTION>
     <DOCUMENTATION>
      <RSFDO>
       <PARAMETER>I_EMAIL</PARAMETER>
       <KIND>P</KIND>
       <STEXT>E-Mail Address</STEXT>
       <INDEX> 001</INDEX>
      </RSFDO>
      <RSFDO>
       <PARAMETER>INVALID</PARAMETER>
       <KIND>X</KIND>
       <STEXT>Email invalid</STEXT>
       <INDEX> 002</INDEX>
      </RSFDO>
     </DOCUMENTATION>
    </item>
    <item>
     <FUNCNAME>ZFM_SUBMIT_DATA_TO_SELOPT</FUNCNAME>
     <INCLUDE>LZFG_COMMONU08</INCLUDE>
     <GLOBAL_FLAG/>
     <REMOTE_CALL/>
     <UPDATE_TASK/>
     <SHORT_TEXT>Convert data to select option</SHORT_TEXT>
     <REMOTE_BASXML/>
     <IMPORT>
      <RSIMP>
       <PARAMETER>I_LOW</PARAMETER>
       <DBFIELD/>
       <DEFAULT/>
       <TYPES/>
       <OPTIONAL>X</OPTIONAL>
       <REFERENCE>X</REFERENCE>
       <CHANGING/>
       <TYP/>
       <CLASS/>
       <REF_CLASS/>
       <LINE_OF/>
       <TABLE_OF/>
      </RSIMP>
      <RSIMP>
       <PARAMETER>I_HIGH</PARAMETER>
       <DBFIELD/>
       <DEFAULT/>
       <TYPES/>
       <OPTIONAL>X</OPTIONAL>
       <REFERENCE>X</REFERENCE>
       <CHANGING/>
       <TYP/>
       <CLASS/>
       <REF_CLASS/>
       <LINE_OF/>
       <TABLE_OF/>
      </RSIMP>
      <RSIMP>
       <PARAMETER>IR_SELOPT</PARAMETER>
       <DBFIELD/>
       <DEFAULT/>
       <TYPES/>
       <OPTIONAL>X</OPTIONAL>
       <REFERENCE>X</REFERENCE>
       <CHANGING/>
       <TYP>TABLE</TYP>
       <CLASS/>
       <REF_CLASS/>
       <LINE_OF/>
       <TABLE_OF/>
      </RSIMP>
      <RSIMP>
       <PARAMETER>I_DATATYPE</PARAMETER>
       <DBFIELD/>
       <DEFAULT/>
       <TYPES/>
       <OPTIONAL>X</OPTIONAL>
       <REFERENCE>X</REFERENCE>
       <CHANGING/>
       <TYP>CHAR10</TYP>
       <CLASS/>
       <REF_CLASS/>
       <LINE_OF/>
       <TABLE_OF/>
      </RSIMP>
     </IMPORT>
     <CHANGING/>
     <EXPORT>
      <RSEXP>
       <PARAMETER>ER_SELOPT</PARAMETER>
       <DBFIELD/>
       <TYPES/>
       <REFERENCE>X</REFERENCE>
       <TYP>RSDSSELOPT_T</TYP>
       <CLASS/>
       <REF_CLASS/>
       <LINE_OF/>
       <TABLE_OF/>
      </RSEXP>
     </EXPORT>
     <TABLES/>
     <EXCEPTION/>
     <DOCUMENTATION>
      <RSFDO>
       <PARAMETER>I_LOW</PARAMETER>
       <KIND>P</KIND>
       <STEXT>Low</STEXT>
       <INDEX> 001</INDEX>
      </RSFDO>
      <RSFDO>
       <PARAMETER>I_HIGH</PARAMETER>
       <KIND>P</KIND>
       <STEXT>High</STEXT>
       <INDEX> 002</INDEX>
      </RSFDO>
      <RSFDO>
       <PARAMETER>IR_SELOPT</PARAMETER>
       <KIND>P</KIND>
       <STEXT>Select option</STEXT>
       <INDEX> 003</INDEX>
      </RSFDO>
      <RSFDO>
       <PARAMETER>I_DATATYPE</PARAMETER>
       <KIND>P</KIND>
       <STEXT>&apos;MONTH&apos;; &apos;DATE&apos;; &apos;ALWNIT&apos;</STEXT>
       <INDEX> 004</INDEX>
      </RSFDO>
      <RSFDO>
       <PARAMETER>ER_SELOPT</PARAMETER>
       <KIND>P</KIND>
       <STEXT/>
       <INDEX> 005</INDEX>
      </RSFDO>
     </DOCUMENTATION>
    </item>
    <item>
     <FUNCNAME>ZFM_SUBMIT_DATA_TO_SELOPT2</FUNCNAME>
     <INCLUDE>LZFG_COMMONU16</INCLUDE>
     <GLOBAL_FLAG/>
     <REMOTE_CALL/>
     <UPDATE_TASK/>
     <SHORT_TEXT>Convert data to select option</SHORT_TEXT>
     <REMOTE_BASXML/>
     <IMPORT>
      <RSIMP>
       <PARAMETER>I_LOW</PARAMETER>
       <DBFIELD/>
       <DEFAULT/>
       <TYPES/>
       <OPTIONAL>X</OPTIONAL>
       <REFERENCE>X</REFERENCE>
       <CHANGING/>
       <TYP/>
       <CLASS/>
       <REF_CLASS/>
       <LINE_OF/>
       <TABLE_OF/>
      </RSIMP>
      <RSIMP>
       <PARAMETER>I_HIGH</PARAMETER>
       <DBFIELD/>
       <DEFAULT/>
       <TYPES/>
       <OPTIONAL>X</OPTIONAL>
       <REFERENCE>X</REFERENCE>
       <CHANGING/>
       <TYP/>
       <CLASS/>
       <REF_CLASS/>
       <LINE_OF/>
       <TABLE_OF/>
      </RSIMP>
      <RSIMP>
       <PARAMETER>IR_SELOPT</PARAMETER>
       <DBFIELD/>
       <DEFAULT/>
       <TYPES/>
       <OPTIONAL>X</OPTIONAL>
       <REFERENCE>X</REFERENCE>
       <CHANGING/>
       <TYP>TABLE</TYP>
       <CLASS/>
       <REF_CLASS/>
       <LINE_OF/>
       <TABLE_OF/>
      </RSIMP>
      <RSIMP>
       <PARAMETER>I_DATATYPE</PARAMETER>
       <DBFIELD/>
       <DEFAULT/>
       <TYPES/>
       <OPTIONAL>X</OPTIONAL>
       <REFERENCE>X</REFERENCE>
       <CHANGING/>
       <TYP>CHAR10</TYP>
       <CLASS/>
       <REF_CLASS/>
       <LINE_OF/>
       <TABLE_OF/>
      </RSIMP>
      <RSIMP>
       <PARAMETER>I_DOMAIN</PARAMETER>
       <DBFIELD>DD01L-DOMNAME</DBFIELD>
       <DEFAULT/>
       <TYPES/>
       <OPTIONAL>X</OPTIONAL>
       <REFERENCE>X</REFERENCE>
       <CHANGING/>
       <TYP/>
       <CLASS/>
       <REF_CLASS/>
       <LINE_OF/>
       <TABLE_OF/>
      </RSIMP>
     </IMPORT>
     <CHANGING/>
     <EXPORT>
      <RSEXP>
       <PARAMETER>ER_SELOPT</PARAMETER>
       <DBFIELD/>
       <TYPES/>
       <REFERENCE>X</REFERENCE>
       <TYP>RSDSSELOPT_T</TYP>
       <CLASS/>
       <REF_CLASS/>
       <LINE_OF/>
       <TABLE_OF/>
      </RSEXP>
     </EXPORT>
     <TABLES/>
     <EXCEPTION/>
     <DOCUMENTATION>
      <RSFDO>
       <PARAMETER>I_LOW</PARAMETER>
       <KIND>P</KIND>
       <STEXT>Low</STEXT>
       <INDEX> 001</INDEX>
      </RSFDO>
      <RSFDO>
       <PARAMETER>I_HIGH</PARAMETER>
       <KIND>P</KIND>
       <STEXT>High</STEXT>
       <INDEX> 002</INDEX>
      </RSFDO>
      <RSFDO>
       <PARAMETER>IR_SELOPT</PARAMETER>
       <KIND>P</KIND>
       <STEXT>Select option</STEXT>
       <INDEX> 003</INDEX>
      </RSFDO>
      <RSFDO>
       <PARAMETER>I_DATATYPE</PARAMETER>
       <KIND>P</KIND>
       <STEXT>&apos;MONTH&apos;; &apos;DATE&apos;; &apos;ALWNIT&apos;</STEXT>
       <INDEX> 004</INDEX>
      </RSFDO>
      <RSFDO>
       <PARAMETER>I_DOMAIN</PARAMETER>
       <KIND>P</KIND>
       <STEXT>Domain name</STEXT>
       <INDEX> 005</INDEX>
      </RSFDO>
      <RSFDO>
       <PARAMETER>ER_SELOPT</PARAMETER>
       <KIND>P</KIND>
       <STEXT/>
       <INDEX> 006</INDEX>
      </RSFDO>
     </DOCUMENTATION>
    </item>
    <item>
     <FUNCNAME>ZFM_SUBMIT_GET_PARA</FUNCNAME>
     <INCLUDE>LZFG_COMMONU04</INCLUDE>
     <GLOBAL_FLAG/>
     <REMOTE_CALL/>
     <UPDATE_TASK/>
     <SHORT_TEXT>Get map parameter from submit program</SHORT_TEXT>
     <REMOTE_BASXML/>
     <IMPORT>
      <RSIMP>
       <PARAMETER>I_CPROG</PARAMETER>
       <DBFIELD/>
       <DEFAULT/>
       <TYPES/>
       <OPTIONAL/>
       <REFERENCE>X</REFERENCE>
       <CHANGING/>
       <TYP>SYCPROG</TYP>
       <CLASS/>
       <REF_CLASS/>
       <LINE_OF/>
       <TABLE_OF/>
      </RSIMP>
      <RSIMP>
       <PARAMETER>I_SPROG</PARAMETER>
       <DBFIELD/>
       <DEFAULT/>
       <TYPES/>
       <OPTIONAL/>
       <REFERENCE>X</REFERENCE>
       <CHANGING/>
       <TYP>REPID</TYP>
       <CLASS/>
       <REF_CLASS/>
       <LINE_OF/>
       <TABLE_OF/>
      </RSIMP>
     </IMPORT>
     <CHANGING/>
     <EXPORT>
      <RSEXP>
       <PARAMETER>T_RSPARAM</PARAMETER>
       <DBFIELD/>
       <TYPES/>
       <REFERENCE>X</REFERENCE>
       <TYP>RSPARAMS_TT</TYP>
       <CLASS/>
       <REF_CLASS/>
       <LINE_OF/>
       <TABLE_OF/>
      </RSEXP>
     </EXPORT>
     <TABLES/>
     <EXCEPTION/>
     <DOCUMENTATION>
      <RSFDO>
       <PARAMETER>I_CPROG</PARAMETER>
       <KIND>P</KIND>
       <STEXT>Calling Program</STEXT>
       <INDEX> 001</INDEX>
      </RSFDO>
      <RSFDO>
       <PARAMETER>I_SPROG</PARAMETER>
       <KIND>P</KIND>
       <STEXT>Submit program</STEXT>
       <INDEX> 002</INDEX>
      </RSFDO>
      <RSFDO>
       <PARAMETER>T_RSPARAM</PARAMETER>
       <KIND>P</KIND>
       <STEXT>rsparams Table</STEXT>
       <INDEX> 003</INDEX>
      </RSFDO>
     </DOCUMENTATION>
    </item>
    <item>
     <FUNCNAME>ZFM_SUBMIT_PROG</FUNCNAME>
     <INCLUDE>LZFG_COMMONU03</INCLUDE>
     <GLOBAL_FLAG/>
     <REMOTE_CALL/>
     <UPDATE_TASK/>
     <SHORT_TEXT>Submit program</SHORT_TEXT>
     <REMOTE_BASXML/>
     <IMPORT>
      <RSIMP>
       <PARAMETER>I_CPROG</PARAMETER>
       <DBFIELD/>
       <DEFAULT>SY-CPROG</DEFAULT>
       <TYPES/>
       <OPTIONAL>X</OPTIONAL>
       <REFERENCE>X</REFERENCE>
       <CHANGING/>
       <TYP>SYCPROG</TYP>
       <CLASS/>
       <REF_CLASS/>
       <LINE_OF/>
       <TABLE_OF/>
      </RSIMP>
      <RSIMP>
       <PARAMETER>I_SPROG</PARAMETER>
       <DBFIELD/>
       <DEFAULT/>
       <TYPES/>
       <OPTIONAL/>
       <REFERENCE>X</REFERENCE>
       <CHANGING/>
       <TYP>REPID</TYP>
       <CLASS/>
       <REF_CLASS/>
       <LINE_OF/>
       <TABLE_OF/>
      </RSIMP>
      <RSIMP>
       <PARAMETER>I_NO_AUTO_MAP</PARAMETER>
       <DBFIELD/>
       <DEFAULT/>
       <TYPES/>
       <OPTIONAL>X</OPTIONAL>
       <REFERENCE>X</REFERENCE>
       <CHANGING/>
       <TYP>XMARK</TYP>
       <CLASS/>
       <REF_CLASS/>
       <LINE_OF/>
       <TABLE_OF/>
      </RSIMP>
      <RSIMP>
       <PARAMETER>T_RSPARAM</PARAMETER>
       <DBFIELD/>
       <DEFAULT/>
       <TYPES/>
       <OPTIONAL>X</OPTIONAL>
       <REFERENCE>X</REFERENCE>
       <CHANGING/>
       <TYP>RSPARAMS_TT</TYP>
       <CLASS/>
       <REF_CLASS/>
       <LINE_OF/>
       <TABLE_OF/>
      </RSIMP>
     </IMPORT>
     <CHANGING/>
     <EXPORT/>
     <TABLES/>
     <EXCEPTION/>
     <DOCUMENTATION>
      <RSFDO>
       <PARAMETER>I_CPROG</PARAMETER>
       <KIND>P</KIND>
       <STEXT>Calling Program</STEXT>
       <INDEX> 001</INDEX>
      </RSFDO>
      <RSFDO>
       <PARAMETER>I_SPROG</PARAMETER>
       <KIND>P</KIND>
       <STEXT>Submit program</STEXT>
       <INDEX> 002</INDEX>
      </RSFDO>
      <RSFDO>
       <PARAMETER>I_NO_AUTO_MAP</PARAMETER>
       <KIND>P</KIND>
       <STEXT>Auto map paramaeters flag</STEXT>
       <INDEX> 003</INDEX>
      </RSFDO>
      <RSFDO>
       <PARAMETER>T_RSPARAM</PARAMETER>
       <KIND>P</KIND>
       <STEXT>Parameter Table</STEXT>
       <INDEX> 004</INDEX>
      </RSFDO>
     </DOCUMENTATION>
    </item>
    <item>
     <FUNCNAME>ZFM_SUBMIT_SELOPT_TO_PARAMS</FUNCNAME>
     <INCLUDE>LZFG_COMMONU09</INCLUDE>
     <GLOBAL_FLAG/>
     <REMOTE_CALL/>
     <UPDATE_TASK/>
     <SHORT_TEXT>Convert select option to RSPARAMS</SHORT_TEXT>
     <REMOTE_BASXML/>
     <IMPORT>
      <RSIMP>
       <PARAMETER>I_SELNAME</PARAMETER>
       <DBFIELD/>
       <DEFAULT/>
       <TYPES/>
       <OPTIONAL/>
       <REFERENCE>X</REFERENCE>
       <CHANGING/>
       <TYP>RSSCR_NAME</TYP>
       <CLASS/>
       <REF_CLASS/>
       <LINE_OF/>
       <TABLE_OF/>
      </RSIMP>
      <RSIMP>
       <PARAMETER>IR_SELOPT</PARAMETER>
       <DBFIELD/>
       <DEFAULT/>
       <TYPES/>
       <OPTIONAL/>
       <REFERENCE>X</REFERENCE>
       <CHANGING/>
       <TYP>TABLE</TYP>
       <CLASS/>
       <REF_CLASS/>
       <LINE_OF/>
       <TABLE_OF/>
      </RSIMP>
     </IMPORT>
     <CHANGING/>
     <EXPORT>
      <RSEXP>
       <PARAMETER>ET_PARAMS</PARAMETER>
       <DBFIELD/>
       <TYPES/>
       <REFERENCE>X</REFERENCE>
       <TYP>RSPARAMS_TT</TYP>
       <CLASS/>
       <REF_CLASS/>
       <LINE_OF/>
       <TABLE_OF/>
      </RSEXP>
     </EXPORT>
     <TABLES/>
     <EXCEPTION/>
     <DOCUMENTATION>
      <RSFDO>
       <PARAMETER>I_SELNAME</PARAMETER>
       <KIND>P</KIND>
       <STEXT>ABAP/4: Name of SELECT-OPTION / PARAMETER</STEXT>
       <INDEX> 001</INDEX>
      </RSFDO>
      <RSFDO>
       <PARAMETER>IR_SELOPT</PARAMETER>
       <KIND>P</KIND>
       <STEXT>Select option</STEXT>
       <INDEX> 002</INDEX>
      </RSFDO>
      <RSFDO>
       <PARAMETER>ET_PARAMS</PARAMETER>
       <KIND>P</KIND>
       <STEXT>rsparams Table</STEXT>
       <INDEX> 003</INDEX>
      </RSFDO>
     </DOCUMENTATION>
    </item>
    <item>
     <FUNCNAME>ZFM_VARIANT_GET</FUNCNAME>
     <INCLUDE>LZFG_COMMONU13</INCLUDE>
     <GLOBAL_FLAG/>
     <REMOTE_CALL/>
     <UPDATE_TASK/>
     <SHORT_TEXT>Get value of a variant (Parameter)</SHORT_TEXT>
     <REMOTE_BASXML/>
     <IMPORT>
      <RSIMP>
       <PARAMETER>I_VAR_NAME</PARAMETER>
       <DBFIELD/>
       <DEFAULT/>
       <TYPES/>
       <OPTIONAL/>
       <REFERENCE>X</REFERENCE>
       <CHANGING/>
       <TYP>RVARI_VNAM</TYP>
       <CLASS/>
       <REF_CLASS/>
       <LINE_OF/>
       <TABLE_OF/>
      </RSIMP>
     </IMPORT>
     <CHANGING/>
     <EXPORT>
      <RSEXP>
       <PARAMETER>E_VAR_VALUE</PARAMETER>
       <DBFIELD/>
       <TYPES/>
       <REFERENCE>X</REFERENCE>
       <TYP/>
       <CLASS/>
       <REF_CLASS/>
       <LINE_OF/>
       <TABLE_OF/>
      </RSEXP>
     </EXPORT>
     <TABLES/>
     <EXCEPTION>
      <RSEXC>
       <EXCEPTION>NOT_FOUND</EXCEPTION>
       <IS_RESUMABLE/>
      </RSEXC>
     </EXCEPTION>
     <DOCUMENTATION>
      <RSFDO>
       <PARAMETER>I_VAR_NAME</PARAMETER>
       <KIND>P</KIND>
       <STEXT>ABAP: Name of Variant Variable</STEXT>
       <INDEX> 001</INDEX>
      </RSFDO>
      <RSFDO>
       <PARAMETER>E_VAR_VALUE</PARAMETER>
       <KIND>P</KIND>
       <STEXT>Variant value</STEXT>
       <INDEX> 002</INDEX>
      </RSFDO>
      <RSFDO>
       <PARAMETER>NOT_FOUND</PARAMETER>
       <KIND>X</KIND>
       <STEXT>Not found</STEXT>
       <INDEX> 003</INDEX>
      </RSFDO>
     </DOCUMENTATION>
    </item>
    <item>
     <FUNCNAME>ZFM_VARIANT_GET_MULTI</FUNCNAME>
     <INCLUDE>LZFG_COMMONU14</INCLUDE>
     <GLOBAL_FLAG/>
     <REMOTE_CALL/>
     <UPDATE_TASK/>
     <SHORT_TEXT>Get multi variants (Parameter)</SHORT_TEXT>
     <REMOTE_BASXML/>
     <IMPORT/>
     <CHANGING>
      <RSCHA>
       <PARAMETER>C_TVARVC</PARAMETER>
       <DBFIELD/>
       <DEFAULT/>
       <TYPES/>
       <OPTIONAL/>
       <REFERENCE>X</REFERENCE>
       <CHANGING/>
       <TYP>TVARVC_T</TYP>
       <CLASS/>
       <REF_CLASS/>
       <LINE_OF/>
       <TABLE_OF/>
      </RSCHA>
     </CHANGING>
     <EXPORT/>
     <TABLES/>
     <EXCEPTION>
      <RSEXC>
       <EXCEPTION>NOT_FOUND</EXCEPTION>
       <IS_RESUMABLE/>
      </RSEXC>
     </EXCEPTION>
     <DOCUMENTATION>
      <RSFDO>
       <PARAMETER>C_TVARVC</PARAMETER>
       <KIND>P</KIND>
       <STEXT>Table for TVARVC Structure</STEXT>
       <INDEX> 001</INDEX>
      </RSFDO>
      <RSFDO>
       <PARAMETER>NOT_FOUND</PARAMETER>
       <KIND>X</KIND>
       <STEXT>Not found</STEXT>
       <INDEX> 002</INDEX>
      </RSFDO>
     </DOCUMENTATION>
    </item>
    <item>
     <FUNCNAME>ZREUSE_ALV_GRID_COMMENTARY_SET</FUNCNAME>
     <INCLUDE>LZFG_COMMONU05</INCLUDE>
     <GLOBAL_FLAG/>
     <REMOTE_CALL/>
     <UPDATE_TASK/>
     <SHORT_TEXT>interner Gebrauch: Standardgestaltung des ALV-TOP mit Dynam. Dokument</SHORT_TEXT>
     <REMOTE_BASXML/>
     <IMPORT>
      <RSIMP>
       <PARAMETER>DOCUMENT</PARAMETER>
       <DBFIELD/>
       <DEFAULT/>
       <TYPES/>
       <OPTIONAL/>
       <REFERENCE>X</REFERENCE>
       <CHANGING/>
       <TYP>REF TO CL_DD_DOCUMENT</TYP>
       <CLASS/>
       <REF_CLASS>X</REF_CLASS>
       <LINE_OF/>
       <TABLE_OF/>
      </RSIMP>
      <RSIMP>
       <PARAMETER>BOTTOM</PARAMETER>
       <DBFIELD/>
       <DEFAULT/>
       <TYPES/>
       <OPTIONAL/>
       <REFERENCE>X</REFERENCE>
       <CHANGING/>
       <TYP/>
       <CLASS/>
       <REF_CLASS/>
       <LINE_OF/>
       <TABLE_OF/>
      </RSIMP>
     </IMPORT>
     <CHANGING/>
     <EXPORT>
      <RSEXP>
       <PARAMETER>LENGTH</PARAMETER>
       <DBFIELD/>
       <TYPES/>
       <REFERENCE>X</REFERENCE>
       <TYP>I</TYP>
       <CLASS/>
       <REF_CLASS/>
       <LINE_OF/>
       <TABLE_OF/>
      </RSEXP>
     </EXPORT>
     <TABLES/>
     <EXCEPTION/>
     <DOCUMENTATION>
      <RSFDO>
       <PARAMETER>DOCUMENT</PARAMETER>
       <KIND>P</KIND>
       <STEXT/>
       <INDEX> 001</INDEX>
      </RSFDO>
      <RSFDO>
       <PARAMETER>BOTTOM</PARAMETER>
       <KIND>P</KIND>
       <STEXT/>
       <INDEX> 002</INDEX>
      </RSFDO>
      <RSFDO>
       <PARAMETER>LENGTH</PARAMETER>
       <KIND>P</KIND>
       <STEXT/>
       <INDEX> 003</INDEX>
      </RSFDO>
     </DOCUMENTATION>
    </item>
   </FUNCTIONS>
   <DYNPROS/>
   <CUA>
    <ADM>
     <ACTCODE/>
     <MENCODE/>
     <PFKCODE/>
     <DEFAULTACT/>
     <DEFAULTPFK/>
     <MOD_LANGU/>
    </ADM>
    <STA/>
    <FUN/>
    <MEN/>
    <MTX/>
    <ACT/>
    <BUT/>
    <PFK/>
    <SET/>
    <DOC/>
    <TIT/>
    <BIV/>
   </CUA>
  </asx:values>
 </asx:abap>
</abapGit>
