﻿<?xml version="1.0" encoding="utf-8"?>
<abapGit version="v1.0.0" serializer="LCL_OBJECT_FUGR" serializer_version="v1.0.0">
 <asx:abap xmlns:asx="http://www.sap.com/abapxml" version="1.0">
  <asx:values>
   <AREAT>Job config</AREAT>
   <INCLUDES>
    <SOBJ_NAME>LZFG_JBCFTOP</SOBJ_NAME>
    <SOBJ_NAME>ZIN_COMMONTOP</SOBJ_NAME>
    <SOBJ_NAME>SAPLZFG_JBCF</SOBJ_NAME>
   </INCLUDES>
   <FUNCTIONS>
    <item>
     <FUNCNAME>ZFM_JBCF_CREATE_JOB</FUNCNAME>
     <INCLUDE>LZFG_JBCFU02</INCLUDE>
     <GLOBAL_FLAG/>
     <REMOTE_CALL/>
     <UPDATE_TASK/>
     <SHORT_TEXT>Create job</SHORT_TEXT>
     <REMOTE_BASXML/>
     <IMPORT/>
     <CHANGING/>
     <EXPORT/>
     <TABLES/>
     <EXCEPTION/>
     <DOCUMENTATION/>
    </item>
    <item>
     <FUNCNAME>ZFM_JBCF_GET_CONFIG</FUNCNAME>
     <INCLUDE>LZFG_JBCFU01</INCLUDE>
     <GLOBAL_FLAG/>
     <REMOTE_CALL/>
     <UPDATE_TASK/>
     <SHORT_TEXT>Get config</SHORT_TEXT>
     <REMOTE_BASXML/>
     <IMPORT/>
     <CHANGING/>
     <EXPORT>
      <RSEXP>
       <PARAMETER>T_JBCF_JOB_ALL</PARAMETER>
       <DBFIELD/>
       <TYPES/>
       <REFERENCE>X</REFERENCE>
       <TYP>ZTT_JBCF_JOB_ALL</TYP>
       <CLASS/>
       <REF_CLASS/>
       <LINE_OF/>
       <TABLE_OF/>
      </RSEXP>
     </EXPORT>
     <TABLES/>
     <EXCEPTION/>
     <DOCUMENTATION>
      <RSFDO>
       <PARAMETER>T_JBCF_JOB_ALL</PARAMETER>
       <KIND>P</KIND>
       <STEXT>Job all</STEXT>
       <INDEX> 001</INDEX>
      </RSFDO>
     </DOCUMENTATION>
    </item>
    <item>
     <FUNCNAME>ZFM_JBCF_JOB_CREATE_SINGLE</FUNCNAME>
     <INCLUDE>LZFG_JBCFU03</INCLUDE>
     <GLOBAL_FLAG/>
     <REMOTE_CALL/>
     <UPDATE_TASK/>
     <SHORT_TEXT>Create single job</SHORT_TEXT>
     <REMOTE_BASXML/>
     <IMPORT>
      <RSIMP>
       <PARAMETER>I_JBCF_JOB_ALL</PARAMETER>
       <DBFIELD/>
       <DEFAULT/>
       <TYPES/>
       <OPTIONAL/>
       <REFERENCE>X</REFERENCE>
       <CHANGING/>
       <TYP>ZST_JBCF_JOB</TYP>
       <CLASS/>
       <REF_CLASS/>
       <LINE_OF/>
       <TABLE_OF/>
      </RSIMP>
     </IMPORT>
     <CHANGING/>
     <EXPORT>
      <RSEXP>
       <PARAMETER>E_JOBCOUNT</PARAMETER>
       <DBFIELD/>
       <TYPES/>
       <REFERENCE>X</REFERENCE>
       <TYP>TBTCJOB-JOBCOUNT</TYP>
       <CLASS/>
       <REF_CLASS/>
       <LINE_OF/>
       <TABLE_OF/>
      </RSEXP>
     </EXPORT>
     <TABLES/>
     <EXCEPTION>
      <RSEXC>
       <EXCEPTION>JOB_CREATE_ERROR</EXCEPTION>
       <IS_RESUMABLE/>
      </RSEXC>
      <RSEXC>
       <EXCEPTION>JOB_STEP_CREATE_ERROR</EXCEPTION>
       <IS_RESUMABLE/>
      </RSEXC>
     </EXCEPTION>
     <DOCUMENTATION>
      <RSFDO>
       <PARAMETER>I_JBCF_JOB_ALL</PARAMETER>
       <KIND>P</KIND>
       <STEXT>Job info</STEXT>
       <INDEX> 001</INDEX>
      </RSFDO>
      <RSFDO>
       <PARAMETER>E_JOBCOUNT</PARAMETER>
       <KIND>P</KIND>
       <STEXT>Job ID</STEXT>
       <INDEX> 002</INDEX>
      </RSFDO>
      <RSFDO>
       <PARAMETER>JOB_CREATE_ERROR</PARAMETER>
       <KIND>X</KIND>
       <STEXT/>
       <INDEX> 003</INDEX>
      </RSFDO>
      <RSFDO>
       <PARAMETER>JOB_STEP_CREATE_ERROR</PARAMETER>
       <KIND>X</KIND>
       <STEXT/>
       <INDEX> 004</INDEX>
      </RSFDO>
     </DOCUMENTATION>
    </item>
   </FUNCTIONS>
   <DYNPROS/>
   <CUA>
    <ADM>
     <ACTCODE/>
     <MENCODE/>
     <PFKCODE/>
     <DEFAULTACT/>
     <DEFAULTPFK/>
     <MOD_LANGU/>
    </ADM>
    <STA/>
    <FUN/>
    <MEN/>
    <MTX/>
    <ACT/>
    <BUT/>
    <PFK/>
    <SET/>
    <DOC/>
    <TIT/>
    <BIV/>
   </CUA>
  </asx:values>
 </asx:abap>
</abapGit>
