﻿<?xml version="1.0" encoding="utf-8"?>
<abapGit version="v1.0.0" serializer="LCL_OBJECT_FUGR" serializer_version="v1.0.0">
 <asx:abap xmlns:asx="http://www.sap.com/abapxml" version="1.0">
  <asx:values>
   <AREAT>Data processing</AREAT>
   <INCLUDES>
    <SOBJ_NAME>LZFG_DATA_PROCESSF01</SOBJ_NAME>
    <SOBJ_NAME>LZFG_DATA_PROCESSTOP</SOBJ_NAME>
    <SOBJ_NAME>ZIN_COMMONTOP</SOBJ_NAME>
    <SOBJ_NAME>SAPLZFG_DATA_PROCESS</SOBJ_NAME>
   </INCLUDES>
   <FUNCTIONS>
    <item>
     <FUNCNAME>CONVERSION_EXIT_ZZALL_INPUT</FUNCNAME>
     <INCLUDE>LZFG_DATA_PROCESSU16</INCLUDE>
     <GLOBAL_FLAG/>
     <REMOTE_CALL/>
     <UPDATE_TASK/>
     <SHORT_TEXT>All display fix values</SHORT_TEXT>
     <REMOTE_BASXML/>
     <IMPORT>
      <RSIMP>
       <PARAMETER>INPUT</PARAMETER>
       <DBFIELD/>
       <DEFAULT/>
       <TYPES/>
       <OPTIONAL/>
       <REFERENCE>X</REFERENCE>
       <CHANGING/>
       <TYP>ANY</TYP>
       <CLASS/>
       <REF_CLASS/>
       <LINE_OF/>
       <TABLE_OF/>
      </RSIMP>
      <RSIMP>
       <PARAMETER>I_DOMNAME</PARAMETER>
       <DBFIELD/>
       <DEFAULT/>
       <TYPES/>
       <OPTIONAL/>
       <REFERENCE>X</REFERENCE>
       <CHANGING/>
       <TYP>DOMNAME</TYP>
       <CLASS/>
       <REF_CLASS/>
       <LINE_OF/>
       <TABLE_OF/>
      </RSIMP>
     </IMPORT>
     <CHANGING/>
     <EXPORT>
      <RSEXP>
       <PARAMETER>OUTPUT</PARAMETER>
       <DBFIELD/>
       <TYPES/>
       <REFERENCE>X</REFERENCE>
       <TYP>ANY</TYP>
       <CLASS/>
       <REF_CLASS/>
       <LINE_OF/>
       <TABLE_OF/>
      </RSEXP>
     </EXPORT>
     <TABLES/>
     <EXCEPTION/>
     <DOCUMENTATION>
      <RSFDO>
       <PARAMETER>INPUT</PARAMETER>
       <KIND>P</KIND>
       <STEXT/>
       <INDEX> 001</INDEX>
      </RSFDO>
      <RSFDO>
       <PARAMETER>I_DOMNAME</PARAMETER>
       <KIND>P</KIND>
       <STEXT>Domain name</STEXT>
       <INDEX> 002</INDEX>
      </RSFDO>
      <RSFDO>
       <PARAMETER>OUTPUT</PARAMETER>
       <KIND>P</KIND>
       <STEXT/>
       <INDEX> 003</INDEX>
      </RSFDO>
     </DOCUMENTATION>
    </item>
    <item>
     <FUNCNAME>CONVERSION_EXIT_ZZALL_OUTPUT</FUNCNAME>
     <INCLUDE>LZFG_DATA_PROCESSU15</INCLUDE>
     <GLOBAL_FLAG/>
     <REMOTE_CALL/>
     <UPDATE_TASK/>
     <SHORT_TEXT>All display fix values</SHORT_TEXT>
     <REMOTE_BASXML/>
     <IMPORT>
      <RSIMP>
       <PARAMETER>INPUT</PARAMETER>
       <DBFIELD/>
       <DEFAULT/>
       <TYPES/>
       <OPTIONAL/>
       <REFERENCE>X</REFERENCE>
       <CHANGING/>
       <TYP>ANY</TYP>
       <CLASS/>
       <REF_CLASS/>
       <LINE_OF/>
       <TABLE_OF/>
      </RSIMP>
      <RSIMP>
       <PARAMETER>I_DOMNAME</PARAMETER>
       <DBFIELD/>
       <DEFAULT/>
       <TYPES/>
       <OPTIONAL/>
       <REFERENCE>X</REFERENCE>
       <CHANGING/>
       <TYP>DOMNAME</TYP>
       <CLASS/>
       <REF_CLASS/>
       <LINE_OF/>
       <TABLE_OF/>
      </RSIMP>
     </IMPORT>
     <CHANGING/>
     <EXPORT>
      <RSEXP>
       <PARAMETER>OUTPUT</PARAMETER>
       <DBFIELD/>
       <TYPES/>
       <REFERENCE>X</REFERENCE>
       <TYP>ANY</TYP>
       <CLASS/>
       <REF_CLASS/>
       <LINE_OF/>
       <TABLE_OF/>
      </RSEXP>
     </EXPORT>
     <TABLES/>
     <EXCEPTION/>
     <DOCUMENTATION>
      <RSFDO>
       <PARAMETER>INPUT</PARAMETER>
       <KIND>P</KIND>
       <STEXT/>
       <INDEX> 001</INDEX>
      </RSFDO>
      <RSFDO>
       <PARAMETER>I_DOMNAME</PARAMETER>
       <KIND>P</KIND>
       <STEXT>Domain name</STEXT>
       <INDEX> 002</INDEX>
      </RSFDO>
      <RSFDO>
       <PARAMETER>OUTPUT</PARAMETER>
       <KIND>P</KIND>
       <STEXT/>
       <INDEX> 003</INDEX>
      </RSFDO>
     </DOCUMENTATION>
    </item>
    <item>
     <FUNCNAME>ZFM_DATA_ADD_STR</FUNCNAME>
     <INCLUDE>LZFG_DATA_PROCESSU22</INCLUDE>
     <GLOBAL_FLAG/>
     <REMOTE_CALL/>
     <UPDATE_TASK/>
     <SHORT_TEXT>Add components 2 structure using mark fields</SHORT_TEXT>
     <REMOTE_BASXML/>
     <IMPORT>
      <RSIMP>
       <PARAMETER>I_STR1</PARAMETER>
       <DBFIELD/>
       <DEFAULT/>
       <TYPES/>
       <OPTIONAL/>
       <REFERENCE>X</REFERENCE>
       <CHANGING/>
       <TYP>ANY</TYP>
       <CLASS/>
       <REF_CLASS/>
       <LINE_OF/>
       <TABLE_OF/>
      </RSIMP>
      <RSIMP>
       <PARAMETER>I_STR2</PARAMETER>
       <DBFIELD/>
       <DEFAULT/>
       <TYPES/>
       <OPTIONAL/>
       <REFERENCE>X</REFERENCE>
       <CHANGING/>
       <TYP>ANY</TYP>
       <CLASS/>
       <REF_CLASS/>
       <LINE_OF/>
       <TABLE_OF/>
      </RSIMP>
      <RSIMP>
       <PARAMETER>I_STRUCTURE</PARAMETER>
       <DBFIELD/>
       <DEFAULT/>
       <TYPES/>
       <OPTIONAL/>
       <REFERENCE>X</REFERENCE>
       <CHANGING/>
       <TYP>TABNAME</TYP>
       <CLASS/>
       <REF_CLASS/>
       <LINE_OF/>
       <TABLE_OF/>
      </RSIMP>
     </IMPORT>
     <CHANGING/>
     <EXPORT>
      <RSEXP>
       <PARAMETER>E_RESULT_STR</PARAMETER>
       <DBFIELD/>
       <TYPES/>
       <REFERENCE>X</REFERENCE>
       <TYP>ANY</TYP>
       <CLASS/>
       <REF_CLASS/>
       <LINE_OF/>
       <TABLE_OF/>
      </RSEXP>
     </EXPORT>
     <TABLES/>
     <EXCEPTION>
      <RSEXC>
       <EXCEPTION>NO_STRUCTURE</EXCEPTION>
       <IS_RESUMABLE/>
      </RSEXC>
     </EXCEPTION>
     <DOCUMENTATION>
      <RSFDO>
       <PARAMETER>I_STR1</PARAMETER>
       <KIND>P</KIND>
       <STEXT>Source structure</STEXT>
       <INDEX> 001</INDEX>
      </RSFDO>
      <RSFDO>
       <PARAMETER>I_STR2</PARAMETER>
       <KIND>P</KIND>
       <STEXT>Source structure</STEXT>
       <INDEX> 002</INDEX>
      </RSFDO>
      <RSFDO>
       <PARAMETER>I_STRUCTURE</PARAMETER>
       <KIND>P</KIND>
       <STEXT>Structure Name</STEXT>
       <INDEX> 003</INDEX>
      </RSFDO>
      <RSFDO>
       <PARAMETER>E_RESULT_STR</PARAMETER>
       <KIND>P</KIND>
       <STEXT>Result</STEXT>
       <INDEX> 004</INDEX>
      </RSFDO>
      <RSFDO>
       <PARAMETER>NO_STRUCTURE</PARAMETER>
       <KIND>X</KIND>
       <STEXT>Not input structure name</STEXT>
       <INDEX> 005</INDEX>
      </RSFDO>
     </DOCUMENTATION>
    </item>
    <item>
     <FUNCNAME>ZFM_DATA_COMPARE_STR</FUNCNAME>
     <INCLUDE>LZFG_DATA_PROCESSU07</INCLUDE>
     <GLOBAL_FLAG/>
     <REMOTE_CALL/>
     <UPDATE_TASK/>
     <SHORT_TEXT>Compare 2 structure to get change info</SHORT_TEXT>
     <REMOTE_BASXML/>
     <IMPORT>
      <RSIMP>
       <PARAMETER>I_NEW_DATA</PARAMETER>
       <DBFIELD/>
       <DEFAULT/>
       <TYPES/>
       <OPTIONAL/>
       <REFERENCE>X</REFERENCE>
       <CHANGING/>
       <TYP>ANY</TYP>
       <CLASS/>
       <REF_CLASS/>
       <LINE_OF/>
       <TABLE_OF/>
      </RSIMP>
      <RSIMP>
       <PARAMETER>I_OLD_DATA</PARAMETER>
       <DBFIELD/>
       <DEFAULT/>
       <TYPES/>
       <OPTIONAL/>
       <REFERENCE>X</REFERENCE>
       <CHANGING/>
       <TYP>ANY</TYP>
       <CLASS/>
       <REF_CLASS/>
       <LINE_OF/>
       <TABLE_OF/>
      </RSIMP>
      <RSIMP>
       <PARAMETER>I_STRUCTURE</PARAMETER>
       <DBFIELD/>
       <DEFAULT/>
       <TYPES/>
       <OPTIONAL/>
       <REFERENCE>X</REFERENCE>
       <CHANGING/>
       <TYP>TABNAME</TYP>
       <CLASS/>
       <REF_CLASS/>
       <LINE_OF/>
       <TABLE_OF/>
      </RSIMP>
     </IMPORT>
     <CHANGING/>
     <EXPORT>
      <RSEXP>
       <PARAMETER>E_CHANGE_X</PARAMETER>
       <DBFIELD/>
       <TYPES/>
       <REFERENCE>X</REFERENCE>
       <TYP>ANY</TYP>
       <CLASS/>
       <REF_CLASS/>
       <LINE_OF/>
       <TABLE_OF/>
      </RSEXP>
      <RSEXP>
       <PARAMETER>E_DIFFERENT</PARAMETER>
       <DBFIELD/>
       <TYPES/>
       <REFERENCE>X</REFERENCE>
       <TYP>XMARK</TYP>
       <CLASS/>
       <REF_CLASS/>
       <LINE_OF/>
       <TABLE_OF/>
      </RSEXP>
      <RSEXP>
       <PARAMETER>ET_CHANGE_FCAT</PARAMETER>
       <DBFIELD/>
       <TYPES/>
       <REFERENCE>X</REFERENCE>
       <TYP>LVC_T_FCAT</TYP>
       <CLASS/>
       <REF_CLASS/>
       <LINE_OF/>
       <TABLE_OF/>
      </RSEXP>
     </EXPORT>
     <TABLES/>
     <EXCEPTION>
      <RSEXC>
       <EXCEPTION>NO_STRUCTURE</EXCEPTION>
       <IS_RESUMABLE/>
      </RSEXC>
     </EXCEPTION>
     <DOCUMENTATION>
      <RSFDO>
       <PARAMETER>I_NEW_DATA</PARAMETER>
       <KIND>P</KIND>
       <STEXT/>
       <INDEX> 001</INDEX>
      </RSFDO>
      <RSFDO>
       <PARAMETER>I_OLD_DATA</PARAMETER>
       <KIND>P</KIND>
       <STEXT/>
       <INDEX> 002</INDEX>
      </RSFDO>
      <RSFDO>
       <PARAMETER>I_STRUCTURE</PARAMETER>
       <KIND>P</KIND>
       <STEXT>Structure Name</STEXT>
       <INDEX> 003</INDEX>
      </RSFDO>
      <RSFDO>
       <PARAMETER>E_CHANGE_X</PARAMETER>
       <KIND>P</KIND>
       <STEXT/>
       <INDEX> 004</INDEX>
      </RSFDO>
      <RSFDO>
       <PARAMETER>E_DIFFERENT</PARAMETER>
       <KIND>P</KIND>
       <STEXT>Different</STEXT>
       <INDEX> 005</INDEX>
      </RSFDO>
      <RSFDO>
       <PARAMETER>ET_CHANGE_FCAT</PARAMETER>
       <KIND>P</KIND>
       <STEXT>Field Catalog for List Viewer Control</STEXT>
       <INDEX> 006</INDEX>
      </RSFDO>
      <RSFDO>
       <PARAMETER>NO_STRUCTURE</PARAMETER>
       <KIND>X</KIND>
       <STEXT>Not input structure name</STEXT>
       <INDEX> 007</INDEX>
      </RSFDO>
     </DOCUMENTATION>
    </item>
    <item>
     <FUNCNAME>ZFM_DATA_COMPARE_TABLE</FUNCNAME>
     <INCLUDE>LZFG_DATA_PROCESSU17</INCLUDE>
     <GLOBAL_FLAG/>
     <REMOTE_CALL/>
     <UPDATE_TASK/>
     <SHORT_TEXT>Compare 2 structure to get change info</SHORT_TEXT>
     <REMOTE_BASXML/>
     <IMPORT>
      <RSIMP>
       <PARAMETER>I_NEW_DATA</PARAMETER>
       <DBFIELD/>
       <DEFAULT/>
       <TYPES/>
       <OPTIONAL/>
       <REFERENCE>X</REFERENCE>
       <CHANGING/>
       <TYP>TABLE</TYP>
       <CLASS/>
       <REF_CLASS/>
       <LINE_OF/>
       <TABLE_OF/>
      </RSIMP>
      <RSIMP>
       <PARAMETER>I_OLD_DATA</PARAMETER>
       <DBFIELD/>
       <DEFAULT/>
       <TYPES/>
       <OPTIONAL/>
       <REFERENCE>X</REFERENCE>
       <CHANGING/>
       <TYP>TABLE</TYP>
       <CLASS/>
       <REF_CLASS/>
       <LINE_OF/>
       <TABLE_OF/>
      </RSIMP>
      <RSIMP>
       <PARAMETER>I_STRUCTURE</PARAMETER>
       <DBFIELD/>
       <DEFAULT/>
       <TYPES/>
       <OPTIONAL/>
       <REFERENCE>X</REFERENCE>
       <CHANGING/>
       <TYP>TABNAME</TYP>
       <CLASS/>
       <REF_CLASS/>
       <LINE_OF/>
       <TABLE_OF/>
      </RSIMP>
     </IMPORT>
     <CHANGING/>
     <EXPORT>
      <RSEXP>
       <PARAMETER>E_CHANGE_X</PARAMETER>
       <DBFIELD/>
       <TYPES/>
       <REFERENCE>X</REFERENCE>
       <TYP>ANY</TYP>
       <CLASS/>
       <REF_CLASS/>
       <LINE_OF/>
       <TABLE_OF/>
      </RSEXP>
      <RSEXP>
       <PARAMETER>E_DIFFERENT</PARAMETER>
       <DBFIELD/>
       <TYPES/>
       <REFERENCE>X</REFERENCE>
       <TYP>XMARK</TYP>
       <CLASS/>
       <REF_CLASS/>
       <LINE_OF/>
       <TABLE_OF/>
      </RSEXP>
     </EXPORT>
     <TABLES/>
     <EXCEPTION>
      <RSEXC>
       <EXCEPTION>NO_STRUCTURE</EXCEPTION>
       <IS_RESUMABLE/>
      </RSEXC>
     </EXCEPTION>
     <DOCUMENTATION>
      <RSFDO>
       <PARAMETER>I_NEW_DATA</PARAMETER>
       <KIND>P</KIND>
       <STEXT/>
       <INDEX> 001</INDEX>
      </RSFDO>
      <RSFDO>
       <PARAMETER>I_OLD_DATA</PARAMETER>
       <KIND>P</KIND>
       <STEXT/>
       <INDEX> 002</INDEX>
      </RSFDO>
      <RSFDO>
       <PARAMETER>I_STRUCTURE</PARAMETER>
       <KIND>P</KIND>
       <STEXT>Structure Name</STEXT>
       <INDEX> 003</INDEX>
      </RSFDO>
      <RSFDO>
       <PARAMETER>E_CHANGE_X</PARAMETER>
       <KIND>P</KIND>
       <STEXT/>
       <INDEX> 004</INDEX>
      </RSFDO>
      <RSFDO>
       <PARAMETER>E_DIFFERENT</PARAMETER>
       <KIND>P</KIND>
       <STEXT>Different</STEXT>
       <INDEX> 005</INDEX>
      </RSFDO>
      <RSFDO>
       <PARAMETER>NO_STRUCTURE</PARAMETER>
       <KIND>X</KIND>
       <STEXT>Not input structure name</STEXT>
       <INDEX> 006</INDEX>
      </RSFDO>
     </DOCUMENTATION>
    </item>
    <item>
     <FUNCNAME>ZFM_DATA_CONCATENATE</FUNCNAME>
     <INCLUDE>LZFG_DATA_PROCESSU23</INCLUDE>
     <GLOBAL_FLAG/>
     <REMOTE_CALL/>
     <UPDATE_TASK/>
     <SHORT_TEXT>Concatenate text</SHORT_TEXT>
     <REMOTE_BASXML/>
     <IMPORT>
      <RSIMP>
       <PARAMETER>I_TEXT1</PARAMETER>
       <DBFIELD/>
       <DEFAULT/>
       <TYPES/>
       <OPTIONAL>X</OPTIONAL>
       <REFERENCE/>
       <CHANGING/>
       <TYP/>
       <CLASS/>
       <REF_CLASS/>
       <LINE_OF/>
       <TABLE_OF/>
      </RSIMP>
      <RSIMP>
       <PARAMETER>I_TEXT2</PARAMETER>
       <DBFIELD/>
       <DEFAULT/>
       <TYPES/>
       <OPTIONAL>X</OPTIONAL>
       <REFERENCE/>
       <CHANGING/>
       <TYP/>
       <CLASS/>
       <REF_CLASS/>
       <LINE_OF/>
       <TABLE_OF/>
      </RSIMP>
      <RSIMP>
       <PARAMETER>I_TEXT3</PARAMETER>
       <DBFIELD/>
       <DEFAULT/>
       <TYPES/>
       <OPTIONAL>X</OPTIONAL>
       <REFERENCE/>
       <CHANGING/>
       <TYP/>
       <CLASS/>
       <REF_CLASS/>
       <LINE_OF/>
       <TABLE_OF/>
      </RSIMP>
      <RSIMP>
       <PARAMETER>I_TEXT4</PARAMETER>
       <DBFIELD/>
       <DEFAULT/>
       <TYPES/>
       <OPTIONAL>X</OPTIONAL>
       <REFERENCE/>
       <CHANGING/>
       <TYP/>
       <CLASS/>
       <REF_CLASS/>
       <LINE_OF/>
       <TABLE_OF/>
      </RSIMP>
      <RSIMP>
       <PARAMETER>I_TEXT5</PARAMETER>
       <DBFIELD/>
       <DEFAULT/>
       <TYPES/>
       <OPTIONAL>X</OPTIONAL>
       <REFERENCE/>
       <CHANGING/>
       <TYP/>
       <CLASS/>
       <REF_CLASS/>
       <LINE_OF/>
       <TABLE_OF/>
      </RSIMP>
      <RSIMP>
       <PARAMETER>I_TEXT6</PARAMETER>
       <DBFIELD/>
       <DEFAULT/>
       <TYPES/>
       <OPTIONAL>X</OPTIONAL>
       <REFERENCE/>
       <CHANGING/>
       <TYP/>
       <CLASS/>
       <REF_CLASS/>
       <LINE_OF/>
       <TABLE_OF/>
      </RSIMP>
      <RSIMP>
       <PARAMETER>I_TEXT7</PARAMETER>
       <DBFIELD/>
       <DEFAULT/>
       <TYPES/>
       <OPTIONAL>X</OPTIONAL>
       <REFERENCE/>
       <CHANGING/>
       <TYP/>
       <CLASS/>
       <REF_CLASS/>
       <LINE_OF/>
       <TABLE_OF/>
      </RSIMP>
      <RSIMP>
       <PARAMETER>I_TEXT8</PARAMETER>
       <DBFIELD/>
       <DEFAULT/>
       <TYPES/>
       <OPTIONAL>X</OPTIONAL>
       <REFERENCE/>
       <CHANGING/>
       <TYP/>
       <CLASS/>
       <REF_CLASS/>
       <LINE_OF/>
       <TABLE_OF/>
      </RSIMP>
      <RSIMP>
       <PARAMETER>I_TEXT9</PARAMETER>
       <DBFIELD/>
       <DEFAULT/>
       <TYPES/>
       <OPTIONAL>X</OPTIONAL>
       <REFERENCE/>
       <CHANGING/>
       <TYP/>
       <CLASS/>
       <REF_CLASS/>
       <LINE_OF/>
       <TABLE_OF/>
      </RSIMP>
      <RSIMP>
       <PARAMETER>I_TEXT10</PARAMETER>
       <DBFIELD/>
       <DEFAULT/>
       <TYPES/>
       <OPTIONAL>X</OPTIONAL>
       <REFERENCE/>
       <CHANGING/>
       <TYP/>
       <CLASS/>
       <REF_CLASS/>
       <LINE_OF/>
       <TABLE_OF/>
      </RSIMP>
      <RSIMP>
       <PARAMETER>I_SEPARATOR</PARAMETER>
       <DBFIELD/>
       <DEFAULT>&apos;, &apos;</DEFAULT>
       <TYPES/>
       <OPTIONAL>X</OPTIONAL>
       <REFERENCE/>
       <CHANGING/>
       <TYP/>
       <CLASS/>
       <REF_CLASS/>
       <LINE_OF/>
       <TABLE_OF/>
      </RSIMP>
     </IMPORT>
     <CHANGING/>
     <EXPORT>
      <RSEXP>
       <PARAMETER>E_TEXT</PARAMETER>
       <DBFIELD/>
       <TYPES/>
       <REFERENCE>X</REFERENCE>
       <TYP/>
       <CLASS/>
       <REF_CLASS/>
       <LINE_OF/>
       <TABLE_OF/>
      </RSEXP>
     </EXPORT>
     <TABLES/>
     <EXCEPTION/>
     <DOCUMENTATION>
      <RSFDO>
       <PARAMETER>I_TEXT1</PARAMETER>
       <KIND>P</KIND>
       <STEXT/>
       <INDEX> 001</INDEX>
      </RSFDO>
      <RSFDO>
       <PARAMETER>I_TEXT2</PARAMETER>
       <KIND>P</KIND>
       <STEXT/>
       <INDEX> 002</INDEX>
      </RSFDO>
      <RSFDO>
       <PARAMETER>I_TEXT3</PARAMETER>
       <KIND>P</KIND>
       <STEXT/>
       <INDEX> 003</INDEX>
      </RSFDO>
      <RSFDO>
       <PARAMETER>I_TEXT4</PARAMETER>
       <KIND>P</KIND>
       <STEXT/>
       <INDEX> 004</INDEX>
      </RSFDO>
      <RSFDO>
       <PARAMETER>I_TEXT5</PARAMETER>
       <KIND>P</KIND>
       <STEXT/>
       <INDEX> 005</INDEX>
      </RSFDO>
      <RSFDO>
       <PARAMETER>I_TEXT6</PARAMETER>
       <KIND>P</KIND>
       <STEXT/>
       <INDEX> 006</INDEX>
      </RSFDO>
      <RSFDO>
       <PARAMETER>I_TEXT7</PARAMETER>
       <KIND>P</KIND>
       <STEXT/>
       <INDEX> 007</INDEX>
      </RSFDO>
      <RSFDO>
       <PARAMETER>I_TEXT8</PARAMETER>
       <KIND>P</KIND>
       <STEXT/>
       <INDEX> 008</INDEX>
      </RSFDO>
      <RSFDO>
       <PARAMETER>I_TEXT9</PARAMETER>
       <KIND>P</KIND>
       <STEXT/>
       <INDEX> 009</INDEX>
      </RSFDO>
      <RSFDO>
       <PARAMETER>I_TEXT10</PARAMETER>
       <KIND>P</KIND>
       <STEXT/>
       <INDEX> 010</INDEX>
      </RSFDO>
      <RSFDO>
       <PARAMETER>I_SEPARATOR</PARAMETER>
       <KIND>P</KIND>
       <STEXT/>
       <INDEX> 011</INDEX>
      </RSFDO>
      <RSFDO>
       <PARAMETER>E_TEXT</PARAMETER>
       <KIND>P</KIND>
       <STEXT/>
       <INDEX> 012</INDEX>
      </RSFDO>
     </DOCUMENTATION>
    </item>
    <item>
     <FUNCNAME>ZFM_DATA_GET_COMPONENT</FUNCNAME>
     <INCLUDE>LZFG_DATA_PROCESSU14</INCLUDE>
     <GLOBAL_FLAG/>
     <REMOTE_CALL/>
     <UPDATE_TASK/>
     <SHORT_TEXT>Get component of structure</SHORT_TEXT>
     <REMOTE_BASXML/>
     <IMPORT>
      <RSIMP>
       <PARAMETER>I_COMPONENT_NAME</PARAMETER>
       <DBFIELD/>
       <DEFAULT/>
       <TYPES/>
       <OPTIONAL/>
       <REFERENCE>X</REFERENCE>
       <CHANGING/>
       <TYP>FIELDNAME</TYP>
       <CLASS/>
       <REF_CLASS/>
       <LINE_OF/>
       <TABLE_OF/>
      </RSIMP>
      <RSIMP>
       <PARAMETER>I_STRUCTURE</PARAMETER>
       <DBFIELD/>
       <DEFAULT/>
       <TYPES/>
       <OPTIONAL/>
       <REFERENCE>X</REFERENCE>
       <CHANGING/>
       <TYP/>
       <CLASS/>
       <REF_CLASS/>
       <LINE_OF/>
       <TABLE_OF/>
      </RSIMP>
     </IMPORT>
     <CHANGING/>
     <EXPORT>
      <RSEXP>
       <PARAMETER>E_COMPONENT_VALUE</PARAMETER>
       <DBFIELD/>
       <TYPES/>
       <REFERENCE>X</REFERENCE>
       <TYP>ANY</TYP>
       <CLASS/>
       <REF_CLASS/>
       <LINE_OF/>
       <TABLE_OF/>
      </RSEXP>
     </EXPORT>
     <TABLES/>
     <EXCEPTION/>
     <DOCUMENTATION>
      <RSFDO>
       <PARAMETER>I_COMPONENT_NAME</PARAMETER>
       <KIND>P</KIND>
       <STEXT>Field Name</STEXT>
       <INDEX> 001</INDEX>
      </RSFDO>
      <RSFDO>
       <PARAMETER>I_STRUCTURE</PARAMETER>
       <KIND>P</KIND>
       <STEXT/>
       <INDEX> 002</INDEX>
      </RSFDO>
      <RSFDO>
       <PARAMETER>E_COMPONENT_VALUE</PARAMETER>
       <KIND>P</KIND>
       <STEXT/>
       <INDEX> 003</INDEX>
      </RSFDO>
     </DOCUMENTATION>
    </item>
    <item>
     <FUNCNAME>ZFM_DATA_GET_FIELD_BLANK</FUNCNAME>
     <INCLUDE>LZFG_DATA_PROCESSU12</INCLUDE>
     <GLOBAL_FLAG/>
     <REMOTE_CALL/>
     <UPDATE_TASK/>
     <SHORT_TEXT>Get field in structure not blank</SHORT_TEXT>
     <REMOTE_BASXML/>
     <IMPORT>
      <RSIMP>
       <PARAMETER>I_DATA</PARAMETER>
       <DBFIELD/>
       <DEFAULT/>
       <TYPES/>
       <OPTIONAL/>
       <REFERENCE>X</REFERENCE>
       <CHANGING/>
       <TYP>ANY</TYP>
       <CLASS/>
       <REF_CLASS/>
       <LINE_OF/>
       <TABLE_OF/>
      </RSIMP>
      <RSIMP>
       <PARAMETER>I_STRUCTURE</PARAMETER>
       <DBFIELD/>
       <DEFAULT/>
       <TYPES/>
       <OPTIONAL/>
       <REFERENCE>X</REFERENCE>
       <CHANGING/>
       <TYP>TABNAME</TYP>
       <CLASS/>
       <REF_CLASS/>
       <LINE_OF/>
       <TABLE_OF/>
      </RSIMP>
      <RSIMP>
       <PARAMETER>I_FIELDCAT</PARAMETER>
       <DBFIELD/>
       <DEFAULT/>
       <TYPES/>
       <OPTIONAL>X</OPTIONAL>
       <REFERENCE>X</REFERENCE>
       <CHANGING/>
       <TYP>LVC_T_FCAT</TYP>
       <CLASS/>
       <REF_CLASS/>
       <LINE_OF/>
       <TABLE_OF/>
      </RSIMP>
     </IMPORT>
     <CHANGING/>
     <EXPORT>
      <RSEXP>
       <PARAMETER>E_FIRST_FIELD</PARAMETER>
       <DBFIELD/>
       <TYPES/>
       <REFERENCE>X</REFERENCE>
       <TYP>LVC_S_FCAT</TYP>
       <CLASS/>
       <REF_CLASS/>
       <LINE_OF/>
       <TABLE_OF/>
      </RSEXP>
      <RSEXP>
       <PARAMETER>T_FIELD_BLANK</PARAMETER>
       <DBFIELD/>
       <TYPES/>
       <REFERENCE>X</REFERENCE>
       <TYP>LVC_T_FCAT</TYP>
       <CLASS/>
       <REF_CLASS/>
       <LINE_OF/>
       <TABLE_OF/>
      </RSEXP>
     </EXPORT>
     <TABLES/>
     <EXCEPTION>
      <RSEXC>
       <EXCEPTION>NO_STRUCTURE</EXCEPTION>
       <IS_RESUMABLE/>
      </RSEXC>
     </EXCEPTION>
     <DOCUMENTATION>
      <RSFDO>
       <PARAMETER>I_DATA</PARAMETER>
       <KIND>P</KIND>
       <STEXT/>
       <INDEX> 001</INDEX>
      </RSFDO>
      <RSFDO>
       <PARAMETER>I_STRUCTURE</PARAMETER>
       <KIND>P</KIND>
       <STEXT>Structure Name</STEXT>
       <INDEX> 002</INDEX>
      </RSFDO>
      <RSFDO>
       <PARAMETER>I_FIELDCAT</PARAMETER>
       <KIND>P</KIND>
       <STEXT>Field Catalog for List Viewer Control</STEXT>
       <INDEX> 003</INDEX>
      </RSFDO>
      <RSFDO>
       <PARAMETER>E_FIRST_FIELD</PARAMETER>
       <KIND>P</KIND>
       <STEXT>First field blank</STEXT>
       <INDEX> 004</INDEX>
      </RSFDO>
      <RSFDO>
       <PARAMETER>T_FIELD_BLANK</PARAMETER>
       <KIND>P</KIND>
       <STEXT>List of field blank</STEXT>
       <INDEX> 005</INDEX>
      </RSFDO>
      <RSFDO>
       <PARAMETER>NO_STRUCTURE</PARAMETER>
       <KIND>X</KIND>
       <STEXT>Not input structure name</STEXT>
       <INDEX> 006</INDEX>
      </RSFDO>
     </DOCUMENTATION>
    </item>
    <item>
     <FUNCNAME>ZFM_DATA_GET_FIELD_NOT_BLANK</FUNCNAME>
     <INCLUDE>LZFG_DATA_PROCESSU08</INCLUDE>
     <GLOBAL_FLAG/>
     <REMOTE_CALL/>
     <UPDATE_TASK/>
     <SHORT_TEXT>Get field in structure not blank</SHORT_TEXT>
     <REMOTE_BASXML/>
     <IMPORT>
      <RSIMP>
       <PARAMETER>I_DATA</PARAMETER>
       <DBFIELD/>
       <DEFAULT/>
       <TYPES/>
       <OPTIONAL/>
       <REFERENCE>X</REFERENCE>
       <CHANGING/>
       <TYP>ANY</TYP>
       <CLASS/>
       <REF_CLASS/>
       <LINE_OF/>
       <TABLE_OF/>
      </RSIMP>
      <RSIMP>
       <PARAMETER>I_STRUCTURE</PARAMETER>
       <DBFIELD/>
       <DEFAULT/>
       <TYPES/>
       <OPTIONAL/>
       <REFERENCE>X</REFERENCE>
       <CHANGING/>
       <TYP>TABNAME</TYP>
       <CLASS/>
       <REF_CLASS/>
       <LINE_OF/>
       <TABLE_OF/>
      </RSIMP>
     </IMPORT>
     <CHANGING/>
     <EXPORT>
      <RSEXP>
       <PARAMETER>E_FIRST_FIELD</PARAMETER>
       <DBFIELD/>
       <TYPES/>
       <REFERENCE>X</REFERENCE>
       <TYP>LVC_S_FCAT</TYP>
       <CLASS/>
       <REF_CLASS/>
       <LINE_OF/>
       <TABLE_OF/>
      </RSEXP>
      <RSEXP>
       <PARAMETER>T_FIELD_NOT_BLANK</PARAMETER>
       <DBFIELD/>
       <TYPES/>
       <REFERENCE>X</REFERENCE>
       <TYP>LVC_T_FCAT</TYP>
       <CLASS/>
       <REF_CLASS/>
       <LINE_OF/>
       <TABLE_OF/>
      </RSEXP>
     </EXPORT>
     <TABLES/>
     <EXCEPTION>
      <RSEXC>
       <EXCEPTION>NO_STRUCTURE</EXCEPTION>
       <IS_RESUMABLE/>
      </RSEXC>
     </EXCEPTION>
     <DOCUMENTATION>
      <RSFDO>
       <PARAMETER>I_DATA</PARAMETER>
       <KIND>P</KIND>
       <STEXT/>
       <INDEX> 001</INDEX>
      </RSFDO>
      <RSFDO>
       <PARAMETER>I_STRUCTURE</PARAMETER>
       <KIND>P</KIND>
       <STEXT>Structure Name</STEXT>
       <INDEX> 002</INDEX>
      </RSFDO>
      <RSFDO>
       <PARAMETER>E_FIRST_FIELD</PARAMETER>
       <KIND>P</KIND>
       <STEXT>First field not blank</STEXT>
       <INDEX> 003</INDEX>
      </RSFDO>
      <RSFDO>
       <PARAMETER>T_FIELD_NOT_BLANK</PARAMETER>
       <KIND>P</KIND>
       <STEXT>List of field not blank</STEXT>
       <INDEX> 004</INDEX>
      </RSFDO>
      <RSFDO>
       <PARAMETER>NO_STRUCTURE</PARAMETER>
       <KIND>X</KIND>
       <STEXT>Not input structure name</STEXT>
       <INDEX> 005</INDEX>
      </RSFDO>
     </DOCUMENTATION>
    </item>
    <item>
     <FUNCNAME>ZFM_DATA_MOVE_STR</FUNCNAME>
     <INCLUDE>LZFG_DATA_PROCESSU09</INCLUDE>
     <GLOBAL_FLAG/>
     <REMOTE_CALL/>
     <UPDATE_TASK/>
     <SHORT_TEXT>Subtract corresponding fields between 2 structure</SHORT_TEXT>
     <REMOTE_BASXML/>
     <IMPORT>
      <RSIMP>
       <PARAMETER>I_SRC_STR</PARAMETER>
       <DBFIELD/>
       <DEFAULT/>
       <TYPES/>
       <OPTIONAL/>
       <REFERENCE>X</REFERENCE>
       <CHANGING/>
       <TYP>ANY</TYP>
       <CLASS/>
       <REF_CLASS/>
       <LINE_OF/>
       <TABLE_OF/>
      </RSIMP>
      <RSIMP>
       <PARAMETER>I_TRANS_FIELDS</PARAMETER>
       <DBFIELD/>
       <DEFAULT/>
       <TYPES/>
       <OPTIONAL/>
       <REFERENCE>X</REFERENCE>
       <CHANGING/>
       <TYP>ANY</TYP>
       <CLASS/>
       <REF_CLASS/>
       <LINE_OF/>
       <TABLE_OF/>
      </RSIMP>
      <RSIMP>
       <PARAMETER>I_STRUCTURE</PARAMETER>
       <DBFIELD/>
       <DEFAULT/>
       <TYPES/>
       <OPTIONAL/>
       <REFERENCE>X</REFERENCE>
       <CHANGING/>
       <TYP>TABNAME</TYP>
       <CLASS/>
       <REF_CLASS/>
       <LINE_OF/>
       <TABLE_OF/>
      </RSIMP>
     </IMPORT>
     <CHANGING/>
     <EXPORT>
      <RSEXP>
       <PARAMETER>E_DES_STR</PARAMETER>
       <DBFIELD/>
       <TYPES/>
       <REFERENCE>X</REFERENCE>
       <TYP>ANY</TYP>
       <CLASS/>
       <REF_CLASS/>
       <LINE_OF/>
       <TABLE_OF/>
      </RSEXP>
     </EXPORT>
     <TABLES/>
     <EXCEPTION>
      <RSEXC>
       <EXCEPTION>NO_STRUCTURE</EXCEPTION>
       <IS_RESUMABLE/>
      </RSEXC>
     </EXCEPTION>
     <DOCUMENTATION>
      <RSFDO>
       <PARAMETER>I_SRC_STR</PARAMETER>
       <KIND>P</KIND>
       <STEXT>Source structure</STEXT>
       <INDEX> 001</INDEX>
      </RSFDO>
      <RSFDO>
       <PARAMETER>I_TRANS_FIELDS</PARAMETER>
       <KIND>P</KIND>
       <STEXT>Mark-Fields to be transport value</STEXT>
       <INDEX> 002</INDEX>
      </RSFDO>
      <RSFDO>
       <PARAMETER>I_STRUCTURE</PARAMETER>
       <KIND>P</KIND>
       <STEXT>Structure Name</STEXT>
       <INDEX> 003</INDEX>
      </RSFDO>
      <RSFDO>
       <PARAMETER>E_DES_STR</PARAMETER>
       <KIND>P</KIND>
       <STEXT>Destination structure</STEXT>
       <INDEX> 004</INDEX>
      </RSFDO>
      <RSFDO>
       <PARAMETER>NO_STRUCTURE</PARAMETER>
       <KIND>X</KIND>
       <STEXT>Not input structure name</STEXT>
       <INDEX> 005</INDEX>
      </RSFDO>
     </DOCUMENTATION>
    </item>
    <item>
     <FUNCNAME>ZFM_DATA_ORIGINAL_GET</FUNCNAME>
     <INCLUDE>LZFG_DATA_PROCESSU01</INCLUDE>
     <GLOBAL_FLAG/>
     <REMOTE_CALL/>
     <UPDATE_TASK/>
     <SHORT_TEXT>Get original data of table</SHORT_TEXT>
     <REMOTE_BASXML/>
     <IMPORT>
      <RSIMP>
       <PARAMETER>T_TABLE_CURRENT</PARAMETER>
       <DBFIELD/>
       <DEFAULT/>
       <TYPES/>
       <OPTIONAL/>
       <REFERENCE>X</REFERENCE>
       <CHANGING/>
       <TYP>ANY TABLE</TYP>
       <CLASS/>
       <REF_CLASS/>
       <LINE_OF/>
       <TABLE_OF/>
      </RSIMP>
      <RSIMP>
       <PARAMETER>I_STRUCTURE</PARAMETER>
       <DBFIELD/>
       <DEFAULT/>
       <TYPES/>
       <OPTIONAL>X</OPTIONAL>
       <REFERENCE>X</REFERENCE>
       <CHANGING/>
       <TYP>TABNAME</TYP>
       <CLASS/>
       <REF_CLASS/>
       <LINE_OF/>
       <TABLE_OF/>
      </RSIMP>
      <RSIMP>
       <PARAMETER>T_FIELDCAT</PARAMETER>
       <DBFIELD/>
       <DEFAULT/>
       <TYPES/>
       <OPTIONAL>X</OPTIONAL>
       <REFERENCE>X</REFERENCE>
       <CHANGING/>
       <TYP>LVC_T_FCAT</TYP>
       <CLASS/>
       <REF_CLASS/>
       <LINE_OF/>
       <TABLE_OF/>
      </RSIMP>
     </IMPORT>
     <CHANGING/>
     <EXPORT>
      <RSEXP>
       <PARAMETER>T_TABLE_ORIGINAL</PARAMETER>
       <DBFIELD/>
       <TYPES/>
       <REFERENCE>X</REFERENCE>
       <TYP>ANY TABLE</TYP>
       <CLASS/>
       <REF_CLASS/>
       <LINE_OF/>
       <TABLE_OF/>
      </RSEXP>
     </EXPORT>
     <TABLES/>
     <EXCEPTION>
      <RSEXC>
       <EXCEPTION>NO_STRUCTURE</EXCEPTION>
       <IS_RESUMABLE/>
      </RSEXC>
      <RSEXC>
       <EXCEPTION>CONFLICT_STRUCTURE</EXCEPTION>
       <IS_RESUMABLE/>
      </RSEXC>
      <RSEXC>
       <EXCEPTION>NO_DATA</EXCEPTION>
       <IS_RESUMABLE/>
      </RSEXC>
     </EXCEPTION>
     <DOCUMENTATION>
      <RSFDO>
       <PARAMETER>T_TABLE_CURRENT</PARAMETER>
       <KIND>P</KIND>
       <STEXT/>
       <INDEX> 001</INDEX>
      </RSFDO>
      <RSFDO>
       <PARAMETER>I_STRUCTURE</PARAMETER>
       <KIND>P</KIND>
       <STEXT>Table Name</STEXT>
       <INDEX> 002</INDEX>
      </RSFDO>
      <RSFDO>
       <PARAMETER>T_FIELDCAT</PARAMETER>
       <KIND>P</KIND>
       <STEXT>Field Catalog for List Viewer Control</STEXT>
       <INDEX> 003</INDEX>
      </RSFDO>
      <RSFDO>
       <PARAMETER>T_TABLE_ORIGINAL</PARAMETER>
       <KIND>P</KIND>
       <STEXT/>
       <INDEX> 004</INDEX>
      </RSFDO>
      <RSFDO>
       <PARAMETER>NO_STRUCTURE</PARAMETER>
       <KIND>X</KIND>
       <STEXT>No structure or field category</STEXT>
       <INDEX> 005</INDEX>
      </RSFDO>
      <RSFDO>
       <PARAMETER>CONFLICT_STRUCTURE</PARAMETER>
       <KIND>X</KIND>
       <STEXT>Conflict field category</STEXT>
       <INDEX> 006</INDEX>
      </RSFDO>
      <RSFDO>
       <PARAMETER>NO_DATA</PARAMETER>
       <KIND>X</KIND>
       <STEXT>No data of current table</STEXT>
       <INDEX> 007</INDEX>
      </RSFDO>
     </DOCUMENTATION>
    </item>
    <item>
     <FUNCNAME>ZFM_DATA_SET_MARK_ALL_FIELDS</FUNCNAME>
     <INCLUDE>LZFG_DATA_PROCESSU10</INCLUDE>
     <GLOBAL_FLAG/>
     <REMOTE_CALL/>
     <UPDATE_TASK/>
     <SHORT_TEXT>For Mark structure: Set all field to Mark (&apos;X&apos;)</SHORT_TEXT>
     <REMOTE_BASXML/>
     <IMPORT/>
     <CHANGING>
      <RSCHA>
       <PARAMETER>C_DATA</PARAMETER>
       <DBFIELD/>
       <DEFAULT/>
       <TYPES/>
       <OPTIONAL/>
       <REFERENCE>X</REFERENCE>
       <CHANGING/>
       <TYP>ANY</TYP>
       <CLASS/>
       <REF_CLASS/>
       <LINE_OF/>
       <TABLE_OF/>
      </RSCHA>
     </CHANGING>
     <EXPORT/>
     <TABLES/>
     <EXCEPTION/>
     <DOCUMENTATION>
      <RSFDO>
       <PARAMETER>C_DATA</PARAMETER>
       <KIND>P</KIND>
       <STEXT/>
       <INDEX> 001</INDEX>
      </RSFDO>
     </DOCUMENTATION>
    </item>
    <item>
     <FUNCNAME>ZFM_DATA_SUBTRACT_STR</FUNCNAME>
     <INCLUDE>LZFG_DATA_PROCESSU11</INCLUDE>
     <GLOBAL_FLAG/>
     <REMOTE_CALL/>
     <UPDATE_TASK/>
     <SHORT_TEXT>Subtract between 2 structure using mark fields</SHORT_TEXT>
     <REMOTE_BASXML/>
     <IMPORT>
      <RSIMP>
       <PARAMETER>I_STR1</PARAMETER>
       <DBFIELD/>
       <DEFAULT/>
       <TYPES/>
       <OPTIONAL/>
       <REFERENCE>X</REFERENCE>
       <CHANGING/>
       <TYP>ANY</TYP>
       <CLASS/>
       <REF_CLASS/>
       <LINE_OF/>
       <TABLE_OF/>
      </RSIMP>
      <RSIMP>
       <PARAMETER>I_STR2</PARAMETER>
       <DBFIELD/>
       <DEFAULT/>
       <TYPES/>
       <OPTIONAL/>
       <REFERENCE>X</REFERENCE>
       <CHANGING/>
       <TYP>ANY</TYP>
       <CLASS/>
       <REF_CLASS/>
       <LINE_OF/>
       <TABLE_OF/>
      </RSIMP>
      <RSIMP>
       <PARAMETER>I_STRUCTURE</PARAMETER>
       <DBFIELD/>
       <DEFAULT/>
       <TYPES/>
       <OPTIONAL/>
       <REFERENCE>X</REFERENCE>
       <CHANGING/>
       <TYP>TABNAME</TYP>
       <CLASS/>
       <REF_CLASS/>
       <LINE_OF/>
       <TABLE_OF/>
      </RSIMP>
     </IMPORT>
     <CHANGING/>
     <EXPORT>
      <RSEXP>
       <PARAMETER>E_RESULT_STR</PARAMETER>
       <DBFIELD/>
       <TYPES/>
       <REFERENCE>X</REFERENCE>
       <TYP>ANY</TYP>
       <CLASS/>
       <REF_CLASS/>
       <LINE_OF/>
       <TABLE_OF/>
      </RSEXP>
     </EXPORT>
     <TABLES/>
     <EXCEPTION>
      <RSEXC>
       <EXCEPTION>NO_STRUCTURE</EXCEPTION>
       <IS_RESUMABLE/>
      </RSEXC>
     </EXCEPTION>
     <DOCUMENTATION>
      <RSFDO>
       <PARAMETER>I_STR1</PARAMETER>
       <KIND>P</KIND>
       <STEXT>Source structure</STEXT>
       <INDEX> 001</INDEX>
      </RSFDO>
      <RSFDO>
       <PARAMETER>I_STR2</PARAMETER>
       <KIND>P</KIND>
       <STEXT>Source structure</STEXT>
       <INDEX> 002</INDEX>
      </RSFDO>
      <RSFDO>
       <PARAMETER>I_STRUCTURE</PARAMETER>
       <KIND>P</KIND>
       <STEXT>Structure Name</STEXT>
       <INDEX> 003</INDEX>
      </RSFDO>
      <RSFDO>
       <PARAMETER>E_RESULT_STR</PARAMETER>
       <KIND>P</KIND>
       <STEXT>Result</STEXT>
       <INDEX> 004</INDEX>
      </RSFDO>
      <RSFDO>
       <PARAMETER>NO_STRUCTURE</PARAMETER>
       <KIND>X</KIND>
       <STEXT>Not input structure name</STEXT>
       <INDEX> 005</INDEX>
      </RSFDO>
     </DOCUMENTATION>
    </item>
    <item>
     <FUNCNAME>ZFM_DATA_TABLE_MOVE_CORRESPOND</FUNCNAME>
     <INCLUDE>LZFG_DATA_PROCESSU25</INCLUDE>
     <GLOBAL_FLAG/>
     <REMOTE_CALL/>
     <UPDATE_TASK/>
     <SHORT_TEXT>MOVE-CORRESPONDING</SHORT_TEXT>
     <REMOTE_BASXML/>
     <IMPORT/>
     <CHANGING>
      <RSCHA>
       <PARAMETER>C_SRC_TAB</PARAMETER>
       <DBFIELD/>
       <DEFAULT/>
       <TYPES/>
       <OPTIONAL/>
       <REFERENCE>X</REFERENCE>
       <CHANGING/>
       <TYP>TABLE</TYP>
       <CLASS/>
       <REF_CLASS/>
       <LINE_OF/>
       <TABLE_OF/>
      </RSCHA>
      <RSCHA>
       <PARAMETER>C_DES_TAB</PARAMETER>
       <DBFIELD/>
       <DEFAULT/>
       <TYPES/>
       <OPTIONAL/>
       <REFERENCE>X</REFERENCE>
       <CHANGING/>
       <TYP>TABLE</TYP>
       <CLASS/>
       <REF_CLASS/>
       <LINE_OF/>
       <TABLE_OF/>
      </RSCHA>
     </CHANGING>
     <EXPORT/>
     <TABLES/>
     <EXCEPTION/>
     <DOCUMENTATION>
      <RSFDO>
       <PARAMETER>C_SRC_TAB</PARAMETER>
       <KIND>P</KIND>
       <STEXT/>
       <INDEX> 001</INDEX>
      </RSFDO>
      <RSFDO>
       <PARAMETER>C_DES_TAB</PARAMETER>
       <KIND>P</KIND>
       <STEXT/>
       <INDEX> 002</INDEX>
      </RSFDO>
     </DOCUMENTATION>
    </item>
    <item>
     <FUNCNAME>ZFM_DATA_UPDATE_TABLE</FUNCNAME>
     <INCLUDE>LZFG_DATA_PROCESSU02</INCLUDE>
     <GLOBAL_FLAG/>
     <REMOTE_CALL/>
     <UPDATE_TASK/>
     <SHORT_TEXT>Update an internal table data to database</SHORT_TEXT>
     <REMOTE_BASXML/>
     <IMPORT>
      <RSIMP>
       <PARAMETER>I_STRUCTURE</PARAMETER>
       <DBFIELD/>
       <DEFAULT/>
       <TYPES/>
       <OPTIONAL>X</OPTIONAL>
       <REFERENCE>X</REFERENCE>
       <CHANGING/>
       <TYP>TABNAME</TYP>
       <CLASS/>
       <REF_CLASS/>
       <LINE_OF/>
       <TABLE_OF/>
      </RSIMP>
      <RSIMP>
       <PARAMETER>T_FIELDCAT</PARAMETER>
       <DBFIELD/>
       <DEFAULT/>
       <TYPES/>
       <OPTIONAL>X</OPTIONAL>
       <REFERENCE>X</REFERENCE>
       <CHANGING/>
       <TYP>LVC_T_FCAT</TYP>
       <CLASS/>
       <REF_CLASS/>
       <LINE_OF/>
       <TABLE_OF/>
      </RSIMP>
      <RSIMP>
       <PARAMETER>T_TABLE_CHANGED</PARAMETER>
       <DBFIELD/>
       <DEFAULT/>
       <TYPES/>
       <OPTIONAL>X</OPTIONAL>
       <REFERENCE>X</REFERENCE>
       <CHANGING/>
       <TYP>ANY TABLE</TYP>
       <CLASS/>
       <REF_CLASS/>
       <LINE_OF/>
       <TABLE_OF/>
      </RSIMP>
      <RSIMP>
       <PARAMETER>T_TABLE_ORIGINAL</PARAMETER>
       <DBFIELD/>
       <DEFAULT/>
       <TYPES/>
       <OPTIONAL>X</OPTIONAL>
       <REFERENCE>X</REFERENCE>
       <CHANGING/>
       <TYP>ANY TABLE</TYP>
       <CLASS/>
       <REF_CLASS/>
       <LINE_OF/>
       <TABLE_OF/>
      </RSIMP>
      <RSIMP>
       <PARAMETER>I_GET_ORG_DATA</PARAMETER>
       <DBFIELD/>
       <DEFAULT/>
       <TYPES/>
       <OPTIONAL>X</OPTIONAL>
       <REFERENCE>X</REFERENCE>
       <CHANGING/>
       <TYP>XMARK</TYP>
       <CLASS/>
       <REF_CLASS/>
       <LINE_OF/>
       <TABLE_OF/>
      </RSIMP>
      <RSIMP>
       <PARAMETER>I_DEL_FIELD</PARAMETER>
       <DBFIELD/>
       <DEFAULT/>
       <TYPES/>
       <OPTIONAL>X</OPTIONAL>
       <REFERENCE>X</REFERENCE>
       <CHANGING/>
       <TYP>FIELDNAME</TYP>
       <CLASS/>
       <REF_CLASS/>
       <LINE_OF/>
       <TABLE_OF/>
      </RSIMP>
     </IMPORT>
     <CHANGING/>
     <EXPORT/>
     <TABLES/>
     <EXCEPTION>
      <RSEXC>
       <EXCEPTION>NO_STRUCTURE</EXCEPTION>
       <IS_RESUMABLE/>
      </RSEXC>
      <RSEXC>
       <EXCEPTION>CONFLICT_STRUCTURE</EXCEPTION>
       <IS_RESUMABLE/>
      </RSEXC>
      <RSEXC>
       <EXCEPTION>NO_ORIGINAL_DATA</EXCEPTION>
       <IS_RESUMABLE/>
      </RSEXC>
      <RSEXC>
       <EXCEPTION>CONFLICT_ORIGINAL_DATA</EXCEPTION>
       <IS_RESUMABLE/>
      </RSEXC>
      <RSEXC>
       <EXCEPTION>NO_DATA</EXCEPTION>
       <IS_RESUMABLE/>
      </RSEXC>
      <RSEXC>
       <EXCEPTION>UPDATE_ERROR</EXCEPTION>
       <IS_RESUMABLE/>
      </RSEXC>
      <RSEXC>
       <EXCEPTION>INSERT_ERROR</EXCEPTION>
       <IS_RESUMABLE/>
      </RSEXC>
      <RSEXC>
       <EXCEPTION>DELETE_ERROR</EXCEPTION>
       <IS_RESUMABLE/>
      </RSEXC>
      <RSEXC>
       <EXCEPTION>DEL_FIELD_NOT_EXISTS</EXCEPTION>
       <IS_RESUMABLE/>
      </RSEXC>
     </EXCEPTION>
     <DOCUMENTATION>
      <RSFDO>
       <PARAMETER>I_STRUCTURE</PARAMETER>
       <KIND>P</KIND>
       <STEXT>Table Name</STEXT>
       <INDEX> 001</INDEX>
      </RSFDO>
      <RSFDO>
       <PARAMETER>T_FIELDCAT</PARAMETER>
       <KIND>P</KIND>
       <STEXT>Field Catalog for List Viewer Control</STEXT>
       <INDEX> 002</INDEX>
      </RSFDO>
      <RSFDO>
       <PARAMETER>T_TABLE_CHANGED</PARAMETER>
       <KIND>P</KIND>
       <STEXT>Current data</STEXT>
       <INDEX> 003</INDEX>
      </RSFDO>
      <RSFDO>
       <PARAMETER>T_TABLE_ORIGINAL</PARAMETER>
       <KIND>P</KIND>
       <STEXT>Originaldata. Check I_GET_ORG_DATA = &apos;X&apos; to get instead this parameter.</STEXT>
       <INDEX> 004</INDEX>
      </RSFDO>
      <RSFDO>
       <PARAMETER>I_GET_ORG_DATA</PARAMETER>
       <KIND>P</KIND>
       <STEXT>Check &apos;X&apos; to get original by current records</STEXT>
       <INDEX> 005</INDEX>
      </RSFDO>
      <RSFDO>
       <PARAMETER>I_DEL_FIELD</PARAMETER>
       <KIND>P</KIND>
       <STEXT>Mark delete instead delete permanent</STEXT>
       <INDEX> 006</INDEX>
      </RSFDO>
      <RSFDO>
       <PARAMETER>NO_STRUCTURE</PARAMETER>
       <KIND>X</KIND>
       <STEXT>No structure or field category</STEXT>
       <INDEX> 007</INDEX>
      </RSFDO>
      <RSFDO>
       <PARAMETER>CONFLICT_STRUCTURE</PARAMETER>
       <KIND>X</KIND>
       <STEXT>Conflict field category</STEXT>
       <INDEX> 008</INDEX>
      </RSFDO>
      <RSFDO>
       <PARAMETER>NO_ORIGINAL_DATA</PARAMETER>
       <KIND>X</KIND>
       <STEXT>No original data</STEXT>
       <INDEX> 009</INDEX>
      </RSFDO>
      <RSFDO>
       <PARAMETER>CONFLICT_ORIGINAL_DATA</PARAMETER>
       <KIND>X</KIND>
       <STEXT>Conflict original data</STEXT>
       <INDEX> 010</INDEX>
      </RSFDO>
      <RSFDO>
       <PARAMETER>NO_DATA</PARAMETER>
       <KIND>X</KIND>
       <STEXT>No data to update</STEXT>
       <INDEX> 011</INDEX>
      </RSFDO>
      <RSFDO>
       <PARAMETER>UPDATE_ERROR</PARAMETER>
       <KIND>X</KIND>
       <STEXT>UpdateE Error</STEXT>
       <INDEX> 012</INDEX>
      </RSFDO>
      <RSFDO>
       <PARAMETER>INSERT_ERROR</PARAMETER>
       <KIND>X</KIND>
       <STEXT>Insert error</STEXT>
       <INDEX> 013</INDEX>
      </RSFDO>
      <RSFDO>
       <PARAMETER>DELETE_ERROR</PARAMETER>
       <KIND>X</KIND>
       <STEXT>Delete error</STEXT>
       <INDEX> 014</INDEX>
      </RSFDO>
      <RSFDO>
       <PARAMETER>DEL_FIELD_NOT_EXISTS</PARAMETER>
       <KIND>X</KIND>
       <STEXT>Delete field does not exists</STEXT>
       <INDEX> 015</INDEX>
      </RSFDO>
     </DOCUMENTATION>
    </item>
    <item>
     <FUNCNAME>ZFM_DATA_UPPER_CASE</FUNCNAME>
     <INCLUDE>LZFG_DATA_PROCESSU13</INCLUDE>
     <GLOBAL_FLAG/>
     <REMOTE_CALL/>
     <UPDATE_TASK/>
     <SHORT_TEXT>Upper case</SHORT_TEXT>
     <REMOTE_BASXML/>
     <IMPORT>
      <RSIMP>
       <PARAMETER>I_UPPER_FIRST_CHAR</PARAMETER>
       <DBFIELD/>
       <DEFAULT>&apos;X&apos;</DEFAULT>
       <TYPES/>
       <OPTIONAL>X</OPTIONAL>
       <REFERENCE>X</REFERENCE>
       <CHANGING/>
       <TYP>XMARK</TYP>
       <CLASS/>
       <REF_CLASS/>
       <LINE_OF/>
       <TABLE_OF/>
      </RSIMP>
      <RSIMP>
       <PARAMETER>I_PROCESS_EACH_WORD</PARAMETER>
       <DBFIELD/>
       <DEFAULT>&apos;X&apos;</DEFAULT>
       <TYPES/>
       <OPTIONAL>X</OPTIONAL>
       <REFERENCE>X</REFERENCE>
       <CHANGING/>
       <TYP>XMARK</TYP>
       <CLASS/>
       <REF_CLASS/>
       <LINE_OF/>
       <TABLE_OF/>
      </RSIMP>
     </IMPORT>
     <CHANGING>
      <RSCHA>
       <PARAMETER>C_STRING</PARAMETER>
       <DBFIELD/>
       <DEFAULT/>
       <TYPES/>
       <OPTIONAL/>
       <REFERENCE>X</REFERENCE>
       <CHANGING/>
       <TYP/>
       <CLASS/>
       <REF_CLASS/>
       <LINE_OF/>
       <TABLE_OF/>
      </RSCHA>
     </CHANGING>
     <EXPORT/>
     <TABLES/>
     <EXCEPTION/>
     <DOCUMENTATION>
      <RSFDO>
       <PARAMETER>I_UPPER_FIRST_CHAR</PARAMETER>
       <KIND>P</KIND>
       <STEXT>Upper first char</STEXT>
       <INDEX> 001</INDEX>
      </RSFDO>
      <RSFDO>
       <PARAMETER>I_PROCESS_EACH_WORD</PARAMETER>
       <KIND>P</KIND>
       <STEXT>Process each word</STEXT>
       <INDEX> 002</INDEX>
      </RSFDO>
      <RSFDO>
       <PARAMETER>C_STRING</PARAMETER>
       <KIND>P</KIND>
       <STEXT>Text for translation</STEXT>
       <INDEX> 003</INDEX>
      </RSFDO>
     </DOCUMENTATION>
    </item>
    <item>
     <FUNCNAME>ZFM_DATA_VALIDATE</FUNCNAME>
     <INCLUDE>LZFG_DATA_PROCESSU03</INCLUDE>
     <GLOBAL_FLAG/>
     <REMOTE_CALL/>
     <UPDATE_TASK/>
     <SHORT_TEXT>Validate data</SHORT_TEXT>
     <REMOTE_BASXML/>
     <IMPORT>
      <RSIMP>
       <PARAMETER>I_FIELD</PARAMETER>
       <DBFIELD/>
       <DEFAULT/>
       <TYPES/>
       <OPTIONAL/>
       <REFERENCE>X</REFERENCE>
       <CHANGING/>
       <TYP>ANY</TYP>
       <CLASS/>
       <REF_CLASS/>
       <LINE_OF/>
       <TABLE_OF/>
      </RSIMP>
      <RSIMP>
       <PARAMETER>I_DATATYPE</PARAMETER>
       <DBFIELD/>
       <DEFAULT/>
       <TYPES/>
       <OPTIONAL/>
       <REFERENCE>X</REFERENCE>
       <CHANGING/>
       <TYP>DATATYPE_D</TYP>
       <CLASS/>
       <REF_CLASS/>
       <LINE_OF/>
       <TABLE_OF/>
      </RSIMP>
     </IMPORT>
     <CHANGING>
      <RSCHA>
       <PARAMETER>C_OKCODE</PARAMETER>
       <DBFIELD/>
       <DEFAULT/>
       <TYPES/>
       <OPTIONAL>X</OPTIONAL>
       <REFERENCE>X</REFERENCE>
       <CHANGING/>
       <TYP>SYUCOMM</TYP>
       <CLASS/>
       <REF_CLASS/>
       <LINE_OF/>
       <TABLE_OF/>
      </RSCHA>
     </CHANGING>
     <EXPORT/>
     <TABLES/>
     <EXCEPTION>
      <RSEXC>
       <EXCEPTION>INVALID_VALUE</EXCEPTION>
       <IS_RESUMABLE/>
      </RSEXC>
     </EXCEPTION>
     <DOCUMENTATION>
      <RSFDO>
       <PARAMETER>I_FIELD</PARAMETER>
       <KIND>P</KIND>
       <STEXT/>
       <INDEX> 001</INDEX>
      </RSFDO>
      <RSFDO>
       <PARAMETER>I_DATATYPE</PARAMETER>
       <KIND>P</KIND>
       <STEXT>Data Type in ABAP Dictionary</STEXT>
       <INDEX> 002</INDEX>
      </RSFDO>
      <RSFDO>
       <PARAMETER>C_OKCODE</PARAMETER>
       <KIND>P</KIND>
       <STEXT>Function code that PAI triggered</STEXT>
       <INDEX> 003</INDEX>
      </RSFDO>
      <RSFDO>
       <PARAMETER>INVALID_VALUE</PARAMETER>
       <KIND>X</KIND>
       <STEXT>Invalid value</STEXT>
       <INDEX> 004</INDEX>
      </RSFDO>
     </DOCUMENTATION>
    </item>
    <item>
     <FUNCNAME>ZFM_DATA_VALUE2TEXT</FUNCNAME>
     <INCLUDE>LZFG_DATA_PROCESSU05</INCLUDE>
     <GLOBAL_FLAG/>
     <REMOTE_CALL/>
     <UPDATE_TASK/>
     <SHORT_TEXT>Make value of data be standard</SHORT_TEXT>
     <REMOTE_BASXML/>
     <IMPORT>
      <RSIMP>
       <PARAMETER>I_FIELDCAT</PARAMETER>
       <DBFIELD/>
       <DEFAULT/>
       <TYPES/>
       <OPTIONAL>X</OPTIONAL>
       <REFERENCE>X</REFERENCE>
       <CHANGING/>
       <TYP>LVC_S_FCAT</TYP>
       <CLASS/>
       <REF_CLASS/>
       <LINE_OF/>
       <TABLE_OF/>
      </RSIMP>
      <RSIMP>
       <PARAMETER>I_DATASTR</PARAMETER>
       <DBFIELD/>
       <DEFAULT/>
       <TYPES/>
       <OPTIONAL/>
       <REFERENCE>X</REFERENCE>
       <CHANGING/>
       <TYP/>
       <CLASS/>
       <REF_CLASS/>
       <LINE_OF/>
       <TABLE_OF/>
      </RSIMP>
      <RSIMP>
       <PARAMETER>I_FIELDNAME</PARAMETER>
       <DBFIELD/>
       <DEFAULT/>
       <TYPES/>
       <OPTIONAL/>
       <REFERENCE>X</REFERENCE>
       <CHANGING/>
       <TYP>FIELDNAME</TYP>
       <CLASS/>
       <REF_CLASS/>
       <LINE_OF/>
       <TABLE_OF/>
      </RSIMP>
      <RSIMP>
       <PARAMETER>I_FOR_EXCEL</PARAMETER>
       <DBFIELD/>
       <DEFAULT/>
       <TYPES/>
       <OPTIONAL>X</OPTIONAL>
       <REFERENCE>X</REFERENCE>
       <CHANGING/>
       <TYP>XMARK</TYP>
       <CLASS/>
       <REF_CLASS/>
       <LINE_OF/>
       <TABLE_OF/>
      </RSIMP>
     </IMPORT>
     <CHANGING/>
     <EXPORT>
      <RSEXP>
       <PARAMETER>E_VALUET</PARAMETER>
       <DBFIELD/>
       <TYPES/>
       <REFERENCE>X</REFERENCE>
       <TYP/>
       <CLASS/>
       <REF_CLASS/>
       <LINE_OF/>
       <TABLE_OF/>
      </RSEXP>
     </EXPORT>
     <TABLES/>
     <EXCEPTION/>
     <DOCUMENTATION>
      <RSFDO>
       <PARAMETER>I_FIELDCAT</PARAMETER>
       <KIND>P</KIND>
       <STEXT>Field Catalog</STEXT>
       <INDEX> 001</INDEX>
      </RSFDO>
      <RSFDO>
       <PARAMETER>I_DATASTR</PARAMETER>
       <KIND>P</KIND>
       <STEXT>Data structure has value</STEXT>
       <INDEX> 002</INDEX>
      </RSFDO>
      <RSFDO>
       <PARAMETER>I_FIELDNAME</PARAMETER>
       <KIND>P</KIND>
       <STEXT>Field Name need to be standard</STEXT>
       <INDEX> 003</INDEX>
      </RSFDO>
      <RSFDO>
       <PARAMETER>I_FOR_EXCEL</PARAMETER>
       <KIND>P</KIND>
       <STEXT>For excel</STEXT>
       <INDEX> 004</INDEX>
      </RSFDO>
      <RSFDO>
       <PARAMETER>E_VALUET</PARAMETER>
       <KIND>P</KIND>
       <STEXT>Value convert to text</STEXT>
       <INDEX> 005</INDEX>
      </RSFDO>
     </DOCUMENTATION>
    </item>
    <item>
     <FUNCNAME>ZFM_DATTAB_BUILD_WITH_KEYS</FUNCNAME>
     <INCLUDE>LZFG_DATA_PROCESSU21</INCLUDE>
     <GLOBAL_FLAG/>
     <REMOTE_CALL/>
     <UPDATE_TASK/>
     <SHORT_TEXT>Get data from table</SHORT_TEXT>
     <REMOTE_BASXML/>
     <IMPORT>
      <RSIMP>
       <PARAMETER>I_TABNAME</PARAMETER>
       <DBFIELD/>
       <DEFAULT/>
       <TYPES/>
       <OPTIONAL>X</OPTIONAL>
       <REFERENCE>X</REFERENCE>
       <CHANGING/>
       <TYP>TABNAME</TYP>
       <CLASS/>
       <REF_CLASS/>
       <LINE_OF/>
       <TABLE_OF/>
      </RSIMP>
     </IMPORT>
     <CHANGING>
      <RSCHA>
       <PARAMETER>T_FIELDCAT</PARAMETER>
       <DBFIELD/>
       <DEFAULT/>
       <TYPES/>
       <OPTIONAL>X</OPTIONAL>
       <REFERENCE>X</REFERENCE>
       <CHANGING/>
       <TYP>LVC_T_FCAT</TYP>
       <CLASS/>
       <REF_CLASS/>
       <LINE_OF/>
       <TABLE_OF/>
      </RSCHA>
     </CHANGING>
     <EXPORT>
      <RSEXP>
       <PARAMETER>E_REF_TABDATA</PARAMETER>
       <DBFIELD/>
       <TYPES/>
       <REFERENCE>X</REFERENCE>
       <TYP>REF TO DATA</TYP>
       <CLASS/>
       <REF_CLASS>X</REF_CLASS>
       <LINE_OF/>
       <TABLE_OF/>
      </RSEXP>
      <RSEXP>
       <PARAMETER>E_REF_TABDATA2</PARAMETER>
       <DBFIELD/>
       <TYPES/>
       <REFERENCE>X</REFERENCE>
       <TYP>REF TO DATA</TYP>
       <CLASS/>
       <REF_CLASS>X</REF_CLASS>
       <LINE_OF/>
       <TABLE_OF/>
      </RSEXP>
      <RSEXP>
       <PARAMETER>E_REF_TABDATA3</PARAMETER>
       <DBFIELD/>
       <TYPES/>
       <REFERENCE>X</REFERENCE>
       <TYP>REF TO DATA</TYP>
       <CLASS/>
       <REF_CLASS>X</REF_CLASS>
       <LINE_OF/>
       <TABLE_OF/>
      </RSEXP>
     </EXPORT>
     <TABLES/>
     <EXCEPTION/>
     <DOCUMENTATION>
      <RSFDO>
       <PARAMETER>I_TABNAME</PARAMETER>
       <KIND>P</KIND>
       <STEXT>Table Name</STEXT>
       <INDEX> 001</INDEX>
      </RSFDO>
      <RSFDO>
       <PARAMETER>E_REF_TABDATA</PARAMETER>
       <KIND>P</KIND>
       <STEXT>Reference data</STEXT>
       <INDEX> 002</INDEX>
      </RSFDO>
      <RSFDO>
       <PARAMETER>E_REF_TABDATA2</PARAMETER>
       <KIND>P</KIND>
       <STEXT>Reference data</STEXT>
       <INDEX> 003</INDEX>
      </RSFDO>
      <RSFDO>
       <PARAMETER>E_REF_TABDATA3</PARAMETER>
       <KIND>P</KIND>
       <STEXT>Reference data</STEXT>
       <INDEX> 004</INDEX>
      </RSFDO>
      <RSFDO>
       <PARAMETER>T_FIELDCAT</PARAMETER>
       <KIND>P</KIND>
       <STEXT>Field Catalog for List Viewer Control</STEXT>
       <INDEX> 005</INDEX>
      </RSFDO>
     </DOCUMENTATION>
    </item>
    <item>
     <FUNCNAME>ZFM_DATTAB_FREE_SELECTION</FUNCNAME>
     <INCLUDE>LZFG_DATA_PROCESSU18</INCLUDE>
     <GLOBAL_FLAG/>
     <REMOTE_CALL/>
     <UPDATE_TASK/>
     <SHORT_TEXT>Call screen to select from table</SHORT_TEXT>
     <REMOTE_BASXML/>
     <IMPORT>
      <RSIMP>
       <PARAMETER>I_TABLE</PARAMETER>
       <DBFIELD/>
       <DEFAULT/>
       <TYPES/>
       <OPTIONAL/>
       <REFERENCE>X</REFERENCE>
       <CHANGING/>
       <TYP>TABNAME</TYP>
       <CLASS/>
       <REF_CLASS/>
       <LINE_OF/>
       <TABLE_OF/>
      </RSIMP>
      <RSIMP>
       <PARAMETER>I_MAXSELECT</PARAMETER>
       <DBFIELD/>
       <DEFAULT>20</DEFAULT>
       <TYPES/>
       <OPTIONAL/>
       <REFERENCE>X</REFERENCE>
       <CHANGING/>
       <TYP>I</TYP>
       <CLASS/>
       <REF_CLASS/>
       <LINE_OF/>
       <TABLE_OF/>
      </RSIMP>
      <RSIMP>
       <PARAMETER>I_KIND</PARAMETER>
       <DBFIELD/>
       <DEFAULT>&apos;T&apos;</DEFAULT>
       <TYPES/>
       <OPTIONAL>X</OPTIONAL>
       <REFERENCE>X</REFERENCE>
       <CHANGING/>
       <TYP/>
       <CLASS/>
       <REF_CLASS/>
       <LINE_OF/>
       <TABLE_OF/>
      </RSIMP>
     </IMPORT>
     <CHANGING>
      <RSCHA>
       <PARAMETER>C_SELID</PARAMETER>
       <DBFIELD/>
       <DEFAULT/>
       <TYPES/>
       <OPTIONAL>X</OPTIONAL>
       <REFERENCE>X</REFERENCE>
       <CHANGING/>
       <TYP>DYNSELID</TYP>
       <CLASS/>
       <REF_CLASS/>
       <LINE_OF/>
       <TABLE_OF/>
      </RSCHA>
     </CHANGING>
     <EXPORT>
      <RSEXP>
       <PARAMETER>T_WHERE_CLAUSES</PARAMETER>
       <DBFIELD/>
       <TYPES/>
       <REFERENCE>X</REFERENCE>
       <TYP>TT_RSDSWHERE</TYP>
       <CLASS/>
       <REF_CLASS/>
       <LINE_OF/>
       <TABLE_OF/>
      </RSEXP>
     </EXPORT>
     <TABLES/>
     <EXCEPTION>
      <RSEXC>
       <EXCEPTION>ERROR</EXCEPTION>
       <IS_RESUMABLE/>
      </RSEXC>
     </EXCEPTION>
     <DOCUMENTATION>
      <RSFDO>
       <PARAMETER>I_TABLE</PARAMETER>
       <KIND>P</KIND>
       <STEXT>Table Name</STEXT>
       <INDEX> 001</INDEX>
      </RSFDO>
      <RSFDO>
       <PARAMETER>I_MAXSELECT</PARAMETER>
       <KIND>P</KIND>
       <STEXT>Max field to select</STEXT>
       <INDEX> 002</INDEX>
      </RSFDO>
      <RSFDO>
       <PARAMETER>I_KIND</PARAMETER>
       <KIND>P</KIND>
       <STEXT>Type of field list</STEXT>
       <INDEX> 003</INDEX>
      </RSFDO>
      <RSFDO>
       <PARAMETER>T_WHERE_CLAUSES</PARAMETER>
       <KIND>P</KIND>
       <STEXT>Table type for rsdswhere</STEXT>
       <INDEX> 004</INDEX>
      </RSFDO>
      <RSFDO>
       <PARAMETER>C_SELID</PARAMETER>
       <KIND>P</KIND>
       <STEXT>Selection ID</STEXT>
       <INDEX> 005</INDEX>
      </RSFDO>
      <RSFDO>
       <PARAMETER>ERROR</PARAMETER>
       <KIND>X</KIND>
       <STEXT>Error</STEXT>
       <INDEX> 006</INDEX>
      </RSFDO>
     </DOCUMENTATION>
    </item>
    <item>
     <FUNCNAME>ZFM_DATTAB_GET</FUNCNAME>
     <INCLUDE>LZFG_DATA_PROCESSU19</INCLUDE>
     <GLOBAL_FLAG/>
     <REMOTE_CALL/>
     <UPDATE_TASK/>
     <SHORT_TEXT>Get data from table</SHORT_TEXT>
     <REMOTE_BASXML/>
     <IMPORT>
      <RSIMP>
       <PARAMETER>I_TABLE</PARAMETER>
       <DBFIELD/>
       <DEFAULT/>
       <TYPES/>
       <OPTIONAL/>
       <REFERENCE>X</REFERENCE>
       <CHANGING/>
       <TYP>TABNAME</TYP>
       <CLASS/>
       <REF_CLASS/>
       <LINE_OF/>
       <TABLE_OF/>
      </RSIMP>
      <RSIMP>
       <PARAMETER>T_WHERE_CLAUSES</PARAMETER>
       <DBFIELD/>
       <DEFAULT/>
       <TYPES/>
       <OPTIONAL/>
       <REFERENCE>X</REFERENCE>
       <CHANGING/>
       <TYP>TT_RSDSWHERE</TYP>
       <CLASS/>
       <REF_CLASS/>
       <LINE_OF/>
       <TABLE_OF/>
      </RSIMP>
     </IMPORT>
     <CHANGING/>
     <EXPORT>
      <RSEXP>
       <PARAMETER>T_TABLE_DATA</PARAMETER>
       <DBFIELD/>
       <TYPES/>
       <REFERENCE>X</REFERENCE>
       <TYP>ANY TABLE</TYP>
       <CLASS/>
       <REF_CLASS/>
       <LINE_OF/>
       <TABLE_OF/>
      </RSEXP>
     </EXPORT>
     <TABLES/>
     <EXCEPTION/>
     <DOCUMENTATION>
      <RSFDO>
       <PARAMETER>I_TABLE</PARAMETER>
       <KIND>P</KIND>
       <STEXT>Table Name</STEXT>
       <INDEX> 001</INDEX>
      </RSFDO>
      <RSFDO>
       <PARAMETER>T_WHERE_CLAUSES</PARAMETER>
       <KIND>P</KIND>
       <STEXT>Table type for rsdswhere</STEXT>
       <INDEX> 002</INDEX>
      </RSFDO>
      <RSFDO>
       <PARAMETER>T_TABLE_DATA</PARAMETER>
       <KIND>P</KIND>
       <STEXT/>
       <INDEX> 003</INDEX>
      </RSFDO>
     </DOCUMENTATION>
    </item>
    <item>
     <FUNCNAME>ZFM_DATTAB_GET_DESC</FUNCNAME>
     <INCLUDE>LZFG_DATA_PROCESSU24</INCLUDE>
     <GLOBAL_FLAG/>
     <REMOTE_CALL/>
     <UPDATE_TASK/>
     <SHORT_TEXT>Get data from table</SHORT_TEXT>
     <REMOTE_BASXML/>
     <IMPORT>
      <RSIMP>
       <PARAMETER>I_TABLE</PARAMETER>
       <DBFIELD/>
       <DEFAULT/>
       <TYPES/>
       <OPTIONAL/>
       <REFERENCE>X</REFERENCE>
       <CHANGING/>
       <TYP>TABNAME</TYP>
       <CLASS/>
       <REF_CLASS/>
       <LINE_OF/>
       <TABLE_OF/>
      </RSIMP>
     </IMPORT>
     <CHANGING/>
     <EXPORT>
      <RSEXP>
       <PARAMETER>T_TABLE_DATA</PARAMETER>
       <DBFIELD/>
       <TYPES/>
       <REFERENCE>X</REFERENCE>
       <TYP>ANY TABLE</TYP>
       <CLASS/>
       <REF_CLASS/>
       <LINE_OF/>
       <TABLE_OF/>
      </RSEXP>
     </EXPORT>
     <TABLES/>
     <EXCEPTION/>
     <DOCUMENTATION>
      <RSFDO>
       <PARAMETER>I_TABLE</PARAMETER>
       <KIND>P</KIND>
       <STEXT>Table Name</STEXT>
       <INDEX> 001</INDEX>
      </RSFDO>
      <RSFDO>
       <PARAMETER>T_TABLE_DATA</PARAMETER>
       <KIND>P</KIND>
       <STEXT/>
       <INDEX> 002</INDEX>
      </RSFDO>
     </DOCUMENTATION>
    </item>
    <item>
     <FUNCNAME>ZFM_DATTAB_PROCESS_CURSOR</FUNCNAME>
     <INCLUDE>LZFG_DATA_PROCESSU20</INCLUDE>
     <GLOBAL_FLAG/>
     <REMOTE_CALL/>
     <UPDATE_TASK/>
     <SHORT_TEXT>Get data from table: Using cursor. Notice: only use FM DB_COMMIT</SHORT_TEXT>
     <REMOTE_BASXML/>
     <IMPORT>
      <RSIMP>
       <PARAMETER>I_TABLE</PARAMETER>
       <DBFIELD/>
       <DEFAULT/>
       <TYPES/>
       <OPTIONAL/>
       <REFERENCE>X</REFERENCE>
       <CHANGING/>
       <TYP>TABNAME</TYP>
       <CLASS/>
       <REF_CLASS/>
       <LINE_OF/>
       <TABLE_OF/>
      </RSIMP>
      <RSIMP>
       <PARAMETER>T_WHERE_CLAUSES</PARAMETER>
       <DBFIELD/>
       <DEFAULT/>
       <TYPES/>
       <OPTIONAL>X</OPTIONAL>
       <REFERENCE>X</REFERENCE>
       <CHANGING/>
       <TYP>TT_RSDSWHERE</TYP>
       <CLASS/>
       <REF_CLASS/>
       <LINE_OF/>
       <TABLE_OF/>
      </RSIMP>
      <RSIMP>
       <PARAMETER>I_PACKSIZE</PARAMETER>
       <DBFIELD/>
       <DEFAULT>5000</DEFAULT>
       <TYPES/>
       <OPTIONAL>X</OPTIONAL>
       <REFERENCE>X</REFERENCE>
       <CHANGING/>
       <TYP>I</TYP>
       <CLASS/>
       <REF_CLASS/>
       <LINE_OF/>
       <TABLE_OF/>
      </RSIMP>
      <RSIMP>
       <PARAMETER>I_PRC_SUB</PARAMETER>
       <DBFIELD/>
       <DEFAULT/>
       <TYPES/>
       <OPTIONAL/>
       <REFERENCE>X</REFERENCE>
       <CHANGING/>
       <TYP>EDPERFORM</TYP>
       <CLASS/>
       <REF_CLASS/>
       <LINE_OF/>
       <TABLE_OF/>
      </RSIMP>
      <RSIMP>
       <PARAMETER>I_COUNT_ALL</PARAMETER>
       <DBFIELD/>
       <DEFAULT/>
       <TYPES/>
       <OPTIONAL>X</OPTIONAL>
       <REFERENCE>X</REFERENCE>
       <CHANGING/>
       <TYP>XMARK</TYP>
       <CLASS/>
       <REF_CLASS/>
       <LINE_OF/>
       <TABLE_OF/>
      </RSIMP>
      <RSIMP>
       <PARAMETER>I_COMMIT</PARAMETER>
       <DBFIELD/>
       <DEFAULT/>
       <TYPES/>
       <OPTIONAL>X</OPTIONAL>
       <REFERENCE>X</REFERENCE>
       <CHANGING/>
       <TYP>XMARK</TYP>
       <CLASS/>
       <REF_CLASS/>
       <LINE_OF/>
       <TABLE_OF/>
      </RSIMP>
     </IMPORT>
     <CHANGING/>
     <EXPORT>
      <RSEXP>
       <PARAMETER>T_TABLE_DATA</PARAMETER>
       <DBFIELD/>
       <TYPES/>
       <REFERENCE>X</REFERENCE>
       <TYP>ANY TABLE</TYP>
       <CLASS/>
       <REF_CLASS/>
       <LINE_OF/>
       <TABLE_OF/>
      </RSEXP>
     </EXPORT>
     <TABLES/>
     <EXCEPTION/>
     <DOCUMENTATION>
      <RSFDO>
       <PARAMETER>I_TABLE</PARAMETER>
       <KIND>P</KIND>
       <STEXT>Table Name</STEXT>
       <INDEX> 001</INDEX>
      </RSFDO>
      <RSFDO>
       <PARAMETER>T_WHERE_CLAUSES</PARAMETER>
       <KIND>P</KIND>
       <STEXT>Table type for rsdswhere</STEXT>
       <INDEX> 002</INDEX>
      </RSFDO>
      <RSFDO>
       <PARAMETER>I_PACKSIZE</PARAMETER>
       <KIND>P</KIND>
       <STEXT>Package size</STEXT>
       <INDEX> 003</INDEX>
      </RSFDO>
      <RSFDO>
       <PARAMETER>I_PRC_SUB</PARAMETER>
       <KIND>P</KIND>
       <STEXT>Process subroutine</STEXT>
       <INDEX> 004</INDEX>
      </RSFDO>
      <RSFDO>
       <PARAMETER>I_COUNT_ALL</PARAMETER>
       <KIND>P</KIND>
       <STEXT>Indicator: Line selected</STEXT>
       <INDEX> 005</INDEX>
      </RSFDO>
      <RSFDO>
       <PARAMETER>I_COMMIT</PARAMETER>
       <KIND>P</KIND>
       <STEXT>Commit</STEXT>
       <INDEX> 006</INDEX>
      </RSFDO>
      <RSFDO>
       <PARAMETER>T_TABLE_DATA</PARAMETER>
       <KIND>P</KIND>
       <STEXT/>
       <INDEX> 007</INDEX>
      </RSFDO>
     </DOCUMENTATION>
    </item>
    <item>
     <FUNCNAME>ZFM_GET_DESC_FOR_FIELD</FUNCNAME>
     <INCLUDE>LZFG_DATA_PROCESSU04</INCLUDE>
     <GLOBAL_FLAG/>
     <REMOTE_CALL/>
     <UPDATE_TASK/>
     <SHORT_TEXT>Get description for field in table</SHORT_TEXT>
     <REMOTE_BASXML/>
     <IMPORT>
      <RSIMP>
       <PARAMETER>I_DES_FIELD</PARAMETER>
       <DBFIELD/>
       <DEFAULT/>
       <TYPES/>
       <OPTIONAL/>
       <REFERENCE>X</REFERENCE>
       <CHANGING/>
       <TYP>FIELDNAME</TYP>
       <CLASS/>
       <REF_CLASS/>
       <LINE_OF/>
       <TABLE_OF/>
      </RSIMP>
      <RSIMP>
       <PARAMETER>I_DES_TFIELD</PARAMETER>
       <DBFIELD/>
       <DEFAULT/>
       <TYPES/>
       <OPTIONAL/>
       <REFERENCE>X</REFERENCE>
       <CHANGING/>
       <TYP>FIELDNAME</TYP>
       <CLASS/>
       <REF_CLASS/>
       <LINE_OF/>
       <TABLE_OF/>
      </RSIMP>
      <RSIMP>
       <PARAMETER>I_SRC_FIELD</PARAMETER>
       <DBFIELD/>
       <DEFAULT/>
       <TYPES/>
       <OPTIONAL>X</OPTIONAL>
       <REFERENCE>X</REFERENCE>
       <CHANGING/>
       <TYP>FIELDNAME</TYP>
       <CLASS/>
       <REF_CLASS/>
       <LINE_OF/>
       <TABLE_OF/>
      </RSIMP>
      <RSIMP>
       <PARAMETER>I_SRC_TFIELD</PARAMETER>
       <DBFIELD/>
       <DEFAULT/>
       <TYPES/>
       <OPTIONAL>X</OPTIONAL>
       <REFERENCE>X</REFERENCE>
       <CHANGING/>
       <TYP>FIELDNAME</TYP>
       <CLASS/>
       <REF_CLASS/>
       <LINE_OF/>
       <TABLE_OF/>
      </RSIMP>
      <RSIMP>
       <PARAMETER>T_SRC_DATA</PARAMETER>
       <DBFIELD/>
       <DEFAULT/>
       <TYPES/>
       <OPTIONAL/>
       <REFERENCE>X</REFERENCE>
       <CHANGING/>
       <TYP>ANY TABLE</TYP>
       <CLASS/>
       <REF_CLASS/>
       <LINE_OF/>
       <TABLE_OF/>
      </RSIMP>
      <RSIMP>
       <PARAMETER>I_SORT_DES_TAB</PARAMETER>
       <DBFIELD/>
       <DEFAULT>&apos;X&apos;</DEFAULT>
       <TYPES/>
       <OPTIONAL>X</OPTIONAL>
       <REFERENCE>X</REFERENCE>
       <CHANGING/>
       <TYP>XMARK</TYP>
       <CLASS/>
       <REF_CLASS/>
       <LINE_OF/>
       <TABLE_OF/>
      </RSIMP>
     </IMPORT>
     <CHANGING>
      <RSCHA>
       <PARAMETER>T_DES_DATA</PARAMETER>
       <DBFIELD/>
       <DEFAULT/>
       <TYPES/>
       <OPTIONAL/>
       <REFERENCE>X</REFERENCE>
       <CHANGING/>
       <TYP>ANY TABLE</TYP>
       <CLASS/>
       <REF_CLASS/>
       <LINE_OF/>
       <TABLE_OF/>
      </RSCHA>
     </CHANGING>
     <EXPORT/>
     <TABLES/>
     <EXCEPTION/>
     <DOCUMENTATION>
      <RSFDO>
       <PARAMETER>I_DES_FIELD</PARAMETER>
       <KIND>P</KIND>
       <STEXT>Target field need description</STEXT>
       <INDEX> 001</INDEX>
      </RSFDO>
      <RSFDO>
       <PARAMETER>I_DES_TFIELD</PARAMETER>
       <KIND>P</KIND>
       <STEXT>Target text field to store description</STEXT>
       <INDEX> 002</INDEX>
      </RSFDO>
      <RSFDO>
       <PARAMETER>I_SRC_FIELD</PARAMETER>
       <KIND>P</KIND>
       <STEXT>Source field in table list</STEXT>
       <INDEX> 003</INDEX>
      </RSFDO>
      <RSFDO>
       <PARAMETER>I_SRC_TFIELD</PARAMETER>
       <KIND>P</KIND>
       <STEXT>Source text field</STEXT>
       <INDEX> 004</INDEX>
      </RSFDO>
      <RSFDO>
       <PARAMETER>T_SRC_DATA</PARAMETER>
       <KIND>P</KIND>
       <STEXT>Table has description data</STEXT>
       <INDEX> 005</INDEX>
      </RSFDO>
      <RSFDO>
       <PARAMETER>I_SORT_DES_TAB</PARAMETER>
       <KIND>P</KIND>
       <STEXT>Sort destination table by Des.Field</STEXT>
       <INDEX> 006</INDEX>
      </RSFDO>
      <RSFDO>
       <PARAMETER>T_DES_DATA</PARAMETER>
       <KIND>P</KIND>
       <STEXT>Table need desciption data</STEXT>
       <INDEX> 007</INDEX>
      </RSFDO>
     </DOCUMENTATION>
    </item>
    <item>
     <FUNCNAME>ZFM_SPELLAMOUNT1</FUNCNAME>
     <INCLUDE>LZFG_DATA_PROCESSU06</INCLUDE>
     <GLOBAL_FLAG/>
     <REMOTE_CALL/>
     <UPDATE_TASK/>
     <SHORT_TEXT>Spell amount</SHORT_TEXT>
     <REMOTE_BASXML/>
     <IMPORT>
      <RSIMP>
       <PARAMETER>I_NUMBER</PARAMETER>
       <DBFIELD/>
       <DEFAULT/>
       <TYPES/>
       <OPTIONAL>X</OPTIONAL>
       <REFERENCE>X</REFERENCE>
       <CHANGING/>
       <TYP>NUMC_50</TYP>
       <CLASS/>
       <REF_CLASS/>
       <LINE_OF/>
       <TABLE_OF/>
      </RSIMP>
      <RSIMP>
       <PARAMETER>I_CURTX</PARAMETER>
       <DBFIELD/>
       <DEFAULT/>
       <TYPES/>
       <OPTIONAL>X</OPTIONAL>
       <REFERENCE>X</REFERENCE>
       <CHANGING/>
       <TYP>TEXT20</TYP>
       <CLASS/>
       <REF_CLASS/>
       <LINE_OF/>
       <TABLE_OF/>
      </RSIMP>
      <RSIMP>
       <PARAMETER>I_CURR</PARAMETER>
       <DBFIELD/>
       <DEFAULT/>
       <TYPES/>
       <OPTIONAL>X</OPTIONAL>
       <REFERENCE>X</REFERENCE>
       <CHANGING/>
       <TYP/>
       <CLASS/>
       <REF_CLASS/>
       <LINE_OF/>
       <TABLE_OF/>
      </RSIMP>
      <RSIMP>
       <PARAMETER>I_WAERS</PARAMETER>
       <DBFIELD/>
       <DEFAULT/>
       <TYPES/>
       <OPTIONAL>X</OPTIONAL>
       <REFERENCE>X</REFERENCE>
       <CHANGING/>
       <TYP>WAERS</TYP>
       <CLASS/>
       <REF_CLASS/>
       <LINE_OF/>
       <TABLE_OF/>
      </RSIMP>
     </IMPORT>
     <CHANGING/>
     <EXPORT>
      <RSEXP>
       <PARAMETER>E_TEXT</PARAMETER>
       <DBFIELD/>
       <TYPES/>
       <REFERENCE>X</REFERENCE>
       <TYP>STRING</TYP>
       <CLASS/>
       <REF_CLASS/>
       <LINE_OF/>
       <TABLE_OF/>
      </RSEXP>
      <RSEXP>
       <PARAMETER>IN_WORDS</PARAMETER>
       <DBFIELD/>
       <TYPES/>
       <REFERENCE>X</REFERENCE>
       <TYP>SPELL</TYP>
       <CLASS/>
       <REF_CLASS/>
       <LINE_OF/>
       <TABLE_OF/>
      </RSEXP>
     </EXPORT>
     <TABLES/>
     <EXCEPTION/>
     <DOCUMENTATION>
      <RSFDO>
       <PARAMETER>I_NUMBER</PARAMETER>
       <KIND>P</KIND>
       <STEXT>50-digit</STEXT>
       <INDEX> 001</INDEX>
      </RSFDO>
      <RSFDO>
       <PARAMETER>I_CURTX</PARAMETER>
       <KIND>P</KIND>
       <STEXT>Currency text</STEXT>
       <INDEX> 002</INDEX>
      </RSFDO>
      <RSFDO>
       <PARAMETER>I_CURR</PARAMETER>
       <KIND>P</KIND>
       <STEXT>Currency</STEXT>
       <INDEX> 003</INDEX>
      </RSFDO>
      <RSFDO>
       <PARAMETER>I_WAERS</PARAMETER>
       <KIND>P</KIND>
       <STEXT>Currency Key</STEXT>
       <INDEX> 004</INDEX>
      </RSFDO>
      <RSFDO>
       <PARAMETER>E_TEXT</PARAMETER>
       <KIND>P</KIND>
       <STEXT/>
       <INDEX> 005</INDEX>
      </RSFDO>
      <RSFDO>
       <PARAMETER>IN_WORDS</PARAMETER>
       <KIND>P</KIND>
       <STEXT>Transfer structure for amounts rendered in words</STEXT>
       <INDEX> 006</INDEX>
      </RSFDO>
     </DOCUMENTATION>
    </item>
   </FUNCTIONS>
   <DYNPROS/>
   <CUA>
    <ADM>
     <ACTCODE/>
     <MENCODE/>
     <PFKCODE/>
     <DEFAULTACT/>
     <DEFAULTPFK/>
     <MOD_LANGU/>
    </ADM>
    <STA>
     <RSMPE_STAT>
      <CODE>ZGS_FREESELECT</CODE>
      <MODAL>D</MODAL>
      <ACTCODE>000001</ACTCODE>
      <PFKCODE>000001</PFKCODE>
      <BUTCODE>0001</BUTCODE>
      <INT_NOTE>Free selection</INT_NOTE>
      <CTXCODE/>
     </RSMPE_STAT>
    </STA>
    <FUN/>
    <MEN/>
    <MTX/>
    <ACT/>
    <BUT/>
    <PFK/>
    <SET/>
    <DOC>
     <RSMPE_ATRT>
      <OBJ_TYPE>A</OBJ_TYPE>
      <OBJ_CODE>000001</OBJ_CODE>
      <SUB_CODE/>
      <MODAL>D</MODAL>
      <NORM/>
      <INT_NOTE>Free selection</INT_NOTE>
     </RSMPE_ATRT>
     <RSMPE_ATRT>
      <OBJ_TYPE>P</OBJ_TYPE>
      <OBJ_CODE>000001</OBJ_CODE>
      <SUB_CODE/>
      <MODAL>D</MODAL>
      <NORM/>
      <INT_NOTE>Free selection</INT_NOTE>
     </RSMPE_ATRT>
     <RSMPE_ATRT>
      <OBJ_TYPE>B</OBJ_TYPE>
      <OBJ_CODE>000001</OBJ_CODE>
      <SUB_CODE>0001</SUB_CODE>
      <MODAL>D</MODAL>
      <NORM/>
      <INT_NOTE>Free selection</INT_NOTE>
     </RSMPE_ATRT>
    </DOC>
    <TIT/>
    <BIV/>
   </CUA>
  </asx:values>
 </asx:abap>
</abapGit>
