﻿<?xml version="1.0" encoding="utf-8"?>
<abapGit version="v1.0.0" serializer="LCL_OBJECT_FUGR" serializer_version="v1.0.0">
 <asx:abap xmlns:asx="http://www.sap.com/abapxml" version="1.0">
  <asx:values>
   <AREAT>Logging user manipulations</AREAT>
   <INCLUDES>
    <SOBJ_NAME>LZFG_BM_SCRLOGF01</SOBJ_NAME>
    <SOBJ_NAME>LZFG_BM_SCRLOGTOP</SOBJ_NAME>
    <SOBJ_NAME>SAPLZFG_BM_SCRLOG</SOBJ_NAME>
   </INCLUDES>
   <FUNCTIONS>
    <item>
     <FUNCNAME>ZFM_SCR_PAI_LOG</FUNCNAME>
     <INCLUDE>LZFG_BM_SCRLOGU01</INCLUDE>
     <GLOBAL_FLAG/>
     <REMOTE_CALL/>
     <UPDATE_TASK/>
     <SHORT_TEXT>Logging User Maipulations</SHORT_TEXT>
     <REMOTE_BASXML/>
     <IMPORT>
      <RSIMP>
       <PARAMETER>I_REPID</PARAMETER>
       <DBFIELD/>
       <DEFAULT>SY-CPROG</DEFAULT>
       <TYPES/>
       <OPTIONAL>X</OPTIONAL>
       <REFERENCE>X</REFERENCE>
       <CHANGING/>
       <TYP>REPID</TYP>
       <CLASS/>
       <REF_CLASS/>
       <LINE_OF/>
       <TABLE_OF/>
      </RSIMP>
      <RSIMP>
       <PARAMETER>I_DYNNR</PARAMETER>
       <DBFIELD/>
       <DEFAULT>SY-DYNNR</DEFAULT>
       <TYPES/>
       <OPTIONAL>X</OPTIONAL>
       <REFERENCE>X</REFERENCE>
       <CHANGING/>
       <TYP>DYNNR</TYP>
       <CLASS/>
       <REF_CLASS/>
       <LINE_OF/>
       <TABLE_OF/>
      </RSIMP>
      <RSIMP>
       <PARAMETER>I_FCODE</PARAMETER>
       <DBFIELD/>
       <DEFAULT>SY-UCOMM</DEFAULT>
       <TYPES/>
       <OPTIONAL>X</OPTIONAL>
       <REFERENCE>X</REFERENCE>
       <CHANGING/>
       <TYP>SYUCOMM</TYP>
       <CLASS/>
       <REF_CLASS/>
       <LINE_OF/>
       <TABLE_OF/>
      </RSIMP>
     </IMPORT>
     <CHANGING/>
     <EXPORT/>
     <TABLES/>
     <EXCEPTION/>
     <DOCUMENTATION>
      <RSFDO>
       <PARAMETER>I_REPID</PARAMETER>
       <KIND>P</KIND>
       <STEXT>ABAP Program Name</STEXT>
       <INDEX> 001</INDEX>
      </RSFDO>
      <RSFDO>
       <PARAMETER>I_DYNNR</PARAMETER>
       <KIND>P</KIND>
       <STEXT>Number of the following screen</STEXT>
       <INDEX> 002</INDEX>
      </RSFDO>
      <RSFDO>
       <PARAMETER>I_FCODE</PARAMETER>
       <KIND>P</KIND>
       <STEXT>Function code that PAI triggered</STEXT>
       <INDEX> 003</INDEX>
      </RSFDO>
     </DOCUMENTATION>
    </item>
   </FUNCTIONS>
   <DYNPROS/>
   <CUA>
    <ADM>
     <ACTCODE/>
     <MENCODE/>
     <PFKCODE/>
     <DEFAULTACT/>
     <DEFAULTPFK/>
     <MOD_LANGU/>
    </ADM>
    <STA/>
    <FUN/>
    <MEN/>
    <MTX/>
    <ACT/>
    <BUT/>
    <PFK/>
    <SET/>
    <DOC/>
    <TIT/>
    <BIV/>
   </CUA>
  </asx:values>
 </asx:abap>
</abapGit>
