﻿<?xml version="1.0" encoding="utf-8"?>
<abapGit version="v1.0.0" serializer="LCL_OBJECT_FUGR" serializer_version="v1.0.0">
 <asx:abap xmlns:asx="http://www.sap.com/abapxml" version="1.0">
  <asx:values>
   <AREAT>Mass change</AREAT>
   <INCLUDES>
    <SOBJ_NAME>LZFG_MCBAF01</SOBJ_NAME>
    <SOBJ_NAME>LZFG_MCBAI01</SOBJ_NAME>
    <SOBJ_NAME>LZFG_MCBAO01</SOBJ_NAME>
    <SOBJ_NAME>LZFG_MCBATOP</SOBJ_NAME>
    <SOBJ_NAME>ZIN_COMMONTOP</SOBJ_NAME>
    <SOBJ_NAME>SAPLZFG_MCBA</SOBJ_NAME>
   </INCLUDES>
   <FUNCTIONS>
    <item>
     <FUNCNAME>ZFM_MC_BUSAREA_UPDATE</FUNCNAME>
     <INCLUDE>LZFG_MCBAU01</INCLUDE>
     <GLOBAL_FLAG/>
     <REMOTE_CALL/>
     <UPDATE_TASK/>
     <SHORT_TEXT>Update structure</SHORT_TEXT>
     <REMOTE_BASXML/>
     <IMPORT>
      <RSIMP>
       <PARAMETER>I_MCBAID</PARAMETER>
       <DBFIELD/>
       <DEFAULT/>
       <TYPES/>
       <OPTIONAL/>
       <REFERENCE>X</REFERENCE>
       <CHANGING/>
       <TYP>ZDD_MCBAID</TYP>
       <CLASS/>
       <REF_CLASS/>
       <LINE_OF/>
       <TABLE_OF/>
      </RSIMP>
     </IMPORT>
     <CHANGING>
      <RSCHA>
       <PARAMETER>C_BUSAREA</PARAMETER>
       <DBFIELD/>
       <DEFAULT/>
       <TYPES/>
       <OPTIONAL/>
       <REFERENCE>X</REFERENCE>
       <CHANGING/>
       <TYP>ANY</TYP>
       <CLASS/>
       <REF_CLASS/>
       <LINE_OF/>
       <TABLE_OF/>
      </RSCHA>
     </CHANGING>
     <EXPORT/>
     <TABLES/>
     <EXCEPTION/>
     <DOCUMENTATION>
      <RSFDO>
       <PARAMETER>I_MCBAID</PARAMETER>
       <KIND>P</KIND>
       <STEXT>Mass change: BusArea ID</STEXT>
       <INDEX> 001</INDEX>
      </RSFDO>
      <RSFDO>
       <PARAMETER>C_BUSAREA</PARAMETER>
       <KIND>P</KIND>
       <STEXT/>
       <INDEX> 002</INDEX>
      </RSFDO>
     </DOCUMENTATION>
    </item>
    <item>
     <FUNCNAME>ZFM_MC_BUSELE_UPDATE</FUNCNAME>
     <INCLUDE>LZFG_MCBAU03</INCLUDE>
     <GLOBAL_FLAG/>
     <REMOTE_CALL/>
     <UPDATE_TASK/>
     <SHORT_TEXT>Update bus.elements</SHORT_TEXT>
     <REMOTE_BASXML/>
     <IMPORT>
      <RSIMP>
       <PARAMETER>I_MCCF_BUSELE</PARAMETER>
       <DBFIELD/>
       <DEFAULT/>
       <TYPES/>
       <OPTIONAL/>
       <REFERENCE>X</REFERENCE>
       <CHANGING/>
       <TYP>ZST_MCCF_BUSELE</TYP>
       <CLASS/>
       <REF_CLASS/>
       <LINE_OF/>
       <TABLE_OF/>
      </RSIMP>
     </IMPORT>
     <CHANGING>
      <RSCHA>
       <PARAMETER>C_BUSELE</PARAMETER>
       <DBFIELD/>
       <DEFAULT/>
       <TYPES/>
       <OPTIONAL/>
       <REFERENCE>X</REFERENCE>
       <CHANGING/>
       <TYP/>
       <CLASS/>
       <REF_CLASS/>
       <LINE_OF/>
       <TABLE_OF/>
      </RSCHA>
     </CHANGING>
     <EXPORT/>
     <TABLES/>
     <EXCEPTION/>
     <DOCUMENTATION>
      <RSFDO>
       <PARAMETER>I_MCCF_BUSELE</PARAMETER>
       <KIND>P</KIND>
       <STEXT>Mass change: Elements</STEXT>
       <INDEX> 001</INDEX>
      </RSFDO>
      <RSFDO>
       <PARAMETER>C_BUSELE</PARAMETER>
       <KIND>P</KIND>
       <STEXT/>
       <INDEX> 002</INDEX>
      </RSFDO>
     </DOCUMENTATION>
    </item>
    <item>
     <FUNCNAME>ZFM_MC_BUSTAB_UPDATE</FUNCNAME>
     <INCLUDE>LZFG_MCBAU05</INCLUDE>
     <GLOBAL_FLAG/>
     <REMOTE_CALL/>
     <UPDATE_TASK/>
     <SHORT_TEXT>Update bus.elements</SHORT_TEXT>
     <REMOTE_BASXML/>
     <IMPORT>
      <RSIMP>
       <PARAMETER>I_TABNAME</PARAMETER>
       <DBFIELD/>
       <DEFAULT/>
       <TYPES/>
       <OPTIONAL/>
       <REFERENCE>X</REFERENCE>
       <CHANGING/>
       <TYP>TABNAME</TYP>
       <CLASS/>
       <REF_CLASS/>
       <LINE_OF/>
       <TABLE_OF/>
      </RSIMP>
      <RSIMP>
       <PARAMETER>I_TABMCID</PARAMETER>
       <DBFIELD/>
       <DEFAULT/>
       <TYPES/>
       <OPTIONAL/>
       <REFERENCE>X</REFERENCE>
       <CHANGING/>
       <TYP>ZDD_TABMCID</TYP>
       <CLASS/>
       <REF_CLASS/>
       <LINE_OF/>
       <TABLE_OF/>
      </RSIMP>
     </IMPORT>
     <CHANGING>
      <RSCHA>
       <PARAMETER>T_TABDATA</PARAMETER>
       <DBFIELD/>
       <DEFAULT/>
       <TYPES/>
       <OPTIONAL/>
       <REFERENCE>X</REFERENCE>
       <CHANGING/>
       <TYP>TABLE</TYP>
       <CLASS/>
       <REF_CLASS/>
       <LINE_OF/>
       <TABLE_OF/>
      </RSCHA>
     </CHANGING>
     <EXPORT/>
     <TABLES/>
     <EXCEPTION/>
     <DOCUMENTATION>
      <RSFDO>
       <PARAMETER>I_TABNAME</PARAMETER>
       <KIND>P</KIND>
       <STEXT>Mass change: Tables</STEXT>
       <INDEX> 001</INDEX>
      </RSFDO>
      <RSFDO>
       <PARAMETER>I_TABMCID</PARAMETER>
       <KIND>P</KIND>
       <STEXT>Table mass change ID</STEXT>
       <INDEX> 002</INDEX>
      </RSFDO>
      <RSFDO>
       <PARAMETER>T_TABDATA</PARAMETER>
       <KIND>P</KIND>
       <STEXT/>
       <INDEX> 003</INDEX>
      </RSFDO>
     </DOCUMENTATION>
    </item>
    <item>
     <FUNCNAME>ZFM_MC_EX_CONV_FLD</FUNCNAME>
     <INCLUDE>LZFG_MCBAU04</INCLUDE>
     <GLOBAL_FLAG/>
     <REMOTE_CALL/>
     <UPDATE_TASK/>
     <SHORT_TEXT>Example: Convert field</SHORT_TEXT>
     <REMOTE_BASXML/>
     <IMPORT/>
     <CHANGING>
      <RSCHA>
       <PARAMETER>C_FIELD</PARAMETER>
       <DBFIELD/>
       <DEFAULT/>
       <TYPES/>
       <OPTIONAL/>
       <REFERENCE>X</REFERENCE>
       <CHANGING/>
       <TYP/>
       <CLASS/>
       <REF_CLASS/>
       <LINE_OF/>
       <TABLE_OF/>
      </RSCHA>
      <RSCHA>
       <PARAMETER>C_RECORD</PARAMETER>
       <DBFIELD/>
       <DEFAULT/>
       <TYPES/>
       <OPTIONAL/>
       <REFERENCE>X</REFERENCE>
       <CHANGING/>
       <TYP/>
       <CLASS/>
       <REF_CLASS/>
       <LINE_OF/>
       <TABLE_OF/>
      </RSCHA>
     </CHANGING>
     <EXPORT/>
     <TABLES/>
     <EXCEPTION/>
     <DOCUMENTATION>
      <RSFDO>
       <PARAMETER>C_FIELD</PARAMETER>
       <KIND>P</KIND>
       <STEXT>Field need to change</STEXT>
       <INDEX> 001</INDEX>
      </RSFDO>
      <RSFDO>
       <PARAMETER>C_RECORD</PARAMETER>
       <KIND>P</KIND>
       <STEXT>Record data</STEXT>
       <INDEX> 002</INDEX>
      </RSFDO>
     </DOCUMENTATION>
    </item>
    <item>
     <FUNCNAME>ZFM_MC_GET_CONFIG</FUNCNAME>
     <INCLUDE>LZFG_MCBAU02</INCLUDE>
     <GLOBAL_FLAG/>
     <REMOTE_CALL/>
     <UPDATE_TASK/>
     <SHORT_TEXT>Get config for mass change</SHORT_TEXT>
     <REMOTE_BASXML/>
     <IMPORT>
      <RSIMP>
       <PARAMETER>I_MCBAID</PARAMETER>
       <DBFIELD/>
       <DEFAULT/>
       <TYPES/>
       <OPTIONAL>X</OPTIONAL>
       <REFERENCE>X</REFERENCE>
       <CHANGING/>
       <TYP>ZDD_MCBAID</TYP>
       <CLASS/>
       <REF_CLASS/>
       <LINE_OF/>
       <TABLE_OF/>
      </RSIMP>
     </IMPORT>
     <CHANGING/>
     <EXPORT>
      <RSEXP>
       <PARAMETER>E_MCCF_BUSAREA</PARAMETER>
       <DBFIELD/>
       <TYPES/>
       <REFERENCE>X</REFERENCE>
       <TYP>ZST_MCCF_BUSAREA</TYP>
       <CLASS/>
       <REF_CLASS/>
       <LINE_OF/>
       <TABLE_OF/>
      </RSEXP>
     </EXPORT>
     <TABLES/>
     <EXCEPTION/>
     <DOCUMENTATION>
      <RSFDO>
       <PARAMETER>I_MCBAID</PARAMETER>
       <KIND>P</KIND>
       <STEXT>Mass change: BusArea ID</STEXT>
       <INDEX> 001</INDEX>
      </RSFDO>
      <RSFDO>
       <PARAMETER>E_MCCF_BUSAREA</PARAMETER>
       <KIND>P</KIND>
       <STEXT>Mass change config: Bus area</STEXT>
       <INDEX> 002</INDEX>
      </RSFDO>
     </DOCUMENTATION>
    </item>
    <item>
     <FUNCNAME>ZFM_MC_GET_CONFIG_TAB</FUNCNAME>
     <INCLUDE>LZFG_MCBAU06</INCLUDE>
     <GLOBAL_FLAG/>
     <REMOTE_CALL/>
     <UPDATE_TASK/>
     <SHORT_TEXT>Get config for mass change</SHORT_TEXT>
     <REMOTE_BASXML/>
     <IMPORT>
      <RSIMP>
       <PARAMETER>I_TABNAME</PARAMETER>
       <DBFIELD/>
       <DEFAULT/>
       <TYPES/>
       <OPTIONAL/>
       <REFERENCE>X</REFERENCE>
       <CHANGING/>
       <TYP>TABNAME</TYP>
       <CLASS/>
       <REF_CLASS/>
       <LINE_OF/>
       <TABLE_OF/>
      </RSIMP>
      <RSIMP>
       <PARAMETER>I_TABMCID</PARAMETER>
       <DBFIELD/>
       <DEFAULT/>
       <TYPES/>
       <OPTIONAL/>
       <REFERENCE>X</REFERENCE>
       <CHANGING/>
       <TYP>ZDD_TABMCID</TYP>
       <CLASS/>
       <REF_CLASS/>
       <LINE_OF/>
       <TABLE_OF/>
      </RSIMP>
     </IMPORT>
     <CHANGING/>
     <EXPORT>
      <RSEXP>
       <PARAMETER>E_MCCF_BUSTAB</PARAMETER>
       <DBFIELD/>
       <TYPES/>
       <REFERENCE>X</REFERENCE>
       <TYP>ZST_MCCF_BUSTAB</TYP>
       <CLASS/>
       <REF_CLASS/>
       <LINE_OF/>
       <TABLE_OF/>
      </RSEXP>
     </EXPORT>
     <TABLES/>
     <EXCEPTION/>
     <DOCUMENTATION>
      <RSFDO>
       <PARAMETER>I_TABNAME</PARAMETER>
       <KIND>P</KIND>
       <STEXT>Table Name</STEXT>
       <INDEX> 001</INDEX>
      </RSFDO>
      <RSFDO>
       <PARAMETER>I_TABMCID</PARAMETER>
       <KIND>P</KIND>
       <STEXT>Table mass change ID</STEXT>
       <INDEX> 002</INDEX>
      </RSFDO>
      <RSFDO>
       <PARAMETER>E_MCCF_BUSTAB</PARAMETER>
       <KIND>P</KIND>
       <STEXT>Mass change: Tab</STEXT>
       <INDEX> 003</INDEX>
      </RSFDO>
     </DOCUMENTATION>
    </item>
    <item>
     <FUNCNAME>ZFM_MC_TABLE_INPUT</FUNCNAME>
     <INCLUDE>LZFG_MCBAU07</INCLUDE>
     <GLOBAL_FLAG/>
     <REMOTE_CALL/>
     <UPDATE_TASK/>
     <SHORT_TEXT>Input table data (Manual, Excel import)</SHORT_TEXT>
     <REMOTE_BASXML/>
     <IMPORT>
      <RSIMP>
       <PARAMETER>I_TABNAME</PARAMETER>
       <DBFIELD/>
       <DEFAULT/>
       <TYPES/>
       <OPTIONAL>X</OPTIONAL>
       <REFERENCE>X</REFERENCE>
       <CHANGING/>
       <TYP>TABNAME</TYP>
       <CLASS/>
       <REF_CLASS/>
       <LINE_OF/>
       <TABLE_OF/>
      </RSIMP>
     </IMPORT>
     <CHANGING>
      <RSCHA>
       <PARAMETER>C_TABLE</PARAMETER>
       <DBFIELD/>
       <DEFAULT/>
       <TYPES/>
       <OPTIONAL/>
       <REFERENCE>X</REFERENCE>
       <CHANGING/>
       <TYP>TABLE</TYP>
       <CLASS/>
       <REF_CLASS/>
       <LINE_OF/>
       <TABLE_OF/>
      </RSCHA>
     </CHANGING>
     <EXPORT/>
     <TABLES/>
     <EXCEPTION/>
     <DOCUMENTATION>
      <RSFDO>
       <PARAMETER>I_TABNAME</PARAMETER>
       <KIND>P</KIND>
       <STEXT>Table Name</STEXT>
       <INDEX> 001</INDEX>
      </RSFDO>
      <RSFDO>
       <PARAMETER>C_TABLE</PARAMETER>
       <KIND>P</KIND>
       <STEXT/>
       <INDEX> 002</INDEX>
      </RSFDO>
     </DOCUMENTATION>
    </item>
   </FUNCTIONS>
   <DYNPROS>
    <item>
     <HEADER>
      <PROGRAM>SAPLZFG_MCBA</PROGRAM>
      <SCREEN>0100</SCREEN>
      <LANGUAGE>E</LANGUAGE>
      <DESCRIPT>List of BP</DESCRIPT>
      <TYPE>N</TYPE>
      <NEXTSCREEN>0100</NEXTSCREEN>
      <CURSOR_POS/>
      <SCREEN_GRP/>
      <LINES>024</LINES>
      <COLUMNS>137</COLUMNS>
      <HOLD_DATA/>
      <FIXED_FONT/>
      <NO_COMPR/>
      <NO_EXECUTE/>
      <KEEP_SCPOS/>
      <NO_TOOLBAR/>
      <CTX_MENON/>
     </HEADER>
     <CONTAINERS>
      <RPY_DYCATT>
       <TYPE>SCREEN</TYPE>
       <NAME>SCREEN</NAME>
       <ELEMENT_OF/>
       <LINE>000</LINE>
       <COLUMN>000</COLUMN>
       <LENGTH>000</LENGTH>
       <HEIGHT>000</HEIGHT>
       <LOOP_TYPE/>
       <LOOP_BLOCK>000</LOOP_BLOCK>
       <LOOP_DISP>000</LOOP_DISP>
       <C_RESIZE_V/>
       <C_RESIZE_H/>
       <C_LINE_MIN>000</C_LINE_MIN>
       <C_COLN_MIN>000</C_COLN_MIN>
       <C_SCROLL_V/>
       <C_SCROLL_H/>
       <TC_TABTYPE/>
       <TC_SEPAR_V/>
       <TC_SEPAR_H/>
       <TC_TITLE/>
       <TC_HEADER/>
       <TC_CONFIG/>
       <TC_SEL_LNS/>
       <TC_SEL_CLS/>
       <TC_LSEL_CL/>
       <TC_FIXCOL>000</TC_FIXCOL>
       <CU_CC_NAME/>
       <SFW_SWITCHID/>
       <SFW_SHOWHIDE/>
       <PROPERTIES/>
      </RPY_DYCATT>
      <RPY_DYCATT>
       <TYPE>CUST_CTRL</TYPE>
       <NAME>CUS_ALV_BP</NAME>
       <ELEMENT_OF>SCREEN</ELEMENT_OF>
       <LINE>001</LINE>
       <COLUMN>001</COLUMN>
       <LENGTH>137</LENGTH>
       <HEIGHT>024</HEIGHT>
       <LOOP_TYPE/>
       <LOOP_BLOCK>000</LOOP_BLOCK>
       <LOOP_DISP>000</LOOP_DISP>
       <C_RESIZE_V>X</C_RESIZE_V>
       <C_RESIZE_H>X</C_RESIZE_H>
       <C_LINE_MIN>020</C_LINE_MIN>
       <C_COLN_MIN>078</C_COLN_MIN>
       <C_SCROLL_V/>
       <C_SCROLL_H/>
       <TC_TABTYPE/>
       <TC_SEPAR_V/>
       <TC_SEPAR_H/>
       <TC_TITLE/>
       <TC_HEADER/>
       <TC_CONFIG/>
       <TC_SEL_LNS/>
       <TC_SEL_CLS/>
       <TC_LSEL_CL/>
       <TC_FIXCOL>000</TC_FIXCOL>
       <CU_CC_NAME/>
       <SFW_SWITCHID/>
       <SFW_SHOWHIDE/>
       <PROPERTIES/>
      </RPY_DYCATT>
     </CONTAINERS>
     <FIELDS>
      <RPY_DYFATC>
       <CONT_TYPE>SCREEN</CONT_TYPE>
       <CONT_NAME>SCREEN</CONT_NAME>
       <TYPE>OKCODE</TYPE>
       <NAME/>
       <TEXT>____________________</TEXT>
       <DROPDOWN/>
       <ICON_NAME/>
       <ICON_QINFO/>
       <ICON_QSPEC/>
       <WITH_ICON/>
       <ROLLING/>
       <LINE>000</LINE>
       <COLUMN>000</COLUMN>
       <LENGTH>020</LENGTH>
       <VISLENGTH>020</VISLENGTH>
       <HEIGHT>001</HEIGHT>
       <GROUP1/>
       <GROUP2/>
       <GROUP3/>
       <GROUP4/>
       <PUSH_FCODE/>
       <PUSH_FTYPE/>
       <CXT_MENON/>
       <FORMAT>CHAR</FORMAT>
       <FROM_DICT/>
       <MODIFIC/>
       <CONV_EXIT/>
       <PARAM_ID/>
       <SET_PARAM/>
       <GET_PARAM/>
       <UP_LOWER/>
       <NO_TEMPL/>
       <FOREIGNKEY/>
       <INPUT_FLD>X</INPUT_FLD>
       <OUTPUT_FLD/>
       <OUTPUTONLY/>
       <REQU_ENTRY/>
       <POSS_ENTRY/>
       <DROPFROM/>
       <RIGHT_JUST/>
       <LEAD_ZEROS/>
       <_--2A_ENTRY/>
       <NO_RESET/>
       <FIXED_FONT/>
       <BRIGHT/>
       <INVISIBLE/>
       <_--32_DIMENS/>
       <LABELLEFT/>
       <LABELRIGHT/>
       <LTR/>
       <BIDICTRL/>
       <DBLCLICK/>
       <MATCHCODE/>
       <REF_FIELD/>
       <TC_TITLE/>
       <TC_HEADING/>
       <TC_SELCOL/>
       <BUTT_RIGHT/>
       <DICT_I_FKY/>
       <DICT_I_FKD/>
       <DICT_I_SGN/>
       <DICT_I_VAL/>
       <SFW_SWITCHID/>
       <SFW_SHOWHIDE/>
       <PROPERTIES/>
      </RPY_DYFATC>
     </FIELDS>
     <FLOW_LOGIC>
      <RPY_DYFLOW>
       <LINE>PROCESS BEFORE OUTPUT.</LINE>
      </RPY_DYFLOW>
      <RPY_DYFLOW>
       <LINE>MODULE STATUS_0100.</LINE>
      </RPY_DYFLOW>
      <RPY_DYFLOW>
       <LINE>*</LINE>
      </RPY_DYFLOW>
      <RPY_DYFLOW>
       <LINE>PROCESS AFTER INPUT.</LINE>
      </RPY_DYFLOW>
      <RPY_DYFLOW>
       <LINE>MODULE USER_COMMAND_0100.</LINE>
      </RPY_DYFLOW>
     </FLOW_LOGIC>
     <SPACES>
      <item>0</item>
      <item>2</item>
      <item>0</item>
      <item>0</item>
      <item>2</item>
     </SPACES>
    </item>
   </DYNPROS>
   <CUA>
    <ADM>
     <ACTCODE/>
     <MENCODE/>
     <PFKCODE/>
     <DEFAULTACT/>
     <DEFAULTPFK/>
     <MOD_LANGU/>
    </ADM>
    <STA>
     <RSMPE_STAT>
      <CODE>ZGS_100</CODE>
      <MODAL>D</MODAL>
      <ACTCODE>000001</ACTCODE>
      <PFKCODE>000001</PFKCODE>
      <BUTCODE>0001</BUTCODE>
      <INT_NOTE>GUI 100</INT_NOTE>
      <CTXCODE/>
     </RSMPE_STAT>
    </STA>
    <FUN>
     <RSMPE_FUNT>
      <CODE>BACK</CODE>
      <TEXTNO>001</TEXTNO>
      <TYPE/>
      <MODIF/>
      <TEXT_TYPE>S</TEXT_TYPE>
      <TEXT_NAME/>
      <ICON_ID/>
      <FUN_TEXT>Back</FUN_TEXT>
      <ICON_TEXT/>
      <INFO_TEXT/>
      <PATH/>
      <SFW_SWITCHID/>
      <SFW_SHOWHIDE/>
     </RSMPE_FUNT>
     <RSMPE_FUNT>
      <CODE>EXIT</CODE>
      <TEXTNO>001</TEXTNO>
      <TYPE/>
      <MODIF/>
      <TEXT_TYPE>S</TEXT_TYPE>
      <TEXT_NAME/>
      <ICON_ID/>
      <FUN_TEXT>Exit</FUN_TEXT>
      <ICON_TEXT/>
      <INFO_TEXT/>
      <PATH/>
      <SFW_SWITCHID/>
      <SFW_SHOWHIDE/>
     </RSMPE_FUNT>
     <RSMPE_FUNT>
      <CODE>FC_IMPSTD</CODE>
      <TEXTNO>001</TEXTNO>
      <TYPE/>
      <MODIF/>
      <TEXT_TYPE>S</TEXT_TYPE>
      <TEXT_NAME>ICON_XLS</TEXT_NAME>
      <ICON_ID>@J2@</ICON_ID>
      <FUN_TEXT>Import file</FUN_TEXT>
      <ICON_TEXT>Import file</ICON_TEXT>
      <INFO_TEXT/>
      <PATH/>
      <SFW_SWITCHID/>
      <SFW_SHOWHIDE/>
     </RSMPE_FUNT>
     <RSMPE_FUNT>
      <CODE>SAVE</CODE>
      <TEXTNO>001</TEXTNO>
      <TYPE/>
      <MODIF/>
      <TEXT_TYPE>S</TEXT_TYPE>
      <TEXT_NAME>ICON_SYSTEM_SAVE</TEXT_NAME>
      <ICON_ID>@2L@</ICON_ID>
      <FUN_TEXT>Save</FUN_TEXT>
      <ICON_TEXT/>
      <INFO_TEXT/>
      <PATH/>
      <SFW_SWITCHID/>
      <SFW_SHOWHIDE/>
     </RSMPE_FUNT>
    </FUN>
    <MEN/>
    <MTX/>
    <ACT/>
    <BUT>
     <RSMPE_BUT>
      <PFK_CODE>000001</PFK_CODE>
      <CODE>0001</CODE>
      <NO>01</NO>
      <PFNO>05</PFNO>
     </RSMPE_BUT>
    </BUT>
    <PFK>
     <RSMPE_PFK>
      <CODE>000001</CODE>
      <PFNO>03</PFNO>
      <FUNCODE>BACK</FUNCODE>
      <FUNNO>001</FUNNO>
     </RSMPE_PFK>
     <RSMPE_PFK>
      <CODE>000001</CODE>
      <PFNO>05</PFNO>
      <FUNCODE>FC_IMPSTD</FUNCODE>
      <FUNNO>001</FUNNO>
     </RSMPE_PFK>
     <RSMPE_PFK>
      <CODE>000001</CODE>
      <PFNO>11</PFNO>
      <FUNCODE>SAVE</FUNCODE>
      <FUNNO>001</FUNNO>
     </RSMPE_PFK>
     <RSMPE_PFK>
      <CODE>000001</CODE>
      <PFNO>15</PFNO>
      <FUNCODE>EXIT</FUNCODE>
      <FUNNO>001</FUNNO>
     </RSMPE_PFK>
    </PFK>
    <SET>
     <RSMPE_STAF>
      <STATUS>ZGS_100</STATUS>
      <FUNCTION>BACK</FUNCTION>
     </RSMPE_STAF>
     <RSMPE_STAF>
      <STATUS>ZGS_100</STATUS>
      <FUNCTION>EXIT</FUNCTION>
     </RSMPE_STAF>
     <RSMPE_STAF>
      <STATUS>ZGS_100</STATUS>
      <FUNCTION>FC_IMPSTD</FUNCTION>
     </RSMPE_STAF>
     <RSMPE_STAF>
      <STATUS>ZGS_100</STATUS>
      <FUNCTION>SAVE</FUNCTION>
     </RSMPE_STAF>
    </SET>
    <DOC>
     <RSMPE_ATRT>
      <OBJ_TYPE>A</OBJ_TYPE>
      <OBJ_CODE>000001</OBJ_CODE>
      <SUB_CODE/>
      <MODAL>D</MODAL>
      <NORM/>
      <INT_NOTE>GUI 100</INT_NOTE>
     </RSMPE_ATRT>
     <RSMPE_ATRT>
      <OBJ_TYPE>P</OBJ_TYPE>
      <OBJ_CODE>000001</OBJ_CODE>
      <SUB_CODE/>
      <MODAL>D</MODAL>
      <NORM/>
      <INT_NOTE>GUI 100</INT_NOTE>
     </RSMPE_ATRT>
     <RSMPE_ATRT>
      <OBJ_TYPE>B</OBJ_TYPE>
      <OBJ_CODE>000001</OBJ_CODE>
      <SUB_CODE>0001</SUB_CODE>
      <MODAL>D</MODAL>
      <NORM/>
      <INT_NOTE>GUI 100</INT_NOTE>
     </RSMPE_ATRT>
    </DOC>
    <TIT/>
    <BIV/>
   </CUA>
  </asx:values>
 </asx:abap>
</abapGit>
