﻿<?xml version="1.0" encoding="utf-8"?>
<abapGit version="v1.0.0">
 <asx:abap xmlns:asx="http://www.sap.com/abapxml" version="1.0">
  <asx:values>
   <PROGDIR>
    <NAME>SAPLZFG_COMMON</NAME>
    <STATE>A</STATE>
    <SQLX/>
    <EDTX/>
    <VARCL>X</VARCL>
    <DBAPL>S</DBAPL>
    <DBNA>D$</DBNA>
    <CLAS/>
    <TYPE/>
    <OCCURS/>
    <SUBC>F</SUBC>
    <APPL>S</APPL>
    <SECU/>
    <CNAM/>
    <CDAT>0000-00-00</CDAT>
    <UNAM/>
    <UDAT>0000-00-00</UDAT>
    <VERN/>
    <LEVL/>
    <RSTAT/>
    <RMAND/>
    <RLOAD>E</RLOAD>
    <FIXPT>X</FIXPT>
    <SSET/>
    <SDATE>0000-00-00</SDATE>
    <STIME/>
    <IDATE>0000-00-00</IDATE>
    <ITIME/>
    <LDBNAME>D$S</LDBNAME>
    <UCCHECK>X</UCCHECK>
   </PROGDIR>
   <TPOOL>
    <item>
     <ID>I</ID>
     <KEY>001</KEY>
     <ENTRY>Tổng số bản ghi:</ENTRY>
     <LENGTH>16</LENGTH>
     <SPLIT/>
    </item>
    <item>
     <ID>I</ID>
     <KEY>002</KEY>
     <ENTRY>Số bản ghi đã chọn:</ENTRY>
     <LENGTH>19</LENGTH>
     <SPLIT/>
    </item>
    <item>
     <ID>I</ID>
     <KEY>003</KEY>
     <ENTRY>Info</ENTRY>
     <LENGTH>15</LENGTH>
     <SPLIT/>
    </item>
    <item>
     <ID>I</ID>
     <KEY>004</KEY>
     <ENTRY>Danh sách lỗi</ENTRY>
     <LENGTH>13</LENGTH>
     <SPLIT/>
    </item>
    <item>
     <ID>I</ID>
     <KEY>005</KEY>
     <ENTRY>Ẩn/Hiện dòng lỗi</ENTRY>
     <LENGTH>20</LENGTH>
     <SPLIT/>
    </item>
    <item>
     <ID>I</ID>
     <KEY>C01</KEY>
     <ENTRY>Huyện</ENTRY>
     <LENGTH>6</LENGTH>
     <SPLIT/>
    </item>
    <item>
     <ID>I</ID>
     <KEY>C02</KEY>
     <ENTRY>Quận</ENTRY>
     <LENGTH>5</LENGTH>
     <SPLIT/>
    </item>
    <item>
     <ID>I</ID>
     <KEY>C03</KEY>
     <ENTRY>Thị xã</ENTRY>
     <LENGTH>7</LENGTH>
     <SPLIT/>
    </item>
    <item>
     <ID>I</ID>
     <KEY>C04</KEY>
     <ENTRY>Thành phố</ENTRY>
     <LENGTH>10</LENGTH>
     <SPLIT/>
    </item>
    <item>
     <ID>I</ID>
     <KEY>CDE</KEY>
     <ENTRY>DS lỗi</ENTRY>
     <LENGTH>6</LENGTH>
     <SPLIT/>
    </item>
    <item>
     <ID>I</ID>
     <KEY>CR1</KEY>
     <ENTRY>H.</ENTRY>
     <LENGTH>2</LENGTH>
     <SPLIT/>
    </item>
    <item>
     <ID>I</ID>
     <KEY>CR2</KEY>
     <ENTRY>Q.</ENTRY>
     <LENGTH>2</LENGTH>
     <SPLIT/>
    </item>
    <item>
     <ID>I</ID>
     <KEY>CR3</KEY>
     <ENTRY>Tx.</ENTRY>
     <LENGTH>3</LENGTH>
     <SPLIT/>
    </item>
    <item>
     <ID>I</ID>
     <KEY>CR4</KEY>
     <ENTRY>TP.</ENTRY>
     <LENGTH>3</LENGTH>
     <SPLIT/>
    </item>
    <item>
     <ID>I</ID>
     <KEY>D01</KEY>
     <ENTRY>Phường</ENTRY>
     <LENGTH>6</LENGTH>
     <SPLIT/>
    </item>
    <item>
     <ID>I</ID>
     <KEY>D02</KEY>
     <ENTRY>Xã</ENTRY>
     <LENGTH>2</LENGTH>
     <SPLIT/>
    </item>
    <item>
     <ID>I</ID>
     <KEY>D03</KEY>
     <ENTRY>Thị trấn</ENTRY>
     <LENGTH>8</LENGTH>
     <SPLIT/>
    </item>
    <item>
     <ID>I</ID>
     <KEY>DR1</KEY>
     <ENTRY>Ph.</ENTRY>
     <LENGTH>3</LENGTH>
     <SPLIT/>
    </item>
    <item>
     <ID>I</ID>
     <KEY>DR2</KEY>
     <ENTRY>Xã</ENTRY>
     <LENGTH>2</LENGTH>
     <SPLIT/>
    </item>
    <item>
     <ID>I</ID>
     <KEY>DR3</KEY>
     <ENTRY>TT.</ENTRY>
     <LENGTH>3</LENGTH>
     <SPLIT/>
    </item>
    <item>
     <ID>I</ID>
     <KEY>R01</KEY>
     <ENTRY>Tỉnh</ENTRY>
     <LENGTH>4</LENGTH>
     <SPLIT/>
    </item>
    <item>
     <ID>I</ID>
     <KEY>R02</KEY>
     <ENTRY>Thành phố</ENTRY>
     <LENGTH>9</LENGTH>
     <SPLIT/>
    </item>
    <item>
     <ID>I</ID>
     <KEY>RR1</KEY>
     <ENTRY>Tỉnh</ENTRY>
     <LENGTH>4</LENGTH>
     <SPLIT/>
    </item>
    <item>
     <ID>I</ID>
     <KEY>RR2</KEY>
     <ENTRY>TP.</ENTRY>
     <LENGTH>3</LENGTH>
     <SPLIT/>
    </item>
    <item>
     <ID>I</ID>
     <KEY>T01</KEY>
     <ENTRY>@12@</ENTRY>
     <LENGTH>4</LENGTH>
     <SPLIT/>
    </item>
   </TPOOL>
  </asx:values>
 </asx:abap>
</abapGit>
