﻿<?xml version="1.0" encoding="utf-8"?>
<abapGit version="v1.0.0" serializer="LCL_OBJECT_FUGR" serializer_version="v1.0.0">
 <asx:abap xmlns:asx="http://www.sap.com/abapxml" version="1.0">
  <asx:values>
   <AREAT>DATA DICTIONARY</AREAT>
   <INCLUDES>
    <SOBJ_NAME>LZFG_COL_LIB01TOP</SOBJ_NAME>
    <SOBJ_NAME>SAPLZFG_COL_LIB01</SOBJ_NAME>
   </INCLUDES>
   <FUNCTIONS>
    <item>
     <FUNCNAME>ZFMCA_TRM_PERSLS_4_ABTYP</FUNCNAME>
     <INCLUDE>LZFG_COL_LIB01U01</INCLUDE>
     <GLOBAL_FLAG/>
     <REMOTE_CALL/>
     <UPDATE_TASK/>
     <SHORT_TEXT>Example for a search help exit</SHORT_TEXT>
     <REMOTE_BASXML/>
     <IMPORT/>
     <CHANGING>
      <RSCHA>
       <PARAMETER>SHLP</PARAMETER>
       <DBFIELD/>
       <DEFAULT/>
       <TYPES/>
       <OPTIONAL/>
       <REFERENCE/>
       <CHANGING/>
       <TYP>SHLP_DESCR</TYP>
       <CLASS/>
       <REF_CLASS/>
       <LINE_OF/>
       <TABLE_OF/>
      </RSCHA>
      <RSCHA>
       <PARAMETER>CALLCONTROL</PARAMETER>
       <DBFIELD>DDSHF4CTRL</DBFIELD>
       <DEFAULT/>
       <TYPES/>
       <OPTIONAL/>
       <REFERENCE/>
       <CHANGING/>
       <TYP/>
       <CLASS/>
       <REF_CLASS/>
       <LINE_OF/>
       <TABLE_OF/>
      </RSCHA>
     </CHANGING>
     <EXPORT/>
     <TABLES>
      <RSTBL>
       <PARAMETER>SHLP_TAB</PARAMETER>
       <DBSTRUCT/>
       <TYPES/>
       <OPTIONAL/>
       <TYP>SHLP_DESCT</TYP>
       <CLASS/>
       <REF_CLASS/>
       <LINE_OF/>
       <TABLE_OF/>
      </RSTBL>
      <RSTBL>
       <PARAMETER>RECORD_TAB</PARAMETER>
       <DBSTRUCT>SEAHLPRES</DBSTRUCT>
       <TYPES/>
       <OPTIONAL/>
       <TYP/>
       <CLASS/>
       <REF_CLASS/>
       <LINE_OF/>
       <TABLE_OF/>
      </RSTBL>
     </TABLES>
     <EXCEPTION/>
     <DOCUMENTATION>
      <RSFDO>
       <PARAMETER>SHLP_TAB</PARAMETER>
       <KIND>P</KIND>
       <STEXT>Table of Elementary Search Helps</STEXT>
       <INDEX> 001</INDEX>
      </RSFDO>
      <RSFDO>
       <PARAMETER>RECORD_TAB</PARAMETER>
       <KIND>P</KIND>
       <STEXT>Hit list</STEXT>
       <INDEX> 002</INDEX>
      </RSFDO>
      <RSFDO>
       <PARAMETER>SHLP</PARAMETER>
       <KIND>P</KIND>
       <STEXT>Single (current) search help</STEXT>
       <INDEX> 003</INDEX>
      </RSFDO>
      <RSFDO>
       <PARAMETER>CALLCONTROL</PARAMETER>
       <KIND>P</KIND>
       <STEXT>Control of the F4 Process</STEXT>
       <INDEX> 004</INDEX>
      </RSFDO>
     </DOCUMENTATION>
    </item>
   </FUNCTIONS>
   <DYNPROS/>
   <CUA>
    <ADM>
     <ACTCODE/>
     <MENCODE/>
     <PFKCODE/>
     <DEFAULTACT/>
     <DEFAULTPFK/>
     <MOD_LANGU/>
    </ADM>
    <STA/>
    <FUN/>
    <MEN/>
    <MTX/>
    <ACT/>
    <BUT/>
    <PFK/>
    <SET/>
    <DOC/>
    <TIT/>
    <BIV/>
   </CUA>
  </asx:values>
 </asx:abap>
</abapGit>
