﻿<?xml version="1.0" encoding="utf-8"?>
<abapGit version="v1.0.0" serializer="LCL_OBJECT_FUGR" serializer_version="v1.0.0">
 <asx:abap xmlns:asx="http://www.sap.com/abapxml" version="1.0">
  <asx:values>
   <AREAT>groupe de fonction JSON</AREAT>
   <INCLUDES>
    <SOBJ_NAME>LZJSONTOP</SOBJ_NAME>
    <SOBJ_NAME>SAPLZJSON</SOBJ_NAME>
   </INCLUDES>
   <FUNCTIONS>
    <item>
     <FUNCNAME>Z_JSON_COMPIL_JSONS</FUNCNAME>
     <INCLUDE>LZJSONU06</INCLUDE>
     <GLOBAL_FLAG/>
     <REMOTE_CALL/>
     <UPDATE_TASK/>
     <SHORT_TEXT>Compilation de plusieurs JSONs</SHORT_TEXT>
     <REMOTE_BASXML/>
     <IMPORT/>
     <CHANGING/>
     <EXPORT>
      <RSEXP>
       <PARAMETER>JSON</PARAMETER>
       <DBFIELD/>
       <TYPES/>
       <REFERENCE>X</REFERENCE>
       <TYP>STRING</TYP>
       <CLASS/>
       <REF_CLASS/>
       <LINE_OF/>
       <TABLE_OF/>
      </RSEXP>
     </EXPORT>
     <TABLES>
      <RSTBL>
       <PARAMETER>JSONS</PARAMETER>
       <DBSTRUCT/>
       <TYPES/>
       <OPTIONAL/>
       <TYP>ZGY_0004</TYP>
       <CLASS/>
       <REF_CLASS/>
       <LINE_OF/>
       <TABLE_OF/>
      </RSTBL>
     </TABLES>
     <EXCEPTION/>
     <DOCUMENTATION>
      <RSFDO>
       <PARAMETER>JSON</PARAMETER>
       <KIND>P</KIND>
       <STEXT/>
       <INDEX> 001</INDEX>
      </RSFDO>
      <RSFDO>
       <PARAMETER>JSONS</PARAMETER>
       <KIND>P</KIND>
       <STEXT>Table JSON OBJET</STEXT>
       <INDEX> 002</INDEX>
      </RSFDO>
     </DOCUMENTATION>
    </item>
    <item>
     <FUNCNAME>Z_JSON_DEFORMATER_VALUE</FUNCNAME>
     <INCLUDE>LZJSONU05</INCLUDE>
     <GLOBAL_FLAG/>
     <REMOTE_CALL/>
     <UPDATE_TASK/>
     <SHORT_TEXT>Déformater la valeur du champ</SHORT_TEXT>
     <REMOTE_BASXML/>
     <IMPORT/>
     <CHANGING>
      <RSCHA>
       <PARAMETER>STR</PARAMETER>
       <DBFIELD/>
       <DEFAULT/>
       <TYPES/>
       <OPTIONAL/>
       <REFERENCE>X</REFERENCE>
       <CHANGING/>
       <TYP/>
       <CLASS/>
       <REF_CLASS/>
       <LINE_OF/>
       <TABLE_OF/>
      </RSCHA>
     </CHANGING>
     <EXPORT/>
     <TABLES/>
     <EXCEPTION/>
     <DOCUMENTATION>
      <RSFDO>
       <PARAMETER>STR</PARAMETER>
       <KIND>P</KIND>
       <STEXT/>
       <INDEX> 001</INDEX>
      </RSFDO>
     </DOCUMENTATION>
    </item>
    <item>
     <FUNCNAME>Z_JSON_FORMATER_VALUE</FUNCNAME>
     <INCLUDE>LZJSONU04</INCLUDE>
     <GLOBAL_FLAG/>
     <REMOTE_CALL/>
     <UPDATE_TASK/>
     <SHORT_TEXT>Formater la valeur du champ</SHORT_TEXT>
     <REMOTE_BASXML/>
     <IMPORT/>
     <CHANGING>
      <RSCHA>
       <PARAMETER>STR</PARAMETER>
       <DBFIELD/>
       <DEFAULT/>
       <TYPES/>
       <OPTIONAL/>
       <REFERENCE>X</REFERENCE>
       <CHANGING/>
       <TYP>ANY</TYP>
       <CLASS/>
       <REF_CLASS/>
       <LINE_OF/>
       <TABLE_OF/>
      </RSCHA>
     </CHANGING>
     <EXPORT/>
     <TABLES/>
     <EXCEPTION/>
     <DOCUMENTATION>
      <RSFDO>
       <PARAMETER>STR</PARAMETER>
       <KIND>P</KIND>
       <STEXT/>
       <INDEX> 001</INDEX>
      </RSFDO>
     </DOCUMENTATION>
    </item>
    <item>
     <FUNCNAME>Z_JSON_IN</FUNCNAME>
     <INCLUDE>LZJSONU02</INCLUDE>
     <GLOBAL_FLAG/>
     <REMOTE_CALL/>
     <UPDATE_TASK/>
     <SHORT_TEXT>JSON to ABAP iTab</SHORT_TEXT>
     <REMOTE_BASXML/>
     <IMPORT>
      <RSIMP>
       <PARAMETER>JSON</PARAMETER>
       <DBFIELD/>
       <DEFAULT/>
       <TYPES/>
       <OPTIONAL/>
       <REFERENCE>X</REFERENCE>
       <CHANGING/>
       <TYP>STRING</TYP>
       <CLASS/>
       <REF_CLASS/>
       <LINE_OF/>
       <TABLE_OF/>
      </RSIMP>
     </IMPORT>
     <CHANGING/>
     <EXPORT>
      <RSEXP>
       <PARAMETER>STRUC</PARAMETER>
       <DBFIELD/>
       <TYPES/>
       <REFERENCE>X</REFERENCE>
       <TYP/>
       <CLASS/>
       <REF_CLASS/>
       <LINE_OF/>
       <TABLE_OF/>
      </RSEXP>
     </EXPORT>
     <TABLES>
      <RSTBL>
       <PARAMETER>ITAB</PARAMETER>
       <DBSTRUCT/>
       <TYPES/>
       <OPTIONAL>X</OPTIONAL>
       <TYP>STANDARD TABLE</TYP>
       <CLASS/>
       <REF_CLASS/>
       <LINE_OF/>
       <TABLE_OF/>
      </RSTBL>
     </TABLES>
     <EXCEPTION/>
     <DOCUMENTATION>
      <RSFDO>
       <PARAMETER>JSON</PARAMETER>
       <KIND>P</KIND>
       <STEXT/>
       <INDEX> 001</INDEX>
      </RSFDO>
      <RSFDO>
       <PARAMETER>STRUC</PARAMETER>
       <KIND>P</KIND>
       <STEXT/>
       <INDEX> 002</INDEX>
      </RSFDO>
      <RSFDO>
       <PARAMETER>ITAB</PARAMETER>
       <KIND>P</KIND>
       <STEXT/>
       <INDEX> 003</INDEX>
      </RSFDO>
     </DOCUMENTATION>
    </item>
    <item>
     <FUNCNAME>Z_JSON_OBJET</FUNCNAME>
     <INCLUDE>LZJSONU03</INCLUDE>
     <GLOBAL_FLAG/>
     <REMOTE_CALL/>
     <UPDATE_TASK/>
     <SHORT_TEXT>Créer objet json</SHORT_TEXT>
     <REMOTE_BASXML/>
     <IMPORT>
      <RSIMP>
       <PARAMETER>ENT</PARAMETER>
       <DBFIELD/>
       <DEFAULT/>
       <TYPES/>
       <OPTIONAL/>
       <REFERENCE>X</REFERENCE>
       <CHANGING/>
       <TYP>STRING</TYP>
       <CLASS/>
       <REF_CLASS/>
       <LINE_OF/>
       <TABLE_OF/>
      </RSIMP>
      <RSIMP>
       <PARAMETER>TBL</PARAMETER>
       <DBFIELD/>
       <DEFAULT/>
       <TYPES/>
       <OPTIONAL/>
       <REFERENCE>X</REFERENCE>
       <CHANGING/>
       <TYP>ZGY_0004</TYP>
       <CLASS/>
       <REF_CLASS/>
       <LINE_OF/>
       <TABLE_OF/>
      </RSIMP>
     </IMPORT>
     <CHANGING/>
     <EXPORT>
      <RSEXP>
       <PARAMETER>RET</PARAMETER>
       <DBFIELD/>
       <TYPES/>
       <REFERENCE>X</REFERENCE>
       <TYP>STRING</TYP>
       <CLASS/>
       <REF_CLASS/>
       <LINE_OF/>
       <TABLE_OF/>
      </RSEXP>
     </EXPORT>
     <TABLES/>
     <EXCEPTION/>
     <DOCUMENTATION>
      <RSFDO>
       <PARAMETER>ENT</PARAMETER>
       <KIND>P</KIND>
       <STEXT/>
       <INDEX> 001</INDEX>
      </RSFDO>
      <RSFDO>
       <PARAMETER>TBL</PARAMETER>
       <KIND>P</KIND>
       <STEXT>Table JSON OBJET</STEXT>
       <INDEX> 002</INDEX>
      </RSFDO>
      <RSFDO>
       <PARAMETER>RET</PARAMETER>
       <KIND>P</KIND>
       <STEXT/>
       <INDEX> 003</INDEX>
      </RSFDO>
     </DOCUMENTATION>
    </item>
    <item>
     <FUNCNAME>Z_JSON_OUT</FUNCNAME>
     <INCLUDE>LZJSONU01</INCLUDE>
     <GLOBAL_FLAG/>
     <REMOTE_CALL/>
     <UPDATE_TASK/>
     <SHORT_TEXT>ABAP to JSON</SHORT_TEXT>
     <REMOTE_BASXML/>
     <IMPORT>
      <RSIMP>
       <PARAMETER>TREE</PARAMETER>
       <DBFIELD/>
       <DEFAULT/>
       <TYPES/>
       <OPTIONAL>X</OPTIONAL>
       <REFERENCE>X</REFERENCE>
       <CHANGING/>
       <TYP>C</TYP>
       <CLASS/>
       <REF_CLASS/>
       <LINE_OF/>
       <TABLE_OF/>
      </RSIMP>
      <RSIMP>
       <PARAMETER>STRUC</PARAMETER>
       <DBFIELD/>
       <DEFAULT/>
       <TYPES/>
       <OPTIONAL>X</OPTIONAL>
       <REFERENCE>X</REFERENCE>
       <CHANGING/>
       <TYP/>
       <CLASS/>
       <REF_CLASS/>
       <LINE_OF/>
       <TABLE_OF/>
      </RSIMP>
     </IMPORT>
     <CHANGING/>
     <EXPORT>
      <RSEXP>
       <PARAMETER>JSON</PARAMETER>
       <DBFIELD/>
       <TYPES/>
       <REFERENCE/>
       <TYP>STRING</TYP>
       <CLASS/>
       <REF_CLASS/>
       <LINE_OF/>
       <TABLE_OF/>
      </RSEXP>
     </EXPORT>
     <TABLES>
      <RSTBL>
       <PARAMETER>ITAB</PARAMETER>
       <DBSTRUCT/>
       <TYPES/>
       <OPTIONAL>X</OPTIONAL>
       <TYP>STANDARD TABLE</TYP>
       <CLASS/>
       <REF_CLASS/>
       <LINE_OF/>
       <TABLE_OF/>
      </RSTBL>
      <RSTBL>
       <PARAMETER>ISTRUC</PARAMETER>
       <DBSTRUCT/>
       <TYPES/>
       <OPTIONAL>X</OPTIONAL>
       <TYP>ZGY_0004</TYP>
       <CLASS/>
       <REF_CLASS/>
       <LINE_OF/>
       <TABLE_OF/>
      </RSTBL>
     </TABLES>
     <EXCEPTION/>
     <DOCUMENTATION>
      <RSFDO>
       <PARAMETER>TREE</PARAMETER>
       <KIND>P</KIND>
       <STEXT/>
       <INDEX> 001</INDEX>
      </RSFDO>
      <RSFDO>
       <PARAMETER>STRUC</PARAMETER>
       <KIND>P</KIND>
       <STEXT/>
       <INDEX> 002</INDEX>
      </RSFDO>
      <RSFDO>
       <PARAMETER>JSON</PARAMETER>
       <KIND>P</KIND>
       <STEXT>JSON String</STEXT>
       <INDEX> 003</INDEX>
      </RSFDO>
      <RSFDO>
       <PARAMETER>ITAB</PARAMETER>
       <KIND>P</KIND>
       <STEXT/>
       <INDEX> 004</INDEX>
      </RSFDO>
      <RSFDO>
       <PARAMETER>ISTRUC</PARAMETER>
       <KIND>P</KIND>
       <STEXT>Table JSON OBJET</STEXT>
       <INDEX> 005</INDEX>
      </RSFDO>
     </DOCUMENTATION>
    </item>
   </FUNCTIONS>
   <DYNPROS/>
   <CUA>
    <ADM>
     <ACTCODE/>
     <MENCODE/>
     <PFKCODE/>
     <DEFAULTACT/>
     <DEFAULTPFK/>
     <MOD_LANGU/>
    </ADM>
    <STA/>
    <FUN/>
    <MEN/>
    <MTX/>
    <ACT/>
    <BUT/>
    <PFK/>
    <SET/>
    <DOC/>
    <TIT/>
    <BIV/>
   </CUA>
  </asx:values>
 </asx:abap>
</abapGit>
