﻿<?xml version="1.0" encoding="utf-8"?>
<abapGit version="v1.0.0" serializer="LCL_OBJECT_MSAG" serializer_version="v1.0.0">
 <asx:abap xmlns:asx="http://www.sap.com/abapxml" version="1.0">
  <asx:values>
   <T100A>
    <ARBGB>ZMS_COL_LIB</ARBGB>
    <MASTERLANG>E</MASTERLANG>
    <APPLCLASS/>
    <RESPUSER/>
    <LASTUSER/>
    <LDATE>0000-00-00</LDATE>
    <LTIME>00:00:00</LTIME>
    <STEXT>Message for lib of collection</STEXT>
   </T100A>
   <T100>
    <T100>
     <SPRSL>E</SPRSL>
     <ARBGB>ZMS_COL_LIB</ARBGB>
     <MSGNR>000</MSGNR>
     <TEXT>No data to output</TEXT>
    </T100>
    <T100>
     <SPRSL>E</SPRSL>
     <ARBGB>ZMS_COL_LIB</ARBGB>
     <MSGNR>001</MSGNR>
     <TEXT>Trường &quot;&amp;1&quot; bắt buộc nhập</TEXT>
    </T100>
    <T100>
     <SPRSL>E</SPRSL>
     <ARBGB>ZMS_COL_LIB</ARBGB>
     <MSGNR>002</MSGNR>
     <TEXT>Giá trị &apos;&amp;2&apos; của trường &apos;&amp;1&apos; không hợp lệ</TEXT>
    </T100>
    <T100>
     <SPRSL>E</SPRSL>
     <ARBGB>ZMS_COL_LIB</ARBGB>
     <MSGNR>003</MSGNR>
     <TEXT>&amp;1 phải &amp;2 ngày hiện tại</TEXT>
    </T100>
    <T100>
     <SPRSL>E</SPRSL>
     <ARBGB>ZMS_COL_LIB</ARBGB>
     <MSGNR>004</MSGNR>
     <TEXT>Tổng số bản ghi: &amp;1</TEXT>
    </T100>
    <T100>
     <SPRSL>E</SPRSL>
     <ARBGB>ZMS_COL_LIB</ARBGB>
     <MSGNR>005</MSGNR>
     <TEXT>Số bản ghi đã chọn/số lượng lọc/tổng số: &amp;1/&amp;2/&amp;3</TEXT>
    </T100>
    <T100>
     <SPRSL>E</SPRSL>
     <ARBGB>ZMS_COL_LIB</ARBGB>
     <MSGNR>006</MSGNR>
     <TEXT>Không tồn tại file &quot;&amp;1&quot;</TEXT>
    </T100>
    <T100>
     <SPRSL>E</SPRSL>
     <ARBGB>ZMS_COL_LIB</ARBGB>
     <MSGNR>007</MSGNR>
     <TEXT>Không tồn tại bảng &quot;&amp;1&quot;</TEXT>
    </T100>
    <T100>
     <SPRSL>E</SPRSL>
     <ARBGB>ZMS_COL_LIB</ARBGB>
     <MSGNR>008</MSGNR>
     <TEXT>Read original data error</TEXT>
    </T100>
    <T100>
     <SPRSL>E</SPRSL>
     <ARBGB>ZMS_COL_LIB</ARBGB>
     <MSGNR>009</MSGNR>
     <TEXT>Save successful</TEXT>
    </T100>
    <T100>
     <SPRSL>E</SPRSL>
     <ARBGB>ZMS_COL_LIB</ARBGB>
     <MSGNR>010</MSGNR>
     <TEXT>Tạm thời khóa RFC</TEXT>
    </T100>
   </T100>
  </asx:values>
 </asx:abap>
</abapGit>
