﻿<?xml version="1.0" encoding="utf-8"?>
<abapGit version="v1.0.0" serializer="LCL_OBJECT_PROG" serializer_version="v1.0.0">
 <asx:abap xmlns:asx="http://www.sap.com/abapxml" version="1.0">
  <asx:values>
   <PROGDIR>
    <NAME>ZPG_MNG_EXCEL_TEMPLATE</NAME>
    <STATE>A</STATE>
    <SQLX/>
    <EDTX/>
    <VARCL>X</VARCL>
    <DBAPL/>
    <DBNA/>
    <CLAS/>
    <TYPE/>
    <OCCURS/>
    <SUBC>1</SUBC>
    <APPL/>
    <SECU/>
    <CNAM/>
    <CDAT>0000-00-00</CDAT>
    <UNAM/>
    <UDAT>0000-00-00</UDAT>
    <VERN/>
    <LEVL/>
    <RSTAT/>
    <RMAND/>
    <RLOAD>E</RLOAD>
    <FIXPT>X</FIXPT>
    <SSET/>
    <SDATE>0000-00-00</SDATE>
    <STIME/>
    <IDATE>0000-00-00</IDATE>
    <ITIME/>
    <LDBNAME/>
    <UCCHECK>X</UCCHECK>
   </PROGDIR>
   <DYNPROS>
    <item>
     <HEADER>
      <PROGRAM>ZPG_MNG_EXCEL_TEMPLATE</PROGRAM>
      <SCREEN>0100</SCREEN>
      <LANGUAGE>E</LANGUAGE>
      <DESCRIPT>List of file</DESCRIPT>
      <TYPE>N</TYPE>
      <NEXTSCREEN>0100</NEXTSCREEN>
      <CURSOR_POS/>
      <SCREEN_GRP/>
      <LINES>026</LINES>
      <COLUMNS>163</COLUMNS>
      <HOLD_DATA/>
      <FIXED_FONT/>
      <NO_COMPR/>
      <NO_EXECUTE/>
      <KEEP_SCPOS/>
      <NO_TOOLBAR/>
      <CTX_MENON/>
     </HEADER>
     <CONTAINERS>
      <RPY_DYCATT>
       <TYPE>SCREEN</TYPE>
       <NAME>SCREEN</NAME>
       <ELEMENT_OF/>
       <LINE>000</LINE>
       <COLUMN>000</COLUMN>
       <LENGTH>000</LENGTH>
       <HEIGHT>000</HEIGHT>
       <LOOP_TYPE/>
       <LOOP_BLOCK>000</LOOP_BLOCK>
       <LOOP_DISP>000</LOOP_DISP>
       <C_RESIZE_V/>
       <C_RESIZE_H/>
       <C_LINE_MIN>000</C_LINE_MIN>
       <C_COLN_MIN>000</C_COLN_MIN>
       <C_SCROLL_V/>
       <C_SCROLL_H/>
       <TC_TABTYPE/>
       <TC_SEPAR_V/>
       <TC_SEPAR_H/>
       <TC_TITLE/>
       <TC_HEADER/>
       <TC_CONFIG/>
       <TC_SEL_LNS/>
       <TC_SEL_CLS/>
       <TC_LSEL_CL/>
       <TC_FIXCOL>000</TC_FIXCOL>
       <CU_CC_NAME/>
       <SFW_SWITCHID/>
       <SFW_SHOWHIDE/>
       <PROPERTIES/>
      </RPY_DYCATT>
      <RPY_DYCATT>
       <TYPE>CUST_CTRL</TYPE>
       <NAME>CUS_ALV_FILE</NAME>
       <ELEMENT_OF>SCREEN</ELEMENT_OF>
       <LINE>002</LINE>
       <COLUMN>001</COLUMN>
       <LENGTH>163</LENGTH>
       <HEIGHT>025</HEIGHT>
       <LOOP_TYPE/>
       <LOOP_BLOCK>000</LOOP_BLOCK>
       <LOOP_DISP>000</LOOP_DISP>
       <C_RESIZE_V>X</C_RESIZE_V>
       <C_RESIZE_H>X</C_RESIZE_H>
       <C_LINE_MIN>012</C_LINE_MIN>
       <C_COLN_MIN>081</C_COLN_MIN>
       <C_SCROLL_V/>
       <C_SCROLL_H/>
       <TC_TABTYPE/>
       <TC_SEPAR_V/>
       <TC_SEPAR_H/>
       <TC_TITLE/>
       <TC_HEADER/>
       <TC_CONFIG/>
       <TC_SEL_LNS/>
       <TC_SEL_CLS/>
       <TC_LSEL_CL/>
       <TC_FIXCOL>000</TC_FIXCOL>
       <CU_CC_NAME/>
       <SFW_SWITCHID/>
       <SFW_SHOWHIDE/>
       <PROPERTIES/>
      </RPY_DYCATT>
     </CONTAINERS>
     <FIELDS>
      <RPY_DYFATC>
       <CONT_TYPE>SCREEN</CONT_TYPE>
       <CONT_NAME>SCREEN</CONT_NAME>
       <TYPE>TEXT</TYPE>
       <NAME>RCGFILETR-FTFRONT</NAME>
       <TEXT>File_front_end_</TEXT>
       <DROPDOWN/>
       <ICON_NAME/>
       <ICON_QINFO/>
       <ICON_QSPEC/>
       <WITH_ICON/>
       <ROLLING/>
       <LINE>001</LINE>
       <COLUMN>001</COLUMN>
       <LENGTH>015</LENGTH>
       <VISLENGTH>015</VISLENGTH>
       <HEIGHT>001</HEIGHT>
       <GROUP1/>
       <GROUP2/>
       <GROUP3/>
       <GROUP4/>
       <PUSH_FCODE/>
       <PUSH_FTYPE/>
       <CXT_MENON/>
       <FORMAT>CHAR</FORMAT>
       <FROM_DICT>X</FROM_DICT>
       <MODIFIC>2</MODIFIC>
       <CONV_EXIT/>
       <PARAM_ID/>
       <SET_PARAM/>
       <GET_PARAM/>
       <UP_LOWER>X</UP_LOWER>
       <NO_TEMPL/>
       <FOREIGNKEY/>
       <INPUT_FLD/>
       <OUTPUT_FLD/>
       <OUTPUTONLY/>
       <REQU_ENTRY>N</REQU_ENTRY>
       <POSS_ENTRY/>
       <DROPFROM/>
       <RIGHT_JUST/>
       <LEAD_ZEROS/>
       <_--2A_ENTRY/>
       <NO_RESET/>
       <FIXED_FONT/>
       <BRIGHT/>
       <INVISIBLE/>
       <_--32_DIMENS/>
       <LABELLEFT>X</LABELLEFT>
       <LABELRIGHT/>
       <LTR/>
       <BIDICTRL/>
       <DBLCLICK/>
       <MATCHCODE/>
       <REF_FIELD/>
       <TC_TITLE/>
       <TC_HEADING/>
       <TC_SELCOL/>
       <BUTT_RIGHT/>
       <DICT_I_FKY/>
       <DICT_I_FKD/>
       <DICT_I_SGN/>
       <DICT_I_VAL/>
       <SFW_SWITCHID/>
       <SFW_SHOWHIDE/>
       <PROPERTIES/>
      </RPY_DYFATC>
      <RPY_DYFATC>
       <CONT_TYPE>SCREEN</CONT_TYPE>
       <CONT_NAME>SCREEN</CONT_NAME>
       <TYPE>TEMPLATE</TYPE>
       <NAME>RCGFILETR-FTFRONT</NAME>
       <TEXT>____________________________________________________________________________________________________________________________________</TEXT>
       <DROPDOWN/>
       <ICON_NAME/>
       <ICON_QINFO/>
       <ICON_QSPEC/>
       <WITH_ICON/>
       <ROLLING>X</ROLLING>
       <LINE>001</LINE>
       <COLUMN>017</COLUMN>
       <LENGTH>200</LENGTH>
       <VISLENGTH>100</VISLENGTH>
       <HEIGHT>001</HEIGHT>
       <GROUP1/>
       <GROUP2/>
       <GROUP3/>
       <GROUP4/>
       <PUSH_FCODE/>
       <PUSH_FTYPE/>
       <CXT_MENON/>
       <FORMAT>CHAR</FORMAT>
       <FROM_DICT>X</FROM_DICT>
       <MODIFIC>X</MODIFIC>
       <CONV_EXIT/>
       <PARAM_ID/>
       <SET_PARAM/>
       <GET_PARAM/>
       <UP_LOWER>X</UP_LOWER>
       <NO_TEMPL/>
       <FOREIGNKEY>X</FOREIGNKEY>
       <INPUT_FLD/>
       <OUTPUT_FLD>X</OUTPUT_FLD>
       <OUTPUTONLY/>
       <REQU_ENTRY>N</REQU_ENTRY>
       <POSS_ENTRY/>
       <DROPFROM/>
       <RIGHT_JUST/>
       <LEAD_ZEROS/>
       <_--2A_ENTRY/>
       <NO_RESET/>
       <FIXED_FONT/>
       <BRIGHT/>
       <INVISIBLE/>
       <_--32_DIMENS/>
       <LABELLEFT/>
       <LABELRIGHT/>
       <LTR/>
       <BIDICTRL/>
       <DBLCLICK/>
       <MATCHCODE/>
       <REF_FIELD/>
       <TC_TITLE/>
       <TC_HEADING/>
       <TC_SELCOL/>
       <BUTT_RIGHT/>
       <DICT_I_FKY/>
       <DICT_I_FKD/>
       <DICT_I_SGN/>
       <DICT_I_VAL/>
       <SFW_SWITCHID/>
       <SFW_SHOWHIDE/>
       <PROPERTIES/>
      </RPY_DYFATC>
      <RPY_DYFATC>
       <CONT_TYPE>SCREEN</CONT_TYPE>
       <CONT_NAME>SCREEN</CONT_NAME>
       <TYPE>OKCODE</TYPE>
       <NAME/>
       <TEXT>____________________</TEXT>
       <DROPDOWN/>
       <ICON_NAME/>
       <ICON_QINFO/>
       <ICON_QSPEC/>
       <WITH_ICON/>
       <ROLLING/>
       <LINE>000</LINE>
       <COLUMN>000</COLUMN>
       <LENGTH>020</LENGTH>
       <VISLENGTH>020</VISLENGTH>
       <HEIGHT>001</HEIGHT>
       <GROUP1/>
       <GROUP2/>
       <GROUP3/>
       <GROUP4/>
       <PUSH_FCODE/>
       <PUSH_FTYPE/>
       <CXT_MENON/>
       <FORMAT>CHAR</FORMAT>
       <FROM_DICT/>
       <MODIFIC/>
       <CONV_EXIT/>
       <PARAM_ID/>
       <SET_PARAM/>
       <GET_PARAM/>
       <UP_LOWER/>
       <NO_TEMPL/>
       <FOREIGNKEY/>
       <INPUT_FLD>X</INPUT_FLD>
       <OUTPUT_FLD/>
       <OUTPUTONLY/>
       <REQU_ENTRY/>
       <POSS_ENTRY/>
       <DROPFROM/>
       <RIGHT_JUST/>
       <LEAD_ZEROS/>
       <_--2A_ENTRY/>
       <NO_RESET/>
       <FIXED_FONT/>
       <BRIGHT/>
       <INVISIBLE/>
       <_--32_DIMENS/>
       <LABELLEFT/>
       <LABELRIGHT/>
       <LTR/>
       <BIDICTRL/>
       <DBLCLICK/>
       <MATCHCODE/>
       <REF_FIELD/>
       <TC_TITLE/>
       <TC_HEADING/>
       <TC_SELCOL/>
       <BUTT_RIGHT/>
       <DICT_I_FKY/>
       <DICT_I_FKD/>
       <DICT_I_SGN/>
       <DICT_I_VAL/>
       <SFW_SWITCHID/>
       <SFW_SHOWHIDE/>
       <PROPERTIES/>
      </RPY_DYFATC>
     </FIELDS>
     <FLOW_LOGIC>
      <RPY_DYFLOW>
       <LINE>PROCESS BEFORE OUTPUT.</LINE>
      </RPY_DYFLOW>
      <RPY_DYFLOW>
       <LINE>MODULE STATUS_0100.</LINE>
      </RPY_DYFLOW>
      <RPY_DYFLOW>
       <LINE>*</LINE>
      </RPY_DYFLOW>
      <RPY_DYFLOW>
       <LINE>PROCESS AFTER INPUT.</LINE>
      </RPY_DYFLOW>
      <RPY_DYFLOW>
       <LINE>MODULE 100_PAI.</LINE>
      </RPY_DYFLOW>
     </FLOW_LOGIC>
     <SPACES>
      <item>0</item>
      <item>2</item>
      <item>0</item>
      <item>0</item>
      <item>2</item>
     </SPACES>
    </item>
   </DYNPROS>
   <CUA>
    <ADM>
     <ACTCODE>X</ACTCODE>
     <MENCODE/>
     <PFKCODE/>
     <DEFAULTACT/>
     <DEFAULTPFK/>
     <MOD_LANGU/>
    </ADM>
    <STA>
     <RSMPE_STAT>
      <CODE>ZGS_100</CODE>
      <MODAL>D</MODAL>
      <ACTCODE>000001</ACTCODE>
      <PFKCODE>000001</PFKCODE>
      <BUTCODE>0001</BUTCODE>
      <INT_NOTE>GUI Status screen 100</INT_NOTE>
      <CTXCODE/>
     </RSMPE_STAT>
    </STA>
    <FUN>
     <RSMPE_FUNT>
      <CODE>BACK</CODE>
      <TEXTNO>001</TEXTNO>
      <TYPE/>
      <MODIF/>
      <TEXT_TYPE>S</TEXT_TYPE>
      <TEXT_NAME/>
      <ICON_ID/>
      <FUN_TEXT>Back</FUN_TEXT>
      <ICON_TEXT/>
      <INFO_TEXT/>
      <PATH/>
      <SFW_SWITCHID/>
      <SFW_SHOWHIDE/>
     </RSMPE_FUNT>
     <RSMPE_FUNT>
      <CODE>EXIT</CODE>
      <TEXTNO>001</TEXTNO>
      <TYPE/>
      <MODIF/>
      <TEXT_TYPE>S</TEXT_TYPE>
      <TEXT_NAME/>
      <ICON_ID/>
      <FUN_TEXT>Exit</FUN_TEXT>
      <ICON_TEXT/>
      <INFO_TEXT/>
      <PATH/>
      <SFW_SWITCHID/>
      <SFW_SHOWHIDE/>
     </RSMPE_FUNT>
     <RSMPE_FUNT>
      <CODE>FC_EXPORT</CODE>
      <TEXTNO>001</TEXTNO>
      <TYPE/>
      <MODIF/>
      <TEXT_TYPE>S</TEXT_TYPE>
      <TEXT_NAME>ICON_EXPORT</TEXT_NAME>
      <ICON_ID>@49@</ICON_ID>
      <FUN_TEXT>Export</FUN_TEXT>
      <ICON_TEXT>Export</ICON_TEXT>
      <INFO_TEXT/>
      <PATH/>
      <SFW_SWITCHID/>
      <SFW_SHOWHIDE/>
     </RSMPE_FUNT>
     <RSMPE_FUNT>
      <CODE>FC_IMPORT</CODE>
      <TEXTNO>001</TEXTNO>
      <TYPE/>
      <MODIF/>
      <TEXT_TYPE>S</TEXT_TYPE>
      <TEXT_NAME>ICON_IMPORT</TEXT_NAME>
      <ICON_ID>@48@</ICON_ID>
      <FUN_TEXT>Import</FUN_TEXT>
      <ICON_TEXT>Import</ICON_TEXT>
      <INFO_TEXT/>
      <PATH/>
      <SFW_SWITCHID/>
      <SFW_SHOWHIDE/>
     </RSMPE_FUNT>
     <RSMPE_FUNT>
      <CODE>FC_REBUILD</CODE>
      <TEXTNO>001</TEXTNO>
      <TYPE/>
      <MODIF/>
      <TEXT_TYPE>S</TEXT_TYPE>
      <TEXT_NAME> ICON_GENERATE</TEXT_NAME>
      <ICON_ID>@39@</ICON_ID>
      <FUN_TEXT>Rebuild list</FUN_TEXT>
      <ICON_TEXT/>
      <INFO_TEXT/>
      <PATH/>
      <SFW_SWITCHID/>
      <SFW_SHOWHIDE/>
     </RSMPE_FUNT>
     <RSMPE_FUNT>
      <CODE>FC_REMAP</CODE>
      <TEXTNO>001</TEXTNO>
      <TYPE/>
      <MODIF/>
      <TEXT_TYPE>S</TEXT_TYPE>
      <TEXT_NAME>ICON_MASS_CHANGE</TEXT_NAME>
      <ICON_ID>@HB@</ICON_ID>
      <FUN_TEXT>Auto map</FUN_TEXT>
      <ICON_TEXT>Auto map</ICON_TEXT>
      <INFO_TEXT/>
      <PATH/>
      <SFW_SWITCHID/>
      <SFW_SHOWHIDE/>
     </RSMPE_FUNT>
     <RSMPE_FUNT>
      <CODE>FC_SELALL</CODE>
      <TEXTNO>001</TEXTNO>
      <TYPE/>
      <MODIF/>
      <TEXT_TYPE>S</TEXT_TYPE>
      <TEXT_NAME>ICON_SELECT_ALL</TEXT_NAME>
      <ICON_ID>@4B@</ICON_ID>
      <FUN_TEXT>Select all</FUN_TEXT>
      <ICON_TEXT/>
      <INFO_TEXT/>
      <PATH/>
      <SFW_SWITCHID/>
      <SFW_SHOWHIDE/>
     </RSMPE_FUNT>
     <RSMPE_FUNT>
      <CODE>FC_SELNONE</CODE>
      <TEXTNO>001</TEXTNO>
      <TYPE/>
      <MODIF/>
      <TEXT_TYPE>S</TEXT_TYPE>
      <TEXT_NAME>ICON_DESELECT_ALL</TEXT_NAME>
      <ICON_ID>@4D@</ICON_ID>
      <FUN_TEXT>Deselect all</FUN_TEXT>
      <ICON_TEXT/>
      <INFO_TEXT/>
      <PATH/>
      <SFW_SWITCHID/>
      <SFW_SHOWHIDE/>
     </RSMPE_FUNT>
     <RSMPE_FUNT>
      <CODE>FC_SETFOLD</CODE>
      <TEXTNO>001</TEXTNO>
      <TYPE/>
      <MODIF/>
      <TEXT_TYPE>S</TEXT_TYPE>
      <TEXT_NAME>ICON_OPEN_FOLDER</TEXT_NAME>
      <ICON_ID>@FO@</ICON_ID>
      <FUN_TEXT>Set template folder</FUN_TEXT>
      <ICON_TEXT>Set template folder</ICON_TEXT>
      <INFO_TEXT/>
      <PATH/>
      <SFW_SWITCHID/>
      <SFW_SHOWHIDE/>
     </RSMPE_FUNT>
     <RSMPE_FUNT>
      <CODE>SAVE</CODE>
      <TEXTNO>001</TEXTNO>
      <TYPE/>
      <MODIF/>
      <TEXT_TYPE>S</TEXT_TYPE>
      <TEXT_NAME>ICON_SYSTEM_SAVE</TEXT_NAME>
      <ICON_ID>@2L@</ICON_ID>
      <FUN_TEXT>Save</FUN_TEXT>
      <ICON_TEXT/>
      <INFO_TEXT/>
      <PATH/>
      <SFW_SWITCHID/>
      <SFW_SHOWHIDE/>
     </RSMPE_FUNT>
    </FUN>
    <MEN/>
    <MTX/>
    <ACT/>
    <BUT>
     <RSMPE_BUT>
      <PFK_CODE>000001</PFK_CODE>
      <CODE>0001</CODE>
      <NO>01</NO>
      <PFNO>05</PFNO>
     </RSMPE_BUT>
     <RSMPE_BUT>
      <PFK_CODE>000001</PFK_CODE>
      <CODE>0001</CODE>
      <NO>02</NO>
      <PFNO>08</PFNO>
     </RSMPE_BUT>
     <RSMPE_BUT>
      <PFK_CODE>000001</PFK_CODE>
      <CODE>0001</CODE>
      <NO>03</NO>
      <PFNO>07</PFNO>
     </RSMPE_BUT>
     <RSMPE_BUT>
      <PFK_CODE>000001</PFK_CODE>
      <CODE>0001</CODE>
      <NO>04</NO>
      <PFNO>09</PFNO>
     </RSMPE_BUT>
     <RSMPE_BUT>
      <PFK_CODE>000001</PFK_CODE>
      <CODE>0001</CODE>
      <NO>05</NO>
      <PFNO>06</PFNO>
     </RSMPE_BUT>
     <RSMPE_BUT>
      <PFK_CODE>000001</PFK_CODE>
      <CODE>0001</CODE>
      <NO>06</NO>
      <PFNO>16</PFNO>
     </RSMPE_BUT>
     <RSMPE_BUT>
      <PFK_CODE>000001</PFK_CODE>
      <CODE>0001</CODE>
      <NO>07</NO>
      <PFNO>02</PFNO>
     </RSMPE_BUT>
    </BUT>
    <PFK>
     <RSMPE_PFK>
      <CODE>000001</CODE>
      <PFNO>02</PFNO>
      <FUNCODE>FC_REBUILD</FUNCODE>
      <FUNNO>001</FUNNO>
     </RSMPE_PFK>
     <RSMPE_PFK>
      <CODE>000001</CODE>
      <PFNO>03</PFNO>
      <FUNCODE>BACK</FUNCODE>
      <FUNNO>001</FUNNO>
     </RSMPE_PFK>
     <RSMPE_PFK>
      <CODE>000001</CODE>
      <PFNO>05</PFNO>
      <FUNCODE>FC_SETFOLD</FUNCODE>
      <FUNNO>001</FUNNO>
     </RSMPE_PFK>
     <RSMPE_PFK>
      <CODE>000001</CODE>
      <PFNO>06</PFNO>
      <FUNCODE>FC_SELALL</FUNCODE>
      <FUNNO>001</FUNNO>
     </RSMPE_PFK>
     <RSMPE_PFK>
      <CODE>000001</CODE>
      <PFNO>07</PFNO>
      <FUNCODE>FC_EXPORT</FUNCODE>
      <FUNNO>001</FUNNO>
     </RSMPE_PFK>
     <RSMPE_PFK>
      <CODE>000001</CODE>
      <PFNO>08</PFNO>
      <FUNCODE>FC_IMPORT</FUNCODE>
      <FUNNO>001</FUNNO>
     </RSMPE_PFK>
     <RSMPE_PFK>
      <CODE>000001</CODE>
      <PFNO>09</PFNO>
      <FUNCODE>FC_REMAP</FUNCODE>
      <FUNNO>001</FUNNO>
     </RSMPE_PFK>
     <RSMPE_PFK>
      <CODE>000001</CODE>
      <PFNO>11</PFNO>
      <FUNCODE>SAVE</FUNCODE>
      <FUNNO>001</FUNNO>
     </RSMPE_PFK>
     <RSMPE_PFK>
      <CODE>000001</CODE>
      <PFNO>15</PFNO>
      <FUNCODE>EXIT</FUNCODE>
      <FUNNO>001</FUNNO>
     </RSMPE_PFK>
     <RSMPE_PFK>
      <CODE>000001</CODE>
      <PFNO>16</PFNO>
      <FUNCODE>FC_SELNONE</FUNCODE>
      <FUNNO>001</FUNNO>
     </RSMPE_PFK>
    </PFK>
    <SET>
     <RSMPE_STAF>
      <STATUS>ZGS_100</STATUS>
      <FUNCTION>BACK</FUNCTION>
     </RSMPE_STAF>
     <RSMPE_STAF>
      <STATUS>ZGS_100</STATUS>
      <FUNCTION>EXIT</FUNCTION>
     </RSMPE_STAF>
     <RSMPE_STAF>
      <STATUS>ZGS_100</STATUS>
      <FUNCTION>FC_EXPORT</FUNCTION>
     </RSMPE_STAF>
     <RSMPE_STAF>
      <STATUS>ZGS_100</STATUS>
      <FUNCTION>FC_IMPORT</FUNCTION>
     </RSMPE_STAF>
     <RSMPE_STAF>
      <STATUS>ZGS_100</STATUS>
      <FUNCTION>FC_REBUILD</FUNCTION>
     </RSMPE_STAF>
     <RSMPE_STAF>
      <STATUS>ZGS_100</STATUS>
      <FUNCTION>FC_REMAP</FUNCTION>
     </RSMPE_STAF>
     <RSMPE_STAF>
      <STATUS>ZGS_100</STATUS>
      <FUNCTION>FC_SELALL</FUNCTION>
     </RSMPE_STAF>
     <RSMPE_STAF>
      <STATUS>ZGS_100</STATUS>
      <FUNCTION>FC_SELNONE</FUNCTION>
     </RSMPE_STAF>
     <RSMPE_STAF>
      <STATUS>ZGS_100</STATUS>
      <FUNCTION>FC_SETFOLD</FUNCTION>
     </RSMPE_STAF>
     <RSMPE_STAF>
      <STATUS>ZGS_100</STATUS>
      <FUNCTION>SAVE</FUNCTION>
     </RSMPE_STAF>
    </SET>
    <DOC>
     <RSMPE_ATRT>
      <OBJ_TYPE>A</OBJ_TYPE>
      <OBJ_CODE>000001</OBJ_CODE>
      <SUB_CODE/>
      <MODAL>D</MODAL>
      <NORM/>
      <INT_NOTE>GUI Status screen 100</INT_NOTE>
     </RSMPE_ATRT>
     <RSMPE_ATRT>
      <OBJ_TYPE>P</OBJ_TYPE>
      <OBJ_CODE>000001</OBJ_CODE>
      <SUB_CODE/>
      <MODAL>D</MODAL>
      <NORM/>
      <INT_NOTE>GUI Status screen 100</INT_NOTE>
     </RSMPE_ATRT>
     <RSMPE_ATRT>
      <OBJ_TYPE>B</OBJ_TYPE>
      <OBJ_CODE>000001</OBJ_CODE>
      <SUB_CODE>0001</SUB_CODE>
      <MODAL>D</MODAL>
      <NORM/>
      <INT_NOTE>GUI Status screen 100</INT_NOTE>
     </RSMPE_ATRT>
    </DOC>
    <TIT>
     <RSMPE_TITT>
      <CODE>ZGT_100</CODE>
      <TEXT>Excel template</TEXT>
     </RSMPE_TITT>
    </TIT>
    <BIV/>
   </CUA>
   <TPOOL>
    <item>
     <ID>I</ID>
     <KEY>001</KEY>
     <ENTRY>Select folder to import template files</ENTRY>
     <LENGTH>100</LENGTH>
     <SPLIT/>
    </item>
    <item>
     <ID>I</ID>
     <KEY>002</KEY>
     <ENTRY>Select folder to export template files</ENTRY>
     <LENGTH>100</LENGTH>
     <SPLIT/>
    </item>
    <item>
     <ID>R</ID>
     <KEY/>
     <ENTRY>Management Excel template</ENTRY>
     <LENGTH>25</LENGTH>
     <SPLIT/>
    </item>
   </TPOOL>
  </asx:values>
 </asx:abap>
</abapGit>
