﻿<?xml version="1.0" encoding="utf-8"?>
<abapGit version="v1.0.0" serializer="LCL_OBJECT_PROG" serializer_version="v1.0.0">
 <asx:abap xmlns:asx="http://www.sap.com/abapxml" version="1.0">
  <asx:values>
   <PROGDIR>
    <NAME>ZPG_MASSCHANGE_TABLE</NAME>
    <STATE>A</STATE>
    <SQLX/>
    <EDTX/>
    <VARCL>X</VARCL>
    <DBAPL/>
    <DBNA/>
    <CLAS/>
    <TYPE/>
    <OCCURS/>
    <SUBC>1</SUBC>
    <APPL/>
    <SECU/>
    <CNAM/>
    <CDAT>0000-00-00</CDAT>
    <UNAM/>
    <UDAT>0000-00-00</UDAT>
    <VERN/>
    <LEVL/>
    <RSTAT/>
    <RMAND/>
    <RLOAD>E</RLOAD>
    <FIXPT>X</FIXPT>
    <SSET/>
    <SDATE>0000-00-00</SDATE>
    <STIME/>
    <IDATE>0000-00-00</IDATE>
    <ITIME/>
    <LDBNAME/>
    <UCCHECK>X</UCCHECK>
   </PROGDIR>
   <DYNPROS/>
   <TPOOL>
    <item>
     <ID>I</ID>
     <KEY>001</KEY>
     <ENTRY>Mass change type</ENTRY>
     <LENGTH>20</LENGTH>
     <SPLIT/>
    </item>
    <item>
     <ID>I</ID>
     <KEY>002</KEY>
     <ENTRY>Tham số</ENTRY>
     <LENGTH>7</LENGTH>
     <SPLIT/>
    </item>
    <item>
     <ID>I</ID>
     <KEY>003</KEY>
     <ENTRY>Perfomance</ENTRY>
     <LENGTH>10</LENGTH>
     <SPLIT/>
    </item>
    <item>
     <ID>R</ID>
     <KEY/>
     <ENTRY>Mass change table</ENTRY>
     <LENGTH>17</LENGTH>
     <SPLIT/>
    </item>
    <item>
     <ID>S</ID>
     <KEY>P_CNALL</KEY>
     <ENTRY>Count all</ENTRY>
     <LENGTH>17</LENGTH>
     <SPLIT/>
    </item>
    <item>
     <ID>S</ID>
     <KEY>P_FMNAME</KEY>
     <ENTRY>.</ENTRY>
     <LENGTH>9</LENGTH>
     <SPLIT>D</SPLIT>
    </item>
    <item>
     <ID>S</ID>
     <KEY>P_MCTYBU</KEY>
     <ENTRY>Back up</ENTRY>
     <LENGTH>15</LENGTH>
     <SPLIT/>
    </item>
    <item>
     <ID>S</ID>
     <KEY>P_MCTYFM</KEY>
     <ENTRY>Process using FM</ENTRY>
     <LENGTH>24</LENGTH>
     <SPLIT/>
    </item>
    <item>
     <ID>S</ID>
     <KEY>P_MCTYUP</KEY>
     <ENTRY>Update</ENTRY>
     <LENGTH>14</LENGTH>
     <SPLIT/>
    </item>
    <item>
     <ID>S</ID>
     <KEY>P_PSIZE</KEY>
     <ENTRY>Package size</ENTRY>
     <LENGTH>20</LENGTH>
     <SPLIT/>
    </item>
    <item>
     <ID>S</ID>
     <KEY>P_TABBU</KEY>
     <ENTRY>Backup table</ENTRY>
     <LENGTH>20</LENGTH>
     <SPLIT/>
    </item>
    <item>
     <ID>S</ID>
     <KEY>P_TABMID</KEY>
     <ENTRY>.</ENTRY>
     <LENGTH>22</LENGTH>
     <SPLIT>D</SPLIT>
    </item>
    <item>
     <ID>S</ID>
     <KEY>P_TABNM</KEY>
     <ENTRY>.</ENTRY>
     <LENGTH>18</LENGTH>
     <SPLIT>D</SPLIT>
    </item>
   </TPOOL>
  </asx:values>
 </asx:abap>
</abapGit>
