﻿<?xml version="1.0" encoding="utf-8"?>
<abapGit version="v1.0.0" serializer="LCL_OBJECT_PROG" serializer_version="v1.0.0">
 <asx:abap xmlns:asx="http://www.sap.com/abapxml" version="1.0">
  <asx:values>
   <PROGDIR>
    <NAME>ZPG_UPDATE_DB</NAME>
    <STATE>A</STATE>
    <SQLX/>
    <EDTX/>
    <VARCL>X</VARCL>
    <DBAPL/>
    <DBNA/>
    <CLAS/>
    <TYPE/>
    <OCCURS/>
    <SUBC>1</SUBC>
    <APPL/>
    <SECU/>
    <CNAM/>
    <CDAT>0000-00-00</CDAT>
    <UNAM/>
    <UDAT>0000-00-00</UDAT>
    <VERN/>
    <LEVL/>
    <RSTAT/>
    <RMAND/>
    <RLOAD>E</RLOAD>
    <FIXPT>X</FIXPT>
    <SSET/>
    <SDATE>0000-00-00</SDATE>
    <STIME/>
    <IDATE>0000-00-00</IDATE>
    <ITIME/>
    <LDBNAME/>
    <UCCHECK>X</UCCHECK>
   </PROGDIR>
   <DYNPROS>
    <item>
     <HEADER>
      <PROGRAM>ZPG_UPDATE_DB</PROGRAM>
      <SCREEN>0100</SCREEN>
      <LANGUAGE>E</LANGUAGE>
      <DESCRIPT>Main screen</DESCRIPT>
      <TYPE>N</TYPE>
      <NEXTSCREEN>0100</NEXTSCREEN>
      <CURSOR_POS/>
      <SCREEN_GRP/>
      <LINES>027</LINES>
      <COLUMNS>170</COLUMNS>
      <HOLD_DATA/>
      <FIXED_FONT/>
      <NO_COMPR/>
      <NO_EXECUTE/>
      <KEEP_SCPOS/>
      <NO_TOOLBAR/>
      <CTX_MENON/>
     </HEADER>
     <CONTAINERS>
      <RPY_DYCATT>
       <TYPE>SCREEN</TYPE>
       <NAME>SCREEN</NAME>
       <ELEMENT_OF/>
       <LINE>000</LINE>
       <COLUMN>000</COLUMN>
       <LENGTH>000</LENGTH>
       <HEIGHT>000</HEIGHT>
       <LOOP_TYPE/>
       <LOOP_BLOCK>000</LOOP_BLOCK>
       <LOOP_DISP>000</LOOP_DISP>
       <C_RESIZE_V/>
       <C_RESIZE_H/>
       <C_LINE_MIN>000</C_LINE_MIN>
       <C_COLN_MIN>000</C_COLN_MIN>
       <C_SCROLL_V/>
       <C_SCROLL_H/>
       <TC_TABTYPE/>
       <TC_SEPAR_V/>
       <TC_SEPAR_H/>
       <TC_TITLE/>
       <TC_HEADER/>
       <TC_CONFIG/>
       <TC_SEL_LNS/>
       <TC_SEL_CLS/>
       <TC_LSEL_CL/>
       <TC_FIXCOL>000</TC_FIXCOL>
       <CU_CC_NAME/>
       <SFW_SWITCHID/>
       <SFW_SHOWHIDE/>
       <PROPERTIES/>
      </RPY_DYCATT>
      <RPY_DYCATT>
       <TYPE>CUST_CTRL</TYPE>
       <NAME>ZCTR_ALV_CONTAINER</NAME>
       <ELEMENT_OF>SCREEN</ELEMENT_OF>
       <LINE>001</LINE>
       <COLUMN>001</COLUMN>
       <LENGTH>168</LENGTH>
       <HEIGHT>027</HEIGHT>
       <LOOP_TYPE/>
       <LOOP_BLOCK>000</LOOP_BLOCK>
       <LOOP_DISP>000</LOOP_DISP>
       <C_RESIZE_V>X</C_RESIZE_V>
       <C_RESIZE_H>X</C_RESIZE_H>
       <C_LINE_MIN>013</C_LINE_MIN>
       <C_COLN_MIN>084</C_COLN_MIN>
       <C_SCROLL_V/>
       <C_SCROLL_H/>
       <TC_TABTYPE/>
       <TC_SEPAR_V/>
       <TC_SEPAR_H/>
       <TC_TITLE/>
       <TC_HEADER/>
       <TC_CONFIG/>
       <TC_SEL_LNS/>
       <TC_SEL_CLS/>
       <TC_LSEL_CL/>
       <TC_FIXCOL>000</TC_FIXCOL>
       <CU_CC_NAME/>
       <SFW_SWITCHID/>
       <SFW_SHOWHIDE/>
       <PROPERTIES/>
      </RPY_DYCATT>
     </CONTAINERS>
     <FIELDS>
      <RPY_DYFATC>
       <CONT_TYPE>SCREEN</CONT_TYPE>
       <CONT_NAME>SCREEN</CONT_NAME>
       <TYPE>OKCODE</TYPE>
       <NAME>OK_CODE</NAME>
       <TEXT>____________________</TEXT>
       <DROPDOWN/>
       <ICON_NAME/>
       <ICON_QINFO/>
       <ICON_QSPEC/>
       <WITH_ICON/>
       <ROLLING/>
       <LINE>000</LINE>
       <COLUMN>000</COLUMN>
       <LENGTH>020</LENGTH>
       <VISLENGTH>020</VISLENGTH>
       <HEIGHT>001</HEIGHT>
       <GROUP1/>
       <GROUP2/>
       <GROUP3/>
       <GROUP4/>
       <PUSH_FCODE/>
       <PUSH_FTYPE/>
       <CXT_MENON/>
       <FORMAT>CHAR</FORMAT>
       <FROM_DICT/>
       <MODIFIC/>
       <CONV_EXIT/>
       <PARAM_ID/>
       <SET_PARAM/>
       <GET_PARAM/>
       <UP_LOWER/>
       <NO_TEMPL/>
       <FOREIGNKEY/>
       <INPUT_FLD>X</INPUT_FLD>
       <OUTPUT_FLD/>
       <OUTPUTONLY/>
       <REQU_ENTRY/>
       <POSS_ENTRY/>
       <DROPFROM/>
       <RIGHT_JUST/>
       <LEAD_ZEROS/>
       <_--2A_ENTRY/>
       <NO_RESET/>
       <FIXED_FONT/>
       <BRIGHT/>
       <INVISIBLE/>
       <_--32_DIMENS/>
       <LABELLEFT/>
       <LABELRIGHT/>
       <LTR/>
       <BIDICTRL/>
       <DBLCLICK/>
       <MATCHCODE/>
       <REF_FIELD/>
       <TC_TITLE/>
       <TC_HEADING/>
       <TC_SELCOL/>
       <BUTT_RIGHT/>
       <DICT_I_FKY/>
       <DICT_I_FKD/>
       <DICT_I_SGN/>
       <DICT_I_VAL/>
       <SFW_SWITCHID/>
       <SFW_SHOWHIDE/>
       <PROPERTIES/>
      </RPY_DYFATC>
     </FIELDS>
     <FLOW_LOGIC>
      <RPY_DYFLOW>
       <LINE>PROCESS BEFORE OUTPUT.</LINE>
      </RPY_DYFLOW>
      <RPY_DYFLOW>
       <LINE>MODULE STATUS_0100.</LINE>
      </RPY_DYFLOW>
      <RPY_DYFLOW>
       <LINE>MODULE DISPLAY_DATA_100.</LINE>
      </RPY_DYFLOW>
      <RPY_DYFLOW>
       <LINE/>
      </RPY_DYFLOW>
      <RPY_DYFLOW>
       <LINE>PROCESS AFTER INPUT.</LINE>
      </RPY_DYFLOW>
      <RPY_DYFLOW>
       <LINE>MODULE USER_COMMAND_0100.</LINE>
      </RPY_DYFLOW>
     </FLOW_LOGIC>
     <SPACES>
      <item>0</item>
      <item>2</item>
      <item>2</item>
      <item>0</item>
      <item>0</item>
      <item>1</item>
     </SPACES>
    </item>
   </DYNPROS>
   <CUA>
    <ADM>
     <ACTCODE>X</ACTCODE>
     <MENCODE/>
     <PFKCODE/>
     <DEFAULTACT/>
     <DEFAULTPFK/>
     <MOD_LANGU/>
    </ADM>
    <STA>
     <RSMPE_STAT>
      <CODE>ZGS_100</CODE>
      <MODAL>D</MODAL>
      <ACTCODE>000001</ACTCODE>
      <PFKCODE>000001</PFKCODE>
      <BUTCODE>0001</BUTCODE>
      <INT_NOTE>GUI 100</INT_NOTE>
      <CTXCODE/>
     </RSMPE_STAT>
    </STA>
    <FUN>
     <RSMPE_FUNT>
      <CODE>BACK</CODE>
      <TEXTNO>001</TEXTNO>
      <TYPE/>
      <MODIF/>
      <TEXT_TYPE>S</TEXT_TYPE>
      <TEXT_NAME/>
      <ICON_ID/>
      <FUN_TEXT>Back</FUN_TEXT>
      <ICON_TEXT/>
      <INFO_TEXT/>
      <PATH/>
      <SFW_SWITCHID/>
      <SFW_SHOWHIDE/>
     </RSMPE_FUNT>
     <RSMPE_FUNT>
      <CODE>CANCEL</CODE>
      <TEXTNO>001</TEXTNO>
      <TYPE/>
      <MODIF/>
      <TEXT_TYPE>S</TEXT_TYPE>
      <TEXT_NAME>ICON_CANCEL</TEXT_NAME>
      <ICON_ID>@0W@</ICON_ID>
      <FUN_TEXT>Cancel</FUN_TEXT>
      <ICON_TEXT/>
      <INFO_TEXT/>
      <PATH/>
      <SFW_SWITCHID/>
      <SFW_SHOWHIDE/>
     </RSMPE_FUNT>
     <RSMPE_FUNT>
      <CODE>DEL_ALL</CODE>
      <TEXTNO>001</TEXTNO>
      <TYPE/>
      <MODIF/>
      <TEXT_TYPE>S</TEXT_TYPE>
      <TEXT_NAME>ICON_DELETE</TEXT_NAME>
      <ICON_ID>@11@</ICON_ID>
      <FUN_TEXT>Delete all</FUN_TEXT>
      <ICON_TEXT>Delete all</ICON_TEXT>
      <INFO_TEXT/>
      <PATH/>
      <SFW_SWITCHID/>
      <SFW_SHOWHIDE/>
     </RSMPE_FUNT>
     <RSMPE_FUNT>
      <CODE>EXIT</CODE>
      <TEXTNO>001</TEXTNO>
      <TYPE/>
      <MODIF/>
      <TEXT_TYPE>S</TEXT_TYPE>
      <TEXT_NAME/>
      <ICON_ID/>
      <FUN_TEXT>Exit</FUN_TEXT>
      <ICON_TEXT/>
      <INFO_TEXT/>
      <PATH/>
      <SFW_SWITCHID/>
      <SFW_SHOWHIDE/>
     </RSMPE_FUNT>
     <RSMPE_FUNT>
      <CODE>SAVE</CODE>
      <TEXTNO>001</TEXTNO>
      <TYPE/>
      <MODIF/>
      <TEXT_TYPE>S</TEXT_TYPE>
      <TEXT_NAME>ICON_SYSTEM_SAVE</TEXT_NAME>
      <ICON_ID>@2L@</ICON_ID>
      <FUN_TEXT>Save</FUN_TEXT>
      <ICON_TEXT/>
      <INFO_TEXT/>
      <PATH/>
      <SFW_SWITCHID/>
      <SFW_SHOWHIDE/>
     </RSMPE_FUNT>
    </FUN>
    <MEN/>
    <MTX/>
    <ACT/>
    <BUT>
     <RSMPE_BUT>
      <PFK_CODE>000001</PFK_CODE>
      <CODE>0001</CODE>
      <NO>01</NO>
      <PFNO>06</PFNO>
     </RSMPE_BUT>
    </BUT>
    <PFK>
     <RSMPE_PFK>
      <CODE>000001</CODE>
      <PFNO>03</PFNO>
      <FUNCODE>BACK</FUNCODE>
      <FUNNO>001</FUNNO>
     </RSMPE_PFK>
     <RSMPE_PFK>
      <CODE>000001</CODE>
      <PFNO>06</PFNO>
      <FUNCODE>DEL_ALL</FUNCODE>
      <FUNNO>001</FUNNO>
     </RSMPE_PFK>
     <RSMPE_PFK>
      <CODE>000001</CODE>
      <PFNO>11</PFNO>
      <FUNCODE>SAVE</FUNCODE>
      <FUNNO>001</FUNNO>
     </RSMPE_PFK>
     <RSMPE_PFK>
      <CODE>000001</CODE>
      <PFNO>12</PFNO>
      <FUNCODE>CANCEL</FUNCODE>
      <FUNNO>001</FUNNO>
     </RSMPE_PFK>
     <RSMPE_PFK>
      <CODE>000001</CODE>
      <PFNO>15</PFNO>
      <FUNCODE>EXIT</FUNCODE>
      <FUNNO>001</FUNNO>
     </RSMPE_PFK>
    </PFK>
    <SET>
     <RSMPE_STAF>
      <STATUS>ZGS_100</STATUS>
      <FUNCTION>BACK</FUNCTION>
     </RSMPE_STAF>
     <RSMPE_STAF>
      <STATUS>ZGS_100</STATUS>
      <FUNCTION>CANCEL</FUNCTION>
     </RSMPE_STAF>
     <RSMPE_STAF>
      <STATUS>ZGS_100</STATUS>
      <FUNCTION>DEL_ALL</FUNCTION>
     </RSMPE_STAF>
     <RSMPE_STAF>
      <STATUS>ZGS_100</STATUS>
      <FUNCTION>EXIT</FUNCTION>
     </RSMPE_STAF>
     <RSMPE_STAF>
      <STATUS>ZGS_100</STATUS>
      <FUNCTION>SAVE</FUNCTION>
     </RSMPE_STAF>
    </SET>
    <DOC>
     <RSMPE_ATRT>
      <OBJ_TYPE>A</OBJ_TYPE>
      <OBJ_CODE>000001</OBJ_CODE>
      <SUB_CODE/>
      <MODAL>D</MODAL>
      <NORM/>
      <INT_NOTE>GUI 100</INT_NOTE>
     </RSMPE_ATRT>
     <RSMPE_ATRT>
      <OBJ_TYPE>P</OBJ_TYPE>
      <OBJ_CODE>000001</OBJ_CODE>
      <SUB_CODE/>
      <MODAL>D</MODAL>
      <NORM/>
      <INT_NOTE>GUI 100</INT_NOTE>
     </RSMPE_ATRT>
     <RSMPE_ATRT>
      <OBJ_TYPE>B</OBJ_TYPE>
      <OBJ_CODE>000001</OBJ_CODE>
      <SUB_CODE>0001</SUB_CODE>
      <MODAL>D</MODAL>
      <NORM/>
      <INT_NOTE>GUI 100</INT_NOTE>
     </RSMPE_ATRT>
    </DOC>
    <TIT>
     <RSMPE_TITT>
      <CODE>ZGT_100</CODE>
      <TEXT>Update database</TEXT>
     </RSMPE_TITT>
    </TIT>
    <BIV/>
   </CUA>
   <TPOOL>
    <item>
     <ID>I</ID>
     <KEY>001</KEY>
     <ENTRY>Confirmation</ENTRY>
     <LENGTH>12</LENGTH>
     <SPLIT/>
    </item>
    <item>
     <ID>I</ID>
     <KEY>002</KEY>
     <ENTRY>Do you sure to delete all data on screen?</ENTRY>
     <LENGTH>41</LENGTH>
     <SPLIT/>
    </item>
    <item>
     <ID>R</ID>
     <KEY/>
     <ENTRY>Update data of table in database</ENTRY>
     <LENGTH>32</LENGTH>
     <SPLIT/>
    </item>
    <item>
     <ID>S</ID>
     <KEY>P_DELDAT</KEY>
     <ENTRY>Delete data</ENTRY>
     <LENGTH>19</LENGTH>
     <SPLIT/>
    </item>
    <item>
     <ID>S</ID>
     <KEY>P_TABLE</KEY>
     <ENTRY>.</ENTRY>
     <LENGTH>18</LENGTH>
     <SPLIT>D</SPLIT>
    </item>
   </TPOOL>
  </asx:values>
 </asx:abap>
</abapGit>
