﻿<?xml version="1.0" encoding="utf-8"?>
<abapGit version="v1.0.0" serializer="LCL_OBJECT_PROG" serializer_version="v1.0.0">
 <asx:abap xmlns:asx="http://www.sap.com/abapxml" version="1.0">
  <asx:values>
   <PROGDIR>
    <NAME>ZPG_DEMO_IMP_EXP_EXCEL</NAME>
    <STATE>A</STATE>
    <SQLX/>
    <EDTX/>
    <VARCL>X</VARCL>
    <DBAPL/>
    <DBNA/>
    <CLAS/>
    <TYPE/>
    <OCCURS/>
    <SUBC>1</SUBC>
    <APPL/>
    <SECU/>
    <CNAM/>
    <CDAT>0000-00-00</CDAT>
    <UNAM/>
    <UDAT>0000-00-00</UDAT>
    <VERN/>
    <LEVL/>
    <RSTAT/>
    <RMAND/>
    <RLOAD>E</RLOAD>
    <FIXPT>X</FIXPT>
    <SSET/>
    <SDATE>0000-00-00</SDATE>
    <STIME/>
    <IDATE>0000-00-00</IDATE>
    <ITIME/>
    <LDBNAME/>
    <UCCHECK>X</UCCHECK>
   </PROGDIR>
   <DYNPROS>
    <item>
     <HEADER>
      <PROGRAM>ZPG_DEMO_IMP_EXP_EXCEL</PROGRAM>
      <SCREEN>0200</SCREEN>
      <LANGUAGE>E</LANGUAGE>
      <DESCRIPT>Second screen</DESCRIPT>
      <TYPE>N</TYPE>
      <NEXTSCREEN>0200</NEXTSCREEN>
      <CURSOR_POS/>
      <SCREEN_GRP/>
      <LINES>027</LINES>
      <COLUMNS>120</COLUMNS>
      <HOLD_DATA/>
      <FIXED_FONT/>
      <NO_COMPR/>
      <NO_EXECUTE/>
      <KEEP_SCPOS/>
      <NO_TOOLBAR/>
      <CTX_MENON/>
     </HEADER>
     <CONTAINERS>
      <RPY_DYCATT>
       <TYPE>SCREEN</TYPE>
       <NAME>SCREEN</NAME>
       <ELEMENT_OF/>
       <LINE>000</LINE>
       <COLUMN>000</COLUMN>
       <LENGTH>000</LENGTH>
       <HEIGHT>000</HEIGHT>
       <LOOP_TYPE/>
       <LOOP_BLOCK>000</LOOP_BLOCK>
       <LOOP_DISP>000</LOOP_DISP>
       <C_RESIZE_V/>
       <C_RESIZE_H/>
       <C_LINE_MIN>000</C_LINE_MIN>
       <C_COLN_MIN>000</C_COLN_MIN>
       <C_SCROLL_V/>
       <C_SCROLL_H/>
       <TC_TABTYPE/>
       <TC_SEPAR_V/>
       <TC_SEPAR_H/>
       <TC_TITLE/>
       <TC_HEADER/>
       <TC_CONFIG/>
       <TC_SEL_LNS/>
       <TC_SEL_CLS/>
       <TC_LSEL_CL/>
       <TC_FIXCOL>000</TC_FIXCOL>
       <CU_CC_NAME/>
       <SFW_SWITCHID/>
       <SFW_SHOWHIDE/>
       <PROPERTIES/>
      </RPY_DYCATT>
     </CONTAINERS>
     <FIELDS>
      <RPY_DYFATC>
       <CONT_TYPE>SCREEN</CONT_TYPE>
       <CONT_NAME>SCREEN</CONT_NAME>
       <TYPE>OKCODE</TYPE>
       <NAME/>
       <TEXT>____________________</TEXT>
       <DROPDOWN/>
       <ICON_NAME/>
       <ICON_QINFO/>
       <ICON_QSPEC/>
       <WITH_ICON/>
       <ROLLING/>
       <LINE>000</LINE>
       <COLUMN>000</COLUMN>
       <LENGTH>020</LENGTH>
       <VISLENGTH>020</VISLENGTH>
       <HEIGHT>001</HEIGHT>
       <GROUP1/>
       <GROUP2/>
       <GROUP3/>
       <GROUP4/>
       <PUSH_FCODE/>
       <PUSH_FTYPE/>
       <CXT_MENON/>
       <FORMAT>CHAR</FORMAT>
       <FROM_DICT/>
       <MODIFIC/>
       <CONV_EXIT/>
       <PARAM_ID/>
       <SET_PARAM/>
       <GET_PARAM/>
       <UP_LOWER/>
       <NO_TEMPL/>
       <FOREIGNKEY/>
       <INPUT_FLD>X</INPUT_FLD>
       <OUTPUT_FLD/>
       <OUTPUTONLY/>
       <REQU_ENTRY/>
       <POSS_ENTRY/>
       <DROPFROM/>
       <RIGHT_JUST/>
       <LEAD_ZEROS/>
       <_--2A_ENTRY/>
       <NO_RESET/>
       <FIXED_FONT/>
       <BRIGHT/>
       <INVISIBLE/>
       <_--32_DIMENS/>
       <LABELLEFT/>
       <LABELRIGHT/>
       <LTR/>
       <BIDICTRL/>
       <DBLCLICK/>
       <MATCHCODE/>
       <REF_FIELD/>
       <TC_TITLE/>
       <TC_HEADING/>
       <TC_SELCOL/>
       <BUTT_RIGHT/>
       <DICT_I_FKY/>
       <DICT_I_FKD/>
       <DICT_I_SGN/>
       <DICT_I_VAL/>
       <SFW_SWITCHID/>
       <SFW_SHOWHIDE/>
       <PROPERTIES/>
      </RPY_DYFATC>
     </FIELDS>
     <FLOW_LOGIC>
      <RPY_DYFLOW>
       <LINE>PROCESS BEFORE OUTPUT.</LINE>
      </RPY_DYFLOW>
      <RPY_DYFLOW>
       <LINE>* MODULE STATUS_0200.</LINE>
      </RPY_DYFLOW>
      <RPY_DYFLOW>
       <LINE>*</LINE>
      </RPY_DYFLOW>
      <RPY_DYFLOW>
       <LINE>PROCESS AFTER INPUT.</LINE>
      </RPY_DYFLOW>
      <RPY_DYFLOW>
       <LINE>* MODULE USER_COMMAND_0200.</LINE>
      </RPY_DYFLOW>
     </FLOW_LOGIC>
     <SPACES>
      <item>0</item>
      <item>0</item>
      <item>0</item>
      <item>0</item>
      <item>0</item>
     </SPACES>
    </item>
   </DYNPROS>
   <TPOOL>
    <item>
     <ID>I</ID>
     <KEY>001</KEY>
     <ENTRY>Ngân Hàng Nhà Nước Việt Nam</ENTRY>
     <LENGTH>27</LENGTH>
     <SPLIT/>
    </item>
    <item>
     <ID>I</ID>
     <KEY>002</KEY>
     <ENTRY>NHNH Chi nhánh tỉnh Điện Biên</ENTRY>
     <LENGTH>29</LENGTH>
     <SPLIT/>
    </item>
    <item>
     <ID>I</ID>
     <KEY>003</KEY>
     <ENTRY>Thẻ kho</ENTRY>
     <LENGTH>7</LENGTH>
     <SPLIT/>
    </item>
    <item>
     <ID>I</ID>
     <KEY>004</KEY>
     <ENTRY>Import</ENTRY>
     <LENGTH>6</LENGTH>
     <SPLIT/>
    </item>
    <item>
     <ID>I</ID>
     <KEY>005</KEY>
     <ENTRY>Export</ENTRY>
     <LENGTH>6</LENGTH>
     <SPLIT/>
    </item>
    <item>
     <ID>R</ID>
     <KEY/>
     <ENTRY>Program ZPG_DEMO_IMP_EXP_EXCEL</ENTRY>
     <LENGTH>30</LENGTH>
     <SPLIT/>
    </item>
    <item>
     <ID>S</ID>
     <KEY>P_ALV</KEY>
     <ENTRY>Show ALV</ENTRY>
     <LENGTH>16</LENGTH>
     <SPLIT/>
    </item>
    <item>
     <ID>S</ID>
     <KEY>P_EXC</KEY>
     <ENTRY>Show Excel</ENTRY>
     <LENGTH>18</LENGTH>
     <SPLIT/>
    </item>
    <item>
     <ID>S</ID>
     <KEY>P_LOFILE</KEY>
     <ENTRY>.</ENTRY>
     <LENGTH>17</LENGTH>
     <SPLIT>D</SPLIT>
    </item>
   </TPOOL>
  </asx:values>
 </asx:abap>
</abapGit>
