﻿<?xml version="1.0" encoding="utf-8"?>
<abapGit version="v1.0.0" serializer="LCL_OBJECT_SHLP" serializer_version="v1.0.0">
 <asx:abap xmlns:asx="http://www.sap.com/abapxml" version="1.0">
  <asx:values>
   <DD30V>
    <SHLPNAME>ZSH_MONTH_YEAR</SHLPNAME>
    <DDLANGUAGE>E</DDLANGUAGE>
    <DDTEXT>Search help for Month.Year</DDTEXT>
    <ISSIMPLE>X</ISSIMPLE>
    <ELEMEXI/>
    <NOFIELDS/>
    <ATTACHEXI/>
    <SELMETHOD/>
    <SELMTYPE>F</SELMTYPE>
    <TEXTTAB/>
    <SELMEXIT>ZFM_MONTH_YEAR_SHLP_EXIT</SELMEXIT>
    <HOTKEY/>
    <DIALOGTYPE>D</DIALOGTYPE>
    <ACTFLAG/>
    <AS4USER/>
    <AS4DATE>0000-00-00</AS4DATE>
    <AS4TIME>00:00:00</AS4TIME>
   </DD30V>
   <DD31V_TABLE/>
   <DD32P_TABLE>
    <DD32P>
     <SHLPNAME>ZSH_MONTH_YEAR</SHLPNAME>
     <FIELDNAME>MONTH</FIELDNAME>
     <FLPOSITION>0001</FLPOSITION>
     <ROLLNAME>RSCALMONTH</ROLLNAME>
     <SHLPINPUT/>
     <SHLPOUTPUT>X</SHLPOUTPUT>
     <SHLPSELPOS>01</SHLPSELPOS>
     <SHLPSELDIS/>
     <SHLPLISPOS>01</SHLPLISPOS>
     <SHLPUPPER/>
     <DEFAULTVAL/>
     <DEFAULTTYP/>
     <SQLTAB/>
     <ROLLCHANGE>N</ROLLCHANGE>
     <INDEXNAME/>
     <DOMNAME/>
     <HEADLEN>00</HEADLEN>
     <SCRLEN1>00</SCRLEN1>
     <SCRLEN2>00</SCRLEN2>
     <SCRLEN3>40</SCRLEN3>
     <DATATYPE/>
     <LENG>000000</LENG>
     <OUTPUTLEN>000000</OUTPUTLEN>
     <DECIMALS>000000</DECIMALS>
     <LOWERCASE/>
     <SIGNFLAG/>
     <CONVEXIT/>
     <PROXYTYPE/>
    </DD32P>
    <DD32P>
     <SHLPNAME>ZSH_MONTH_YEAR</SHLPNAME>
     <FIELDNAME>YEAR</FIELDNAME>
     <FLPOSITION>0002</FLPOSITION>
     <ROLLNAME>RSCALYEAR</ROLLNAME>
     <SHLPINPUT/>
     <SHLPOUTPUT>X</SHLPOUTPUT>
     <SHLPSELPOS>02</SHLPSELPOS>
     <SHLPSELDIS/>
     <SHLPLISPOS>02</SHLPLISPOS>
     <SHLPUPPER/>
     <DEFAULTVAL/>
     <DEFAULTTYP/>
     <SQLTAB/>
     <ROLLCHANGE>N</ROLLCHANGE>
     <INDEXNAME/>
     <DOMNAME/>
     <HEADLEN>00</HEADLEN>
     <SCRLEN1>00</SCRLEN1>
     <SCRLEN2>00</SCRLEN2>
     <SCRLEN3>20</SCRLEN3>
     <DATATYPE/>
     <LENG>000000</LENG>
     <OUTPUTLEN>000000</OUTPUTLEN>
     <DECIMALS>000000</DECIMALS>
     <LOWERCASE/>
     <SIGNFLAG/>
     <CONVEXIT/>
     <PROXYTYPE/>
    </DD32P>
   </DD32P_TABLE>
   <DD33V_TABLE/>
  </asx:values>
 </asx:abap>
</abapGit>
