﻿<?xml version="1.0" encoding="utf-8"?>
<abapGit version="v1.0.0" serializer="LCL_OBJECT_SHLP" serializer_version="v1.0.0">
 <asx:abap xmlns:asx="http://www.sap.com/abapxml" version="1.0">
  <asx:values>
   <DD30V>
    <SHLPNAME>ZSH_PERIOD_01</SHLPNAME>
    <DDLANGUAGE>E</DDLANGUAGE>
    <DDTEXT>Search Help for Period Key of Revenue Type</DDTEXT>
    <ISSIMPLE>X</ISSIMPLE>
    <ELEMEXI/>
    <NOFIELDS/>
    <ATTACHEXI/>
    <SELMETHOD>FMCA_PERSL4ABTYP</SELMETHOD>
    <SELMTYPE>H</SELMTYPE>
    <TEXTTAB/>
    <SELMEXIT/>
    <HOTKEY/>
    <DIALOGTYPE>D</DIALOGTYPE>
    <ACTFLAG/>
    <AS4USER/>
    <AS4DATE>0000-00-00</AS4DATE>
    <AS4TIME>00:00:00</AS4TIME>
   </DD30V>
   <DD31V_TABLE/>
   <DD32P_TABLE>
    <DD32P>
     <SHLPNAME>ZSH_PERIOD_01</SHLPNAME>
     <FIELDNAME>ABTYP</FIELDNAME>
     <FLPOSITION>0001</FLPOSITION>
     <ROLLNAME>ABTYP_PS</ROLLNAME>
     <SHLPINPUT>X</SHLPINPUT>
     <SHLPOUTPUT>X</SHLPOUTPUT>
     <SHLPSELPOS>00</SHLPSELPOS>
     <SHLPSELDIS/>
     <SHLPLISPOS>00</SHLPLISPOS>
     <SHLPUPPER/>
     <DEFAULTVAL/>
     <DEFAULTTYP/>
     <SQLTAB/>
     <ROLLCHANGE>X</ROLLCHANGE>
     <INDEXNAME/>
     <DOMNAME/>
     <HEADLEN>00</HEADLEN>
     <SCRLEN1>00</SCRLEN1>
     <SCRLEN2>00</SCRLEN2>
     <SCRLEN3>20</SCRLEN3>
     <DATATYPE/>
     <LENG>000000</LENG>
     <OUTPUTLEN>000000</OUTPUTLEN>
     <DECIMALS>000000</DECIMALS>
     <LOWERCASE/>
     <SIGNFLAG/>
     <CONVEXIT/>
     <PROXYTYPE/>
    </DD32P>
    <DD32P>
     <SHLPNAME>ZSH_PERIOD_01</SHLPNAME>
     <FIELDNAME>PERSL</FIELDNAME>
     <FLPOSITION>0002</FLPOSITION>
     <ROLLNAME>PERSL_KK</ROLLNAME>
     <SHLPINPUT/>
     <SHLPOUTPUT>X</SHLPOUTPUT>
     <SHLPSELPOS>00</SHLPSELPOS>
     <SHLPSELDIS/>
     <SHLPLISPOS>02</SHLPLISPOS>
     <SHLPUPPER/>
     <DEFAULTVAL/>
     <DEFAULTTYP/>
     <SQLTAB/>
     <ROLLCHANGE>X</ROLLCHANGE>
     <INDEXNAME/>
     <DOMNAME/>
     <HEADLEN>00</HEADLEN>
     <SCRLEN1>00</SCRLEN1>
     <SCRLEN2>00</SCRLEN2>
     <SCRLEN3>20</SCRLEN3>
     <DATATYPE/>
     <LENG>000000</LENG>
     <OUTPUTLEN>000000</OUTPUTLEN>
     <DECIMALS>000000</DECIMALS>
     <LOWERCASE/>
     <SIGNFLAG/>
     <CONVEXIT/>
     <PROXYTYPE/>
    </DD32P>
    <DD32P>
     <SHLPNAME>ZSH_PERIOD_01</SHLPNAME>
     <FIELDNAME>ABRZU</FIELDNAME>
     <FLPOSITION>0003</FLPOSITION>
     <ROLLNAME>ABRZU_KK</ROLLNAME>
     <SHLPINPUT/>
     <SHLPOUTPUT>X</SHLPOUTPUT>
     <SHLPSELPOS>00</SHLPSELPOS>
     <SHLPSELDIS/>
     <SHLPLISPOS>01</SHLPLISPOS>
     <SHLPUPPER/>
     <DEFAULTVAL/>
     <DEFAULTTYP/>
     <SQLTAB/>
     <ROLLCHANGE>X</ROLLCHANGE>
     <INDEXNAME/>
     <DOMNAME/>
     <HEADLEN>00</HEADLEN>
     <SCRLEN1>00</SCRLEN1>
     <SCRLEN2>00</SCRLEN2>
     <SCRLEN3>20</SCRLEN3>
     <DATATYPE/>
     <LENG>000000</LENG>
     <OUTPUTLEN>000000</OUTPUTLEN>
     <DECIMALS>000000</DECIMALS>
     <LOWERCASE/>
     <SIGNFLAG/>
     <CONVEXIT/>
     <PROXYTYPE/>
    </DD32P>
    <DD32P>
     <SHLPNAME>ZSH_PERIOD_01</SHLPNAME>
     <FIELDNAME>ABRZO</FIELDNAME>
     <FLPOSITION>0004</FLPOSITION>
     <ROLLNAME>ABRZO_KK</ROLLNAME>
     <SHLPINPUT/>
     <SHLPOUTPUT>X</SHLPOUTPUT>
     <SHLPSELPOS>00</SHLPSELPOS>
     <SHLPSELDIS/>
     <SHLPLISPOS>03</SHLPLISPOS>
     <SHLPUPPER/>
     <DEFAULTVAL/>
     <DEFAULTTYP/>
     <SQLTAB/>
     <ROLLCHANGE>X</ROLLCHANGE>
     <INDEXNAME/>
     <DOMNAME/>
     <HEADLEN>00</HEADLEN>
     <SCRLEN1>00</SCRLEN1>
     <SCRLEN2>00</SCRLEN2>
     <SCRLEN3>20</SCRLEN3>
     <DATATYPE/>
     <LENG>000000</LENG>
     <OUTPUTLEN>000000</OUTPUTLEN>
     <DECIMALS>000000</DECIMALS>
     <LOWERCASE/>
     <SIGNFLAG/>
     <CONVEXIT/>
     <PROXYTYPE/>
    </DD32P>
   </DD32P_TABLE>
   <DD33V_TABLE/>
  </asx:values>
 </asx:abap>
</abapGit>
