﻿<?xml version="1.0" encoding="utf-8"?>
<abapGit version="v1.0.0" serializer="LCL_OBJECT_SHLP" serializer_version="v1.0.0">
 <asx:abap xmlns:asx="http://www.sap.com/abapxml" version="1.0">
  <asx:values>
   <DD30V>
    <SHLPNAME>ZSH_EXCEL_LAYOUT</SHLPNAME>
    <DDLANGUAGE>E</DDLANGUAGE>
    <DDTEXT>Search help excel layout ZTB_EXCEL_LAYOUT</DDTEXT>
    <ISSIMPLE>X</ISSIMPLE>
    <ELEMEXI/>
    <NOFIELDS/>
    <ATTACHEXI/>
    <SELMETHOD>ZTB_EXCEL_LAYOUT</SELMETHOD>
    <SELMTYPE>T</SELMTYPE>
    <TEXTTAB/>
    <SELMEXIT/>
    <HOTKEY/>
    <DIALOGTYPE>D</DIALOGTYPE>
    <ACTFLAG/>
    <AS4USER/>
    <AS4DATE>0000-00-00</AS4DATE>
    <AS4TIME>00:00:00</AS4TIME>
   </DD30V>
   <DD31V_TABLE/>
   <DD32P_TABLE>
    <DD32P>
     <SHLPNAME>ZSH_EXCEL_LAYOUT</SHLPNAME>
     <FIELDNAME>REPORT</FIELDNAME>
     <FLPOSITION>0001</FLPOSITION>
     <ROLLNAME>SYREPID</ROLLNAME>
     <SHLPINPUT>X</SHLPINPUT>
     <SHLPOUTPUT>X</SHLPOUTPUT>
     <SHLPSELPOS>01</SHLPSELPOS>
     <SHLPSELDIS/>
     <SHLPLISPOS>01</SHLPLISPOS>
     <SHLPUPPER/>
     <DEFAULTVAL/>
     <DEFAULTTYP/>
     <SQLTAB/>
     <ROLLCHANGE/>
     <INDEXNAME/>
     <DOMNAME/>
     <HEADLEN>00</HEADLEN>
     <SCRLEN1>00</SCRLEN1>
     <SCRLEN2>00</SCRLEN2>
     <SCRLEN3>20</SCRLEN3>
     <DATATYPE/>
     <LENG>000000</LENG>
     <OUTPUTLEN>000000</OUTPUTLEN>
     <DECIMALS>000000</DECIMALS>
     <LOWERCASE/>
     <SIGNFLAG/>
     <CONVEXIT/>
     <PROXYTYPE/>
    </DD32P>
    <DD32P>
     <SHLPNAME>ZSH_EXCEL_LAYOUT</SHLPNAME>
     <FIELDNAME>FNAME</FIELDNAME>
     <FLPOSITION>0002</FLPOSITION>
     <ROLLNAME>FIELDNAME</ROLLNAME>
     <SHLPINPUT>X</SHLPINPUT>
     <SHLPOUTPUT>X</SHLPOUTPUT>
     <SHLPSELPOS>02</SHLPSELPOS>
     <SHLPSELDIS/>
     <SHLPLISPOS>02</SHLPLISPOS>
     <SHLPUPPER/>
     <DEFAULTVAL/>
     <DEFAULTTYP/>
     <SQLTAB/>
     <ROLLCHANGE/>
     <INDEXNAME/>
     <DOMNAME/>
     <HEADLEN>00</HEADLEN>
     <SCRLEN1>00</SCRLEN1>
     <SCRLEN2>00</SCRLEN2>
     <SCRLEN3>18</SCRLEN3>
     <DATATYPE/>
     <LENG>000000</LENG>
     <OUTPUTLEN>000000</OUTPUTLEN>
     <DECIMALS>000000</DECIMALS>
     <LOWERCASE/>
     <SIGNFLAG/>
     <CONVEXIT/>
     <PROXYTYPE/>
    </DD32P>
    <DD32P>
     <SHLPNAME>ZSH_EXCEL_LAYOUT</SHLPNAME>
     <FIELDNAME>POSID</FIELDNAME>
     <FLPOSITION>0003</FLPOSITION>
     <ROLLNAME>BRF_POSITION</ROLLNAME>
     <SHLPINPUT>X</SHLPINPUT>
     <SHLPOUTPUT>X</SHLPOUTPUT>
     <SHLPSELPOS>03</SHLPSELPOS>
     <SHLPSELDIS/>
     <SHLPLISPOS>03</SHLPLISPOS>
     <SHLPUPPER/>
     <DEFAULTVAL/>
     <DEFAULTTYP/>
     <SQLTAB/>
     <ROLLCHANGE/>
     <INDEXNAME/>
     <DOMNAME/>
     <HEADLEN>00</HEADLEN>
     <SCRLEN1>00</SCRLEN1>
     <SCRLEN2>00</SCRLEN2>
     <SCRLEN3>08</SCRLEN3>
     <DATATYPE/>
     <LENG>000000</LENG>
     <OUTPUTLEN>000000</OUTPUTLEN>
     <DECIMALS>000000</DECIMALS>
     <LOWERCASE/>
     <SIGNFLAG/>
     <CONVEXIT/>
     <PROXYTYPE/>
    </DD32P>
    <DD32P>
     <SHLPNAME>ZSH_EXCEL_LAYOUT</SHLPNAME>
     <FIELDNAME>ROW_POS</FIELDNAME>
     <FLPOSITION>0004</FLPOSITION>
     <ROLLNAME>ZDD_ROW_POS</ROLLNAME>
     <SHLPINPUT/>
     <SHLPOUTPUT/>
     <SHLPSELPOS>00</SHLPSELPOS>
     <SHLPSELDIS/>
     <SHLPLISPOS>04</SHLPLISPOS>
     <SHLPUPPER/>
     <DEFAULTVAL/>
     <DEFAULTTYP/>
     <SQLTAB/>
     <ROLLCHANGE/>
     <INDEXNAME/>
     <DOMNAME/>
     <HEADLEN>00</HEADLEN>
     <SCRLEN1>00</SCRLEN1>
     <SCRLEN2>00</SCRLEN2>
     <SCRLEN3>20</SCRLEN3>
     <DATATYPE/>
     <LENG>000000</LENG>
     <OUTPUTLEN>000000</OUTPUTLEN>
     <DECIMALS>000000</DECIMALS>
     <LOWERCASE/>
     <SIGNFLAG/>
     <CONVEXIT/>
     <PROXYTYPE/>
    </DD32P>
    <DD32P>
     <SHLPNAME>ZSH_EXCEL_LAYOUT</SHLPNAME>
     <FIELDNAME>COL_POS</FIELDNAME>
     <FLPOSITION>0005</FLPOSITION>
     <ROLLNAME>ZDD_COL_POS</ROLLNAME>
     <SHLPINPUT/>
     <SHLPOUTPUT/>
     <SHLPSELPOS>00</SHLPSELPOS>
     <SHLPSELDIS/>
     <SHLPLISPOS>05</SHLPLISPOS>
     <SHLPUPPER/>
     <DEFAULTVAL/>
     <DEFAULTTYP/>
     <SQLTAB/>
     <ROLLCHANGE/>
     <INDEXNAME/>
     <DOMNAME/>
     <HEADLEN>00</HEADLEN>
     <SCRLEN1>00</SCRLEN1>
     <SCRLEN2>00</SCRLEN2>
     <SCRLEN3>20</SCRLEN3>
     <DATATYPE/>
     <LENG>000000</LENG>
     <OUTPUTLEN>000000</OUTPUTLEN>
     <DECIMALS>000000</DECIMALS>
     <LOWERCASE/>
     <SIGNFLAG/>
     <CONVEXIT/>
     <PROXYTYPE/>
    </DD32P>
    <DD32P>
     <SHLPNAME>ZSH_EXCEL_LAYOUT</SHLPNAME>
     <FIELDNAME>GRPEX</FIELDNAME>
     <FLPOSITION>0006</FLPOSITION>
     <ROLLNAME>ZDD_GRPEX</ROLLNAME>
     <SHLPINPUT/>
     <SHLPOUTPUT/>
     <SHLPSELPOS>00</SHLPSELPOS>
     <SHLPSELDIS/>
     <SHLPLISPOS>06</SHLPLISPOS>
     <SHLPUPPER/>
     <DEFAULTVAL/>
     <DEFAULTTYP/>
     <SQLTAB/>
     <ROLLCHANGE/>
     <INDEXNAME/>
     <DOMNAME/>
     <HEADLEN>00</HEADLEN>
     <SCRLEN1>00</SCRLEN1>
     <SCRLEN2>00</SCRLEN2>
     <SCRLEN3>20</SCRLEN3>
     <DATATYPE/>
     <LENG>000000</LENG>
     <OUTPUTLEN>000000</OUTPUTLEN>
     <DECIMALS>000000</DECIMALS>
     <LOWERCASE/>
     <SIGNFLAG/>
     <CONVEXIT/>
     <PROXYTYPE/>
    </DD32P>
   </DD32P_TABLE>
   <DD33V_TABLE/>
  </asx:values>
 </asx:abap>
</abapGit>
