﻿<?xml version="1.0" encoding="utf-8"?>
<abapGit version="v1.0.0" serializer="LCL_OBJECT_TABL" serializer_version="v1.0.0">
 <asx:abap xmlns:asx="http://www.sap.com/abapxml" version="1.0">
  <asx:values>
   <DD02V>
    <TABNAME>ZST_SHEET_DATA</TABNAME>
    <DDLANGUAGE>E</DDLANGUAGE>
    <TABCLASS>INTTAB</TABCLASS>
    <SQLTAB/>
    <DATMIN>0000000000</DATMIN>
    <DATMAX>0000000000</DATMAX>
    <DATAVG>0000000000</DATAVG>
    <CLIDEP/>
    <BUFFERED/>
    <COMPRFLAG/>
    <LANGDEP>X</LANGDEP>
    <DDTEXT>Sheet data of excel</DDTEXT>
    <ACTFLAG/>
    <APPLCLASS/>
    <AUTHCLASS>00</AUTHCLASS>
    <AS4USER/>
    <AS4DATE>0000-00-00</AS4DATE>
    <AS4TIME>00:00:00</AS4TIME>
    <MASTERLANG/>
    <MAINFLAG/>
    <CONTFLAG/>
    <RESERVETAB/>
    <GLOBALFLAG/>
    <PROZPUFF>000</PROZPUFF>
    <VIEWCLASS/>
    <VIEWGRANT/>
    <MULTIPLEX/>
    <SHLPEXI/>
    <PROXYTYPE/>
    <EXCLASS>1</EXCLASS>
    <WRONGCL/>
   </DD02V>
   <DD03P_TABLE>
    <DD03P>
     <TABNAME>ZST_SHEET_DATA</TABNAME>
     <FIELDNAME>.INCLUDE</FIELDNAME>
     <DDLANGUAGE>E</DDLANGUAGE>
     <POSITION>0001</POSITION>
     <KEYFLAG/>
     <MANDATORY/>
     <ROLLNAME/>
     <CHECKTABLE/>
     <ADMINFIELD>0</ADMINFIELD>
     <INTTYPE/>
     <INTLEN>000000</INTLEN>
     <REFTABLE/>
     <PRECFIELD>ZST_SHEET_KEY</PRECFIELD>
     <REFFIELD/>
     <CONROUT/>
     <NOTNULL/>
     <DOMNAME/>
     <ROUTPUTLEN>000000</ROUTPUTLEN>
     <MEMORYID/>
     <LOGFLAG/>
     <HEADLEN>00</HEADLEN>
     <SCRLEN1>00</SCRLEN1>
     <SCRLEN2>00</SCRLEN2>
     <SCRLEN3>00</SCRLEN3>
     <DTELGLOBAL/>
     <DTELMASTER/>
     <RESERVEDTE/>
     <DATATYPE/>
     <LENG>000000</LENG>
     <OUTPUTLEN>000000</OUTPUTLEN>
     <DECIMALS>000000</DECIMALS>
     <LOWERCASE/>
     <SIGNFLAG/>
     <LANGFLAG/>
     <VALEXI/>
     <ENTITYTAB/>
     <CONVEXIT/>
     <MASK>      S</MASK>
     <MASKLEN>0000</MASKLEN>
     <ACTFLAG/>
     <DDTEXT>Sheet data of excel</DDTEXT>
     <REPTEXT/>
     <SCRTEXT_S/>
     <SCRTEXT_M/>
     <SCRTEXT_L/>
     <DOMMASTER/>
     <RESERVEDOM/>
     <DOMGLOBAL/>
     <DOMNAME3L/>
     <SHLPORIGIN/>
     <SHLPNAME/>
     <SHLPFIELD/>
     <TABLETYPE/>
     <DEPTH>00</DEPTH>
     <COMPTYPE>S</COMPTYPE>
     <DEFFDNAME/>
     <GROUPNAME/>
     <REFTYPE/>
     <PROXYTYPE/>
     <LANGUFLAG/>
     <EXCLASS>0</EXCLASS>
     <LTRFLDDIS/>
     <BIDICTRLC/>
     <DBPOSITION>0000</DBPOSITION>
     <ANONYMOUS/>
     <OUTPUTSTYLE>00</OUTPUTSTYLE>
     <NOHISTORY/>
     <AMPMFORMAT/>
     <STREAMORLOC/>
     <STRORLOCPOS>00</STRORLOCPOS>
    </DD03P>
    <DD03P>
     <TABNAME>ZST_SHEET_DATA</TABNAME>
     <FIELDNAME>T_SQUARE_DATA</FIELDNAME>
     <DDLANGUAGE/>
     <POSITION>0005</POSITION>
     <KEYFLAG/>
     <MANDATORY/>
     <ROLLNAME>ZTT_EXCEL_EXP</ROLLNAME>
     <CHECKTABLE/>
     <ADMINFIELD>0</ADMINFIELD>
     <INTTYPE/>
     <INTLEN>000000</INTLEN>
     <REFTABLE/>
     <PRECFIELD/>
     <REFFIELD/>
     <CONROUT/>
     <NOTNULL/>
     <DOMNAME/>
     <ROUTPUTLEN>000000</ROUTPUTLEN>
     <MEMORYID/>
     <LOGFLAG/>
     <HEADLEN>00</HEADLEN>
     <SCRLEN1>00</SCRLEN1>
     <SCRLEN2>00</SCRLEN2>
     <SCRLEN3>00</SCRLEN3>
     <DTELGLOBAL/>
     <DTELMASTER/>
     <RESERVEDTE/>
     <DATATYPE>TTYP</DATATYPE>
     <LENG>000000</LENG>
     <OUTPUTLEN>000000</OUTPUTLEN>
     <DECIMALS>000000</DECIMALS>
     <LOWERCASE/>
     <SIGNFLAG/>
     <LANGFLAG/>
     <VALEXI/>
     <ENTITYTAB/>
     <CONVEXIT/>
     <MASK>  TTYPL</MASK>
     <MASKLEN>0000</MASKLEN>
     <ACTFLAG/>
     <DDTEXT/>
     <REPTEXT/>
     <SCRTEXT_S/>
     <SCRTEXT_M/>
     <SCRTEXT_L/>
     <DOMMASTER/>
     <RESERVEDOM/>
     <DOMGLOBAL/>
     <DOMNAME3L/>
     <SHLPORIGIN/>
     <SHLPNAME/>
     <SHLPFIELD/>
     <TABLETYPE/>
     <DEPTH>00</DEPTH>
     <COMPTYPE>L</COMPTYPE>
     <DEFFDNAME/>
     <GROUPNAME/>
     <REFTYPE/>
     <PROXYTYPE/>
     <LANGUFLAG/>
     <EXCLASS>0</EXCLASS>
     <LTRFLDDIS/>
     <BIDICTRLC/>
     <DBPOSITION>0000</DBPOSITION>
     <ANONYMOUS/>
     <OUTPUTSTYLE>00</OUTPUTSTYLE>
     <NOHISTORY/>
     <AMPMFORMAT/>
     <STREAMORLOC/>
     <STRORLOCPOS>00</STRORLOCPOS>
    </DD03P>
    <DD03P>
     <TABNAME>ZST_SHEET_DATA</TABNAME>
     <FIELDNAME>I_PAGESETUP</FIELDNAME>
     <DDLANGUAGE/>
     <POSITION>0006</POSITION>
     <KEYFLAG/>
     <MANDATORY/>
     <ROLLNAME>ZST_EXCEL_PAGESETUP</ROLLNAME>
     <CHECKTABLE/>
     <ADMINFIELD>0</ADMINFIELD>
     <INTTYPE/>
     <INTLEN>000000</INTLEN>
     <REFTABLE/>
     <PRECFIELD/>
     <REFFIELD/>
     <CONROUT/>
     <NOTNULL/>
     <DOMNAME/>
     <ROUTPUTLEN>000000</ROUTPUTLEN>
     <MEMORYID/>
     <LOGFLAG/>
     <HEADLEN>00</HEADLEN>
     <SCRLEN1>00</SCRLEN1>
     <SCRLEN2>00</SCRLEN2>
     <SCRLEN3>00</SCRLEN3>
     <DTELGLOBAL/>
     <DTELMASTER/>
     <RESERVEDTE/>
     <DATATYPE>STRU</DATATYPE>
     <LENG>000000</LENG>
     <OUTPUTLEN>000000</OUTPUTLEN>
     <DECIMALS>000000</DECIMALS>
     <LOWERCASE/>
     <SIGNFLAG/>
     <LANGFLAG/>
     <VALEXI/>
     <ENTITYTAB/>
     <CONVEXIT/>
     <MASK>  STRUS</MASK>
     <MASKLEN>0000</MASKLEN>
     <ACTFLAG/>
     <DDTEXT/>
     <REPTEXT/>
     <SCRTEXT_S/>
     <SCRTEXT_M/>
     <SCRTEXT_L/>
     <DOMMASTER/>
     <RESERVEDOM/>
     <DOMGLOBAL/>
     <DOMNAME3L/>
     <SHLPORIGIN/>
     <SHLPNAME/>
     <SHLPFIELD/>
     <TABLETYPE/>
     <DEPTH>00</DEPTH>
     <COMPTYPE>S</COMPTYPE>
     <DEFFDNAME/>
     <GROUPNAME/>
     <REFTYPE/>
     <PROXYTYPE/>
     <LANGUFLAG/>
     <EXCLASS>0</EXCLASS>
     <LTRFLDDIS/>
     <BIDICTRLC/>
     <DBPOSITION>0000</DBPOSITION>
     <ANONYMOUS/>
     <OUTPUTSTYLE>00</OUTPUTSTYLE>
     <NOHISTORY/>
     <AMPMFORMAT/>
     <STREAMORLOC/>
     <STRORLOCPOS>00</STRORLOCPOS>
    </DD03P>
    <DD03P>
     <TABNAME>ZST_SHEET_DATA</TABNAME>
     <FIELDNAME>T_DEL_ROWS</FIELDNAME>
     <DDLANGUAGE/>
     <POSITION>0013</POSITION>
     <KEYFLAG/>
     <MANDATORY/>
     <ROLLNAME>ZTT_BOLD_ROW</ROLLNAME>
     <CHECKTABLE/>
     <ADMINFIELD>0</ADMINFIELD>
     <INTTYPE/>
     <INTLEN>000000</INTLEN>
     <REFTABLE/>
     <PRECFIELD/>
     <REFFIELD/>
     <CONROUT/>
     <NOTNULL/>
     <DOMNAME/>
     <ROUTPUTLEN>000000</ROUTPUTLEN>
     <MEMORYID/>
     <LOGFLAG/>
     <HEADLEN>00</HEADLEN>
     <SCRLEN1>00</SCRLEN1>
     <SCRLEN2>00</SCRLEN2>
     <SCRLEN3>00</SCRLEN3>
     <DTELGLOBAL/>
     <DTELMASTER/>
     <RESERVEDTE/>
     <DATATYPE>TTYP</DATATYPE>
     <LENG>000000</LENG>
     <OUTPUTLEN>000000</OUTPUTLEN>
     <DECIMALS>000000</DECIMALS>
     <LOWERCASE/>
     <SIGNFLAG/>
     <LANGFLAG/>
     <VALEXI/>
     <ENTITYTAB/>
     <CONVEXIT/>
     <MASK>  TTYPL</MASK>
     <MASKLEN>0000</MASKLEN>
     <ACTFLAG/>
     <DDTEXT/>
     <REPTEXT/>
     <SCRTEXT_S/>
     <SCRTEXT_M/>
     <SCRTEXT_L/>
     <DOMMASTER/>
     <RESERVEDOM/>
     <DOMGLOBAL/>
     <DOMNAME3L/>
     <SHLPORIGIN/>
     <SHLPNAME/>
     <SHLPFIELD/>
     <TABLETYPE/>
     <DEPTH>00</DEPTH>
     <COMPTYPE>L</COMPTYPE>
     <DEFFDNAME/>
     <GROUPNAME/>
     <REFTYPE/>
     <PROXYTYPE/>
     <LANGUFLAG/>
     <EXCLASS>0</EXCLASS>
     <LTRFLDDIS/>
     <BIDICTRLC/>
     <DBPOSITION>0000</DBPOSITION>
     <ANONYMOUS/>
     <OUTPUTSTYLE>00</OUTPUTSTYLE>
     <NOHISTORY/>
     <AMPMFORMAT/>
     <STREAMORLOC/>
     <STRORLOCPOS>00</STRORLOCPOS>
    </DD03P>
   </DD03P_TABLE>
   <DD05M_TABLE/>
   <DD08V_TABLE/>
   <DD12V/>
   <DD17V/>
   <DD35V_TALE/>
   <DD36M/>
  </asx:values>
 </asx:abap>
</abapGit>
