﻿<?xml version="1.0" encoding="utf-8"?>
<abapGit version="v1.0.0" serializer="LCL_OBJECT_TABL" serializer_version="v1.0.0">
 <asx:abap xmlns:asx="http://www.sap.com/abapxml" version="1.0">
  <asx:values>
   <DD02V>
    <TABNAME>ZST_BM_ADDRESS</TABNAME>
    <DDLANGUAGE>E</DDLANGUAGE>
    <TABCLASS>INTTAB</TABCLASS>
    <SQLTAB/>
    <DATMIN>0000000000</DATMIN>
    <DATMAX>0000000000</DATMAX>
    <DATAVG>0000000000</DATAVG>
    <CLIDEP/>
    <BUFFERED/>
    <COMPRFLAG/>
    <LANGDEP/>
    <DDTEXT>SAP BP: BAPI Structure for Address Data</DDTEXT>
    <ACTFLAG/>
    <APPLCLASS/>
    <AUTHCLASS>00</AUTHCLASS>
    <AS4USER/>
    <AS4DATE>0000-00-00</AS4DATE>
    <AS4TIME>00:00:00</AS4TIME>
    <MASTERLANG/>
    <MAINFLAG/>
    <CONTFLAG/>
    <RESERVETAB/>
    <GLOBALFLAG/>
    <PROZPUFF>000</PROZPUFF>
    <VIEWCLASS/>
    <VIEWGRANT/>
    <MULTIPLEX/>
    <SHLPEXI/>
    <PROXYTYPE/>
    <EXCLASS>1</EXCLASS>
    <WRONGCL/>
   </DD02V>
   <DD03P_TABLE>
    <DD03P>
     <TABNAME>ZST_BM_ADDRESS</TABNAME>
     <FIELDNAME>ADDRNUMBER</FIELDNAME>
     <DDLANGUAGE/>
     <POSITION>0001</POSITION>
     <KEYFLAG/>
     <MANDATORY/>
     <ROLLNAME>AD_ADDRNUM</ROLLNAME>
     <CHECKTABLE/>
     <ADMINFIELD>0</ADMINFIELD>
     <INTTYPE/>
     <INTLEN>000000</INTLEN>
     <REFTABLE/>
     <PRECFIELD/>
     <REFFIELD/>
     <CONROUT/>
     <NOTNULL/>
     <DOMNAME/>
     <ROUTPUTLEN>000000</ROUTPUTLEN>
     <MEMORYID/>
     <LOGFLAG/>
     <HEADLEN>00</HEADLEN>
     <SCRLEN1>00</SCRLEN1>
     <SCRLEN2>00</SCRLEN2>
     <SCRLEN3>00</SCRLEN3>
     <DTELGLOBAL/>
     <DTELMASTER/>
     <RESERVEDTE/>
     <DATATYPE/>
     <LENG>000000</LENG>
     <OUTPUTLEN>000000</OUTPUTLEN>
     <DECIMALS>000000</DECIMALS>
     <LOWERCASE/>
     <SIGNFLAG/>
     <LANGFLAG/>
     <VALEXI/>
     <ENTITYTAB/>
     <CONVEXIT/>
     <MASK/>
     <MASKLEN>0000</MASKLEN>
     <ACTFLAG/>
     <DDTEXT/>
     <REPTEXT/>
     <SCRTEXT_S/>
     <SCRTEXT_M/>
     <SCRTEXT_L/>
     <DOMMASTER/>
     <RESERVEDOM/>
     <DOMGLOBAL/>
     <DOMNAME3L/>
     <SHLPORIGIN/>
     <SHLPNAME/>
     <SHLPFIELD/>
     <TABLETYPE/>
     <DEPTH>00</DEPTH>
     <COMPTYPE>E</COMPTYPE>
     <DEFFDNAME/>
     <GROUPNAME/>
     <REFTYPE/>
     <PROXYTYPE/>
     <LANGUFLAG/>
     <EXCLASS>0</EXCLASS>
     <LTRFLDDIS/>
     <BIDICTRLC/>
     <DBPOSITION>0000</DBPOSITION>
     <ANONYMOUS/>
     <OUTPUTSTYLE>00</OUTPUTSTYLE>
     <NOHISTORY/>
     <AMPMFORMAT/>
     <STREAMORLOC/>
     <STRORLOCPOS>00</STRORLOCPOS>
    </DD03P>
    <DD03P>
     <TABNAME>ZST_BM_ADDRESS</TABNAME>
     <FIELDNAME>REGION</FIELDNAME>
     <DDLANGUAGE/>
     <POSITION>0002</POSITION>
     <KEYFLAG/>
     <MANDATORY/>
     <ROLLNAME>REGIO</ROLLNAME>
     <CHECKTABLE>T005S</CHECKTABLE>
     <ADMINFIELD>0</ADMINFIELD>
     <INTTYPE/>
     <INTLEN>000000</INTLEN>
     <REFTABLE/>
     <PRECFIELD/>
     <REFFIELD/>
     <CONROUT/>
     <NOTNULL/>
     <DOMNAME/>
     <ROUTPUTLEN>000000</ROUTPUTLEN>
     <MEMORYID/>
     <LOGFLAG/>
     <HEADLEN>00</HEADLEN>
     <SCRLEN1>00</SCRLEN1>
     <SCRLEN2>00</SCRLEN2>
     <SCRLEN3>00</SCRLEN3>
     <DTELGLOBAL/>
     <DTELMASTER/>
     <RESERVEDTE/>
     <DATATYPE/>
     <LENG>000000</LENG>
     <OUTPUTLEN>000000</OUTPUTLEN>
     <DECIMALS>000000</DECIMALS>
     <LOWERCASE/>
     <SIGNFLAG/>
     <LANGFLAG/>
     <VALEXI/>
     <ENTITYTAB/>
     <CONVEXIT/>
     <MASK/>
     <MASKLEN>0000</MASKLEN>
     <ACTFLAG/>
     <DDTEXT/>
     <REPTEXT/>
     <SCRTEXT_S/>
     <SCRTEXT_M/>
     <SCRTEXT_L/>
     <DOMMASTER/>
     <RESERVEDOM/>
     <DOMGLOBAL/>
     <DOMNAME3L/>
     <SHLPORIGIN>P</SHLPORIGIN>
     <SHLPNAME/>
     <SHLPFIELD/>
     <TABLETYPE/>
     <DEPTH>00</DEPTH>
     <COMPTYPE>E</COMPTYPE>
     <DEFFDNAME/>
     <GROUPNAME/>
     <REFTYPE/>
     <PROXYTYPE/>
     <LANGUFLAG/>
     <EXCLASS>0</EXCLASS>
     <LTRFLDDIS/>
     <BIDICTRLC/>
     <DBPOSITION>0000</DBPOSITION>
     <ANONYMOUS/>
     <OUTPUTSTYLE>00</OUTPUTSTYLE>
     <NOHISTORY/>
     <AMPMFORMAT/>
     <STREAMORLOC/>
     <STRORLOCPOS>00</STRORLOCPOS>
    </DD03P>
    <DD03P>
     <TABNAME>ZST_BM_ADDRESS</TABNAME>
     <FIELDNAME>BEZEI</FIELDNAME>
     <DDLANGUAGE/>
     <POSITION>0003</POSITION>
     <KEYFLAG/>
     <MANDATORY/>
     <ROLLNAME>BEZEI</ROLLNAME>
     <CHECKTABLE/>
     <ADMINFIELD>0</ADMINFIELD>
     <INTTYPE/>
     <INTLEN>000000</INTLEN>
     <REFTABLE/>
     <PRECFIELD/>
     <REFFIELD/>
     <CONROUT/>
     <NOTNULL/>
     <DOMNAME/>
     <ROUTPUTLEN>000000</ROUTPUTLEN>
     <MEMORYID/>
     <LOGFLAG/>
     <HEADLEN>00</HEADLEN>
     <SCRLEN1>00</SCRLEN1>
     <SCRLEN2>00</SCRLEN2>
     <SCRLEN3>00</SCRLEN3>
     <DTELGLOBAL/>
     <DTELMASTER/>
     <RESERVEDTE/>
     <DATATYPE/>
     <LENG>000000</LENG>
     <OUTPUTLEN>000000</OUTPUTLEN>
     <DECIMALS>000000</DECIMALS>
     <LOWERCASE/>
     <SIGNFLAG/>
     <LANGFLAG/>
     <VALEXI/>
     <ENTITYTAB/>
     <CONVEXIT/>
     <MASK/>
     <MASKLEN>0000</MASKLEN>
     <ACTFLAG/>
     <DDTEXT/>
     <REPTEXT/>
     <SCRTEXT_S/>
     <SCRTEXT_M/>
     <SCRTEXT_L/>
     <DOMMASTER/>
     <RESERVEDOM/>
     <DOMGLOBAL/>
     <DOMNAME3L/>
     <SHLPORIGIN/>
     <SHLPNAME/>
     <SHLPFIELD/>
     <TABLETYPE/>
     <DEPTH>00</DEPTH>
     <COMPTYPE>E</COMPTYPE>
     <DEFFDNAME/>
     <GROUPNAME/>
     <REFTYPE/>
     <PROXYTYPE/>
     <LANGUFLAG/>
     <EXCLASS>0</EXCLASS>
     <LTRFLDDIS/>
     <BIDICTRLC/>
     <DBPOSITION>0000</DBPOSITION>
     <ANONYMOUS/>
     <OUTPUTSTYLE>00</OUTPUTSTYLE>
     <NOHISTORY/>
     <AMPMFORMAT/>
     <STREAMORLOC/>
     <STRORLOCPOS>00</STRORLOCPOS>
    </DD03P>
    <DD03P>
     <TABNAME>ZST_BM_ADDRESS</TABNAME>
     <FIELDNAME>CITY_NO</FIELDNAME>
     <DDLANGUAGE/>
     <POSITION>0004</POSITION>
     <KEYFLAG/>
     <MANDATORY/>
     <ROLLNAME>AD_CITYNUM</ROLLNAME>
     <CHECKTABLE/>
     <ADMINFIELD>0</ADMINFIELD>
     <INTTYPE/>
     <INTLEN>000000</INTLEN>
     <REFTABLE/>
     <PRECFIELD/>
     <REFFIELD/>
     <CONROUT/>
     <NOTNULL/>
     <DOMNAME/>
     <ROUTPUTLEN>000000</ROUTPUTLEN>
     <MEMORYID/>
     <LOGFLAG/>
     <HEADLEN>00</HEADLEN>
     <SCRLEN1>00</SCRLEN1>
     <SCRLEN2>00</SCRLEN2>
     <SCRLEN3>00</SCRLEN3>
     <DTELGLOBAL/>
     <DTELMASTER/>
     <RESERVEDTE/>
     <DATATYPE/>
     <LENG>000000</LENG>
     <OUTPUTLEN>000000</OUTPUTLEN>
     <DECIMALS>000000</DECIMALS>
     <LOWERCASE/>
     <SIGNFLAG/>
     <LANGFLAG/>
     <VALEXI/>
     <ENTITYTAB/>
     <CONVEXIT/>
     <MASK/>
     <MASKLEN>0000</MASKLEN>
     <ACTFLAG/>
     <DDTEXT/>
     <REPTEXT/>
     <SCRTEXT_S/>
     <SCRTEXT_M/>
     <SCRTEXT_L/>
     <DOMMASTER/>
     <RESERVEDOM/>
     <DOMGLOBAL/>
     <DOMNAME3L/>
     <SHLPORIGIN/>
     <SHLPNAME/>
     <SHLPFIELD/>
     <TABLETYPE/>
     <DEPTH>00</DEPTH>
     <COMPTYPE>E</COMPTYPE>
     <DEFFDNAME/>
     <GROUPNAME/>
     <REFTYPE/>
     <PROXYTYPE/>
     <LANGUFLAG/>
     <EXCLASS>0</EXCLASS>
     <LTRFLDDIS/>
     <BIDICTRLC/>
     <DBPOSITION>0000</DBPOSITION>
     <ANONYMOUS/>
     <OUTPUTSTYLE>00</OUTPUTSTYLE>
     <NOHISTORY/>
     <AMPMFORMAT/>
     <STREAMORLOC/>
     <STRORLOCPOS>00</STRORLOCPOS>
    </DD03P>
    <DD03P>
     <TABNAME>ZST_BM_ADDRESS</TABNAME>
     <FIELDNAME>CITY</FIELDNAME>
     <DDLANGUAGE/>
     <POSITION>0005</POSITION>
     <KEYFLAG/>
     <MANDATORY/>
     <ROLLNAME>AD_CITY1</ROLLNAME>
     <CHECKTABLE/>
     <ADMINFIELD>0</ADMINFIELD>
     <INTTYPE/>
     <INTLEN>000000</INTLEN>
     <REFTABLE/>
     <PRECFIELD/>
     <REFFIELD/>
     <CONROUT/>
     <NOTNULL/>
     <DOMNAME/>
     <ROUTPUTLEN>000000</ROUTPUTLEN>
     <MEMORYID/>
     <LOGFLAG/>
     <HEADLEN>00</HEADLEN>
     <SCRLEN1>00</SCRLEN1>
     <SCRLEN2>00</SCRLEN2>
     <SCRLEN3>00</SCRLEN3>
     <DTELGLOBAL/>
     <DTELMASTER/>
     <RESERVEDTE/>
     <DATATYPE/>
     <LENG>000000</LENG>
     <OUTPUTLEN>000000</OUTPUTLEN>
     <DECIMALS>000000</DECIMALS>
     <LOWERCASE/>
     <SIGNFLAG/>
     <LANGFLAG/>
     <VALEXI/>
     <ENTITYTAB/>
     <CONVEXIT/>
     <MASK/>
     <MASKLEN>0000</MASKLEN>
     <ACTFLAG/>
     <DDTEXT/>
     <REPTEXT/>
     <SCRTEXT_S/>
     <SCRTEXT_M/>
     <SCRTEXT_L/>
     <DOMMASTER/>
     <RESERVEDOM/>
     <DOMGLOBAL/>
     <DOMNAME3L/>
     <SHLPORIGIN>D</SHLPORIGIN>
     <SHLPNAME/>
     <SHLPFIELD/>
     <TABLETYPE/>
     <DEPTH>00</DEPTH>
     <COMPTYPE>E</COMPTYPE>
     <DEFFDNAME/>
     <GROUPNAME/>
     <REFTYPE/>
     <PROXYTYPE/>
     <LANGUFLAG/>
     <EXCLASS>0</EXCLASS>
     <LTRFLDDIS/>
     <BIDICTRLC/>
     <DBPOSITION>0000</DBPOSITION>
     <ANONYMOUS/>
     <OUTPUTSTYLE>00</OUTPUTSTYLE>
     <NOHISTORY/>
     <AMPMFORMAT/>
     <STREAMORLOC/>
     <STRORLOCPOS>00</STRORLOCPOS>
    </DD03P>
    <DD03P>
     <TABNAME>ZST_BM_ADDRESS</TABNAME>
     <FIELDNAME>DISTRCT_NO</FIELDNAME>
     <DDLANGUAGE/>
     <POSITION>0006</POSITION>
     <KEYFLAG/>
     <MANDATORY/>
     <ROLLNAME>AD_CITYPNM</ROLLNAME>
     <CHECKTABLE/>
     <ADMINFIELD>0</ADMINFIELD>
     <INTTYPE/>
     <INTLEN>000000</INTLEN>
     <REFTABLE/>
     <PRECFIELD/>
     <REFFIELD/>
     <CONROUT/>
     <NOTNULL/>
     <DOMNAME/>
     <ROUTPUTLEN>000000</ROUTPUTLEN>
     <MEMORYID/>
     <LOGFLAG/>
     <HEADLEN>00</HEADLEN>
     <SCRLEN1>00</SCRLEN1>
     <SCRLEN2>00</SCRLEN2>
     <SCRLEN3>00</SCRLEN3>
     <DTELGLOBAL/>
     <DTELMASTER/>
     <RESERVEDTE/>
     <DATATYPE/>
     <LENG>000000</LENG>
     <OUTPUTLEN>000000</OUTPUTLEN>
     <DECIMALS>000000</DECIMALS>
     <LOWERCASE/>
     <SIGNFLAG/>
     <LANGFLAG/>
     <VALEXI/>
     <ENTITYTAB/>
     <CONVEXIT/>
     <MASK/>
     <MASKLEN>0000</MASKLEN>
     <ACTFLAG/>
     <DDTEXT/>
     <REPTEXT/>
     <SCRTEXT_S/>
     <SCRTEXT_M/>
     <SCRTEXT_L/>
     <DOMMASTER/>
     <RESERVEDOM/>
     <DOMGLOBAL/>
     <DOMNAME3L/>
     <SHLPORIGIN/>
     <SHLPNAME/>
     <SHLPFIELD/>
     <TABLETYPE/>
     <DEPTH>00</DEPTH>
     <COMPTYPE>E</COMPTYPE>
     <DEFFDNAME/>
     <GROUPNAME/>
     <REFTYPE/>
     <PROXYTYPE/>
     <LANGUFLAG/>
     <EXCLASS>0</EXCLASS>
     <LTRFLDDIS/>
     <BIDICTRLC/>
     <DBPOSITION>0000</DBPOSITION>
     <ANONYMOUS/>
     <OUTPUTSTYLE>00</OUTPUTSTYLE>
     <NOHISTORY/>
     <AMPMFORMAT/>
     <STREAMORLOC/>
     <STRORLOCPOS>00</STRORLOCPOS>
    </DD03P>
    <DD03P>
     <TABNAME>ZST_BM_ADDRESS</TABNAME>
     <FIELDNAME>DISTRICT</FIELDNAME>
     <DDLANGUAGE/>
     <POSITION>0007</POSITION>
     <KEYFLAG/>
     <MANDATORY/>
     <ROLLNAME>AD_CITY2</ROLLNAME>
     <CHECKTABLE/>
     <ADMINFIELD>0</ADMINFIELD>
     <INTTYPE/>
     <INTLEN>000000</INTLEN>
     <REFTABLE/>
     <PRECFIELD/>
     <REFFIELD/>
     <CONROUT/>
     <NOTNULL/>
     <DOMNAME/>
     <ROUTPUTLEN>000000</ROUTPUTLEN>
     <MEMORYID/>
     <LOGFLAG/>
     <HEADLEN>00</HEADLEN>
     <SCRLEN1>00</SCRLEN1>
     <SCRLEN2>00</SCRLEN2>
     <SCRLEN3>00</SCRLEN3>
     <DTELGLOBAL/>
     <DTELMASTER/>
     <RESERVEDTE/>
     <DATATYPE/>
     <LENG>000000</LENG>
     <OUTPUTLEN>000000</OUTPUTLEN>
     <DECIMALS>000000</DECIMALS>
     <LOWERCASE/>
     <SIGNFLAG/>
     <LANGFLAG/>
     <VALEXI/>
     <ENTITYTAB/>
     <CONVEXIT/>
     <MASK/>
     <MASKLEN>0000</MASKLEN>
     <ACTFLAG/>
     <DDTEXT/>
     <REPTEXT/>
     <SCRTEXT_S/>
     <SCRTEXT_M/>
     <SCRTEXT_L/>
     <DOMMASTER/>
     <RESERVEDOM/>
     <DOMGLOBAL/>
     <DOMNAME3L/>
     <SHLPORIGIN>D</SHLPORIGIN>
     <SHLPNAME/>
     <SHLPFIELD/>
     <TABLETYPE/>
     <DEPTH>00</DEPTH>
     <COMPTYPE>E</COMPTYPE>
     <DEFFDNAME/>
     <GROUPNAME/>
     <REFTYPE/>
     <PROXYTYPE/>
     <LANGUFLAG/>
     <EXCLASS>0</EXCLASS>
     <LTRFLDDIS/>
     <BIDICTRLC/>
     <DBPOSITION>0000</DBPOSITION>
     <ANONYMOUS/>
     <OUTPUTSTYLE>00</OUTPUTSTYLE>
     <NOHISTORY/>
     <AMPMFORMAT/>
     <STREAMORLOC/>
     <STRORLOCPOS>00</STRORLOCPOS>
    </DD03P>
    <DD03P>
     <TABNAME>ZST_BM_ADDRESS</TABNAME>
     <FIELDNAME>STREET</FIELDNAME>
     <DDLANGUAGE/>
     <POSITION>0008</POSITION>
     <KEYFLAG/>
     <MANDATORY/>
     <ROLLNAME>AD_STREET</ROLLNAME>
     <CHECKTABLE/>
     <ADMINFIELD>0</ADMINFIELD>
     <INTTYPE/>
     <INTLEN>000000</INTLEN>
     <REFTABLE/>
     <PRECFIELD/>
     <REFFIELD/>
     <CONROUT/>
     <NOTNULL/>
     <DOMNAME/>
     <ROUTPUTLEN>000000</ROUTPUTLEN>
     <MEMORYID/>
     <LOGFLAG/>
     <HEADLEN>00</HEADLEN>
     <SCRLEN1>00</SCRLEN1>
     <SCRLEN2>00</SCRLEN2>
     <SCRLEN3>00</SCRLEN3>
     <DTELGLOBAL/>
     <DTELMASTER/>
     <RESERVEDTE/>
     <DATATYPE/>
     <LENG>000000</LENG>
     <OUTPUTLEN>000000</OUTPUTLEN>
     <DECIMALS>000000</DECIMALS>
     <LOWERCASE/>
     <SIGNFLAG/>
     <LANGFLAG/>
     <VALEXI/>
     <ENTITYTAB/>
     <CONVEXIT/>
     <MASK/>
     <MASKLEN>0000</MASKLEN>
     <ACTFLAG/>
     <DDTEXT/>
     <REPTEXT/>
     <SCRTEXT_S/>
     <SCRTEXT_M/>
     <SCRTEXT_L/>
     <DOMMASTER/>
     <RESERVEDOM/>
     <DOMGLOBAL/>
     <DOMNAME3L/>
     <SHLPORIGIN>D</SHLPORIGIN>
     <SHLPNAME/>
     <SHLPFIELD/>
     <TABLETYPE/>
     <DEPTH>00</DEPTH>
     <COMPTYPE>E</COMPTYPE>
     <DEFFDNAME/>
     <GROUPNAME/>
     <REFTYPE/>
     <PROXYTYPE/>
     <LANGUFLAG/>
     <EXCLASS>0</EXCLASS>
     <LTRFLDDIS/>
     <BIDICTRLC/>
     <DBPOSITION>0000</DBPOSITION>
     <ANONYMOUS/>
     <OUTPUTSTYLE>00</OUTPUTSTYLE>
     <NOHISTORY/>
     <AMPMFORMAT/>
     <STREAMORLOC/>
     <STRORLOCPOS>00</STRORLOCPOS>
    </DD03P>
    <DD03P>
     <TABNAME>ZST_BM_ADDRESS</TABNAME>
     <FIELDNAME>ADDRESS</FIELDNAME>
     <DDLANGUAGE/>
     <POSITION>0009</POSITION>
     <KEYFLAG/>
     <MANDATORY/>
     <ROLLNAME>TEXT200</ROLLNAME>
     <CHECKTABLE/>
     <ADMINFIELD>0</ADMINFIELD>
     <INTTYPE/>
     <INTLEN>000000</INTLEN>
     <REFTABLE/>
     <PRECFIELD/>
     <REFFIELD/>
     <CONROUT/>
     <NOTNULL/>
     <DOMNAME/>
     <ROUTPUTLEN>000000</ROUTPUTLEN>
     <MEMORYID/>
     <LOGFLAG/>
     <HEADLEN>00</HEADLEN>
     <SCRLEN1>00</SCRLEN1>
     <SCRLEN2>00</SCRLEN2>
     <SCRLEN3>00</SCRLEN3>
     <DTELGLOBAL/>
     <DTELMASTER/>
     <RESERVEDTE/>
     <DATATYPE/>
     <LENG>000000</LENG>
     <OUTPUTLEN>000000</OUTPUTLEN>
     <DECIMALS>000000</DECIMALS>
     <LOWERCASE/>
     <SIGNFLAG/>
     <LANGFLAG/>
     <VALEXI/>
     <ENTITYTAB/>
     <CONVEXIT/>
     <MASK/>
     <MASKLEN>0000</MASKLEN>
     <ACTFLAG/>
     <DDTEXT/>
     <REPTEXT/>
     <SCRTEXT_S/>
     <SCRTEXT_M/>
     <SCRTEXT_L/>
     <DOMMASTER/>
     <RESERVEDOM/>
     <DOMGLOBAL/>
     <DOMNAME3L/>
     <SHLPORIGIN/>
     <SHLPNAME/>
     <SHLPFIELD/>
     <TABLETYPE/>
     <DEPTH>00</DEPTH>
     <COMPTYPE>E</COMPTYPE>
     <DEFFDNAME/>
     <GROUPNAME/>
     <REFTYPE/>
     <PROXYTYPE/>
     <LANGUFLAG/>
     <EXCLASS>0</EXCLASS>
     <LTRFLDDIS/>
     <BIDICTRLC/>
     <DBPOSITION>0000</DBPOSITION>
     <ANONYMOUS/>
     <OUTPUTSTYLE>00</OUTPUTSTYLE>
     <NOHISTORY/>
     <AMPMFORMAT/>
     <STREAMORLOC/>
     <STRORLOCPOS>00</STRORLOCPOS>
    </DD03P>
    <DD03P>
     <TABNAME>ZST_BM_ADDRESS</TABNAME>
     <FIELDNAME>SHORTA</FIELDNAME>
     <DDLANGUAGE/>
     <POSITION>0010</POSITION>
     <KEYFLAG/>
     <MANDATORY/>
     <ROLLNAME>ZDD_SHORTA</ROLLNAME>
     <CHECKTABLE/>
     <ADMINFIELD>0</ADMINFIELD>
     <INTTYPE/>
     <INTLEN>000000</INTLEN>
     <REFTABLE/>
     <PRECFIELD/>
     <REFFIELD/>
     <CONROUT/>
     <NOTNULL/>
     <DOMNAME/>
     <ROUTPUTLEN>000000</ROUTPUTLEN>
     <MEMORYID/>
     <LOGFLAG/>
     <HEADLEN>00</HEADLEN>
     <SCRLEN1>00</SCRLEN1>
     <SCRLEN2>00</SCRLEN2>
     <SCRLEN3>00</SCRLEN3>
     <DTELGLOBAL/>
     <DTELMASTER/>
     <RESERVEDTE/>
     <DATATYPE/>
     <LENG>000000</LENG>
     <OUTPUTLEN>000000</OUTPUTLEN>
     <DECIMALS>000000</DECIMALS>
     <LOWERCASE/>
     <SIGNFLAG/>
     <LANGFLAG/>
     <VALEXI>X</VALEXI>
     <ENTITYTAB/>
     <CONVEXIT/>
     <MASK/>
     <MASKLEN>0000</MASKLEN>
     <ACTFLAG/>
     <DDTEXT/>
     <REPTEXT/>
     <SCRTEXT_S/>
     <SCRTEXT_M/>
     <SCRTEXT_L/>
     <DOMMASTER/>
     <RESERVEDOM/>
     <DOMGLOBAL/>
     <DOMNAME3L/>
     <SHLPORIGIN>F</SHLPORIGIN>
     <SHLPNAME/>
     <SHLPFIELD/>
     <TABLETYPE/>
     <DEPTH>00</DEPTH>
     <COMPTYPE>E</COMPTYPE>
     <DEFFDNAME/>
     <GROUPNAME/>
     <REFTYPE/>
     <PROXYTYPE/>
     <LANGUFLAG/>
     <EXCLASS>0</EXCLASS>
     <LTRFLDDIS/>
     <BIDICTRLC/>
     <DBPOSITION>0000</DBPOSITION>
     <ANONYMOUS/>
     <OUTPUTSTYLE>00</OUTPUTSTYLE>
     <NOHISTORY/>
     <AMPMFORMAT/>
     <STREAMORLOC/>
     <STRORLOCPOS>00</STRORLOCPOS>
    </DD03P>
    <DD03P>
     <TABNAME>ZST_BM_ADDRESS</TABNAME>
     <FIELDNAME>DELPREF</FIELDNAME>
     <DDLANGUAGE/>
     <POSITION>0011</POSITION>
     <KEYFLAG/>
     <MANDATORY/>
     <ROLLNAME>XMARK</ROLLNAME>
     <CHECKTABLE/>
     <ADMINFIELD>0</ADMINFIELD>
     <INTTYPE/>
     <INTLEN>000000</INTLEN>
     <REFTABLE/>
     <PRECFIELD/>
     <REFFIELD/>
     <CONROUT/>
     <NOTNULL/>
     <DOMNAME/>
     <ROUTPUTLEN>000000</ROUTPUTLEN>
     <MEMORYID/>
     <LOGFLAG/>
     <HEADLEN>00</HEADLEN>
     <SCRLEN1>00</SCRLEN1>
     <SCRLEN2>00</SCRLEN2>
     <SCRLEN3>00</SCRLEN3>
     <DTELGLOBAL/>
     <DTELMASTER/>
     <RESERVEDTE/>
     <DATATYPE/>
     <LENG>000000</LENG>
     <OUTPUTLEN>000000</OUTPUTLEN>
     <DECIMALS>000000</DECIMALS>
     <LOWERCASE/>
     <SIGNFLAG/>
     <LANGFLAG/>
     <VALEXI>X</VALEXI>
     <ENTITYTAB/>
     <CONVEXIT/>
     <MASK/>
     <MASKLEN>0000</MASKLEN>
     <ACTFLAG/>
     <DDTEXT/>
     <REPTEXT/>
     <SCRTEXT_S/>
     <SCRTEXT_M/>
     <SCRTEXT_L/>
     <DOMMASTER/>
     <RESERVEDOM/>
     <DOMGLOBAL/>
     <DOMNAME3L/>
     <SHLPORIGIN>F</SHLPORIGIN>
     <SHLPNAME/>
     <SHLPFIELD/>
     <TABLETYPE/>
     <DEPTH>00</DEPTH>
     <COMPTYPE>E</COMPTYPE>
     <DEFFDNAME/>
     <GROUPNAME/>
     <REFTYPE/>
     <PROXYTYPE/>
     <LANGUFLAG/>
     <EXCLASS>0</EXCLASS>
     <LTRFLDDIS/>
     <BIDICTRLC/>
     <DBPOSITION>0000</DBPOSITION>
     <ANONYMOUS/>
     <OUTPUTSTYLE>00</OUTPUTSTYLE>
     <NOHISTORY/>
     <AMPMFORMAT/>
     <STREAMORLOC/>
     <STRORLOCPOS>00</STRORLOCPOS>
    </DD03P>
   </DD03P_TABLE>
   <DD05M_TABLE>
    <DD05M>
     <TABNAME>ZST_BM_ADDRESS</TABNAME>
     <FIELDNAME>REGION</FIELDNAME>
     <FORTABLE>SYST</FORTABLE>
     <FORKEY>MANDT</FORKEY>
     <CHECKTABLE>T005S</CHECKTABLE>
     <CHECKFIELD>MANDT</CHECKFIELD>
     <PRIMPOS>0001</PRIMPOS>
     <DOMNAME>MANDT</DOMNAME>
     <DATATYPE>CLNT</DATATYPE>
     <LENG>000003</LENG>
     <FORSTRING/>
    </DD05M>
    <DD05M>
     <TABNAME>ZST_BM_ADDRESS</TABNAME>
     <FIELDNAME>REGION</FIELDNAME>
     <FORTABLE>*</FORTABLE>
     <FORKEY/>
     <CHECKTABLE>T005S</CHECKTABLE>
     <CHECKFIELD>LAND1</CHECKFIELD>
     <PRIMPOS>0002</PRIMPOS>
     <DOMNAME>LAND1</DOMNAME>
     <DATATYPE>CHAR</DATATYPE>
     <LENG>000003</LENG>
     <FORSTRING/>
    </DD05M>
    <DD05M>
     <TABNAME>ZST_BM_ADDRESS</TABNAME>
     <FIELDNAME>REGION</FIELDNAME>
     <FORTABLE>ZST_BM_ADDRESS</FORTABLE>
     <FORKEY>REGION</FORKEY>
     <CHECKTABLE>T005S</CHECKTABLE>
     <CHECKFIELD>BLAND</CHECKFIELD>
     <PRIMPOS>0003</PRIMPOS>
     <DOMNAME>REGIO</DOMNAME>
     <DATATYPE>CHAR</DATATYPE>
     <LENG>000003</LENG>
     <FORSTRING/>
    </DD05M>
   </DD05M_TABLE>
   <DD08V_TABLE>
    <DD08V>
     <TABNAME>ZST_BM_ADDRESS</TABNAME>
     <FIELDNAME>REGION</FIELDNAME>
     <DDLANGUAGE>E</DDLANGUAGE>
     <CHECKTABLE>T005S</CHECKTABLE>
     <FRKART>REF</FRKART>
     <CLASFIELD>*</CLASFIELD>
     <CLASVALUE/>
     <CARD>CN</CARD>
     <CHECKFLAG>X</CHECKFLAG>
     <DDTEXT/>
     <ARBGB/>
     <MSGNR/>
     <NOINHERIT/>
     <CARDLEFT>C</CARDLEFT>
    </DD08V>
   </DD08V_TABLE>
   <DD12V/>
   <DD17V/>
   <DD35V_TALE/>
   <DD36M/>
  </asx:values>
 </asx:abap>
</abapGit>
