﻿<?xml version="1.0" encoding="utf-8"?>
<abapGit version="v1.0.0" serializer="LCL_OBJECT_DTEL" serializer_version="v1.0.0">
 <asx:abap xmlns:asx="http://www.sap.com/abapxml" version="1.0">
  <asx:values>
   <DD04V>
    <ROLLNAME>ZSTRING</ROLLNAME>
    <DDLANGUAGE>E</DDLANGUAGE>
    <DOMNAME/>
    <ROUTPUTLEN>000000</ROUTPUTLEN>
    <MEMORYID/>
    <LOGFLAG/>
    <HEADLEN>00</HEADLEN>
    <SCRLEN1>00</SCRLEN1>
    <SCRLEN2>00</SCRLEN2>
    <SCRLEN3>00</SCRLEN3>
    <DDTEXT>a</DDTEXT>
    <REPTEXT/>
    <SCRTEXT_S/>
    <SCRTEXT_M/>
    <SCRTEXT_L/>
    <ACTFLAG/>
    <APPLCLASS/>
    <AUTHCLASS>00</AUTHCLASS>
    <AS4USER/>
    <AS4DATE>0000-00-00</AS4DATE>
    <AS4TIME>00:00:00</AS4TIME>
    <DTELMASTER>E</DTELMASTER>
    <RESERVEDTE/>
    <DTELGLOBAL/>
    <SHLPNAME/>
    <SHLPFIELD/>
    <DEFFDNAME/>
    <DATATYPE>STRG</DATATYPE>
    <LENG>000000</LENG>
    <DECIMALS>000000</DECIMALS>
    <OUTPUTLEN>000000</OUTPUTLEN>
    <LOWERCASE/>
    <SIGNFLAG/>
    <CONVEXIT/>
    <VALEXI/>
    <ENTITYTAB/>
    <REFKIND/>
    <REFTYPE/>
    <PROXYTYPE/>
    <LTRFLDDIS/>
    <BIDICTRLC/>
    <NOHISTORY/>
   </DD04V>
   <TPARA>
    <PARAMID/>
    <PARTEXT/>
   </TPARA>
   <I18N_LANGS>
    <LANGU>F</LANGU>
   </I18N_LANGS>
   <DD04_TEXTS>
    <item>
     <DDLANGUAGE>F</DDLANGUAGE>
     <DDTEXT>String</DDTEXT>
     <REPTEXT/>
     <SCRTEXT_S/>
     <SCRTEXT_M/>
     <SCRTEXT_L/>
    </item>
   </DD04_TEXTS>
  </asx:values>
 </asx:abap>
</abapGit>
