﻿<?xml version="1.0" encoding="utf-8"?>
<abapGit version="v1.0.0" serializer="LCL_OBJECT_TABL" serializer_version="v1.0.0">
 <asx:abap xmlns:asx="http://www.sap.com/abapxml" version="1.0">
  <asx:values>
   <DD02V>
    <TABNAME>ZTB_PROG_SCR</TABNAME>
    <DDLANGUAGE>E</DDLANGUAGE>
    <TABCLASS>TRANSP</TABCLASS>
    <SQLTAB/>
    <DATMIN>0000000000</DATMIN>
    <DATMAX>0000000000</DATMAX>
    <DATAVG>0000000000</DATAVG>
    <CLIDEP>X</CLIDEP>
    <BUFFERED/>
    <COMPRFLAG/>
    <LANGDEP/>
    <DDTEXT>Programs screen</DDTEXT>
    <ACTFLAG/>
    <APPLCLASS/>
    <AUTHCLASS>00</AUTHCLASS>
    <AS4USER/>
    <AS4DATE>0000-00-00</AS4DATE>
    <AS4TIME>00:00:00</AS4TIME>
    <MASTERLANG/>
    <MAINFLAG>X</MAINFLAG>
    <CONTFLAG>C</CONTFLAG>
    <RESERVETAB/>
    <GLOBALFLAG/>
    <PROZPUFF>000</PROZPUFF>
    <VIEWCLASS/>
    <VIEWGRANT/>
    <MULTIPLEX/>
    <SHLPEXI/>
    <PROXYTYPE/>
    <EXCLASS>1</EXCLASS>
    <WRONGCL/>
   </DD02V>
   <DD09L>
    <TABNAME>ZTB_PROG_SCR</TABNAME>
    <AS4LOCAL>A</AS4LOCAL>
    <AS4VERS>0000</AS4VERS>
    <TABKAT>0</TABKAT>
    <TABART>APPL0</TABART>
    <PUFFERUNG/>
    <SCHFELDANZ>000</SCHFELDANZ>
    <PROTOKOLL/>
    <SPEICHPUFF/>
    <AS4USER/>
    <AS4DATE>0000-00-00</AS4DATE>
    <AS4TIME>00:00:00</AS4TIME>
    <TRANSPFLAG/>
    <RESERVE/>
    <UEBERSETZ/>
    <ACTFLAG/>
    <BUFALLOW>N</BUFALLOW>
    <JAVAONLY/>
   </DD09L>
   <DD03P_TABLE>
    <DD03P>
     <TABNAME>ZTB_PROG_SCR</TABNAME>
     <FIELDNAME>MANDT</FIELDNAME>
     <DDLANGUAGE/>
     <POSITION>0001</POSITION>
     <KEYFLAG>X</KEYFLAG>
     <MANDATORY/>
     <ROLLNAME>MANDT</ROLLNAME>
     <CHECKTABLE/>
     <ADMINFIELD>0</ADMINFIELD>
     <INTTYPE/>
     <INTLEN>000000</INTLEN>
     <REFTABLE/>
     <PRECFIELD/>
     <REFFIELD/>
     <CONROUT/>
     <NOTNULL>X</NOTNULL>
     <DOMNAME/>
     <ROUTPUTLEN>000000</ROUTPUTLEN>
     <MEMORYID/>
     <LOGFLAG/>
     <HEADLEN>00</HEADLEN>
     <SCRLEN1>00</SCRLEN1>
     <SCRLEN2>00</SCRLEN2>
     <SCRLEN3>00</SCRLEN3>
     <DTELGLOBAL/>
     <DTELMASTER/>
     <RESERVEDTE/>
     <DATATYPE/>
     <LENG>000000</LENG>
     <OUTPUTLEN>000000</OUTPUTLEN>
     <DECIMALS>000000</DECIMALS>
     <LOWERCASE/>
     <SIGNFLAG/>
     <LANGFLAG/>
     <VALEXI/>
     <ENTITYTAB/>
     <CONVEXIT/>
     <MASK/>
     <MASKLEN>0000</MASKLEN>
     <ACTFLAG/>
     <DDTEXT/>
     <REPTEXT/>
     <SCRTEXT_S/>
     <SCRTEXT_M/>
     <SCRTEXT_L/>
     <DOMMASTER/>
     <RESERVEDOM/>
     <DOMGLOBAL/>
     <DOMNAME3L/>
     <SHLPORIGIN/>
     <SHLPNAME/>
     <SHLPFIELD/>
     <TABLETYPE/>
     <DEPTH>00</DEPTH>
     <COMPTYPE>E</COMPTYPE>
     <DEFFDNAME/>
     <GROUPNAME/>
     <REFTYPE/>
     <PROXYTYPE/>
     <LANGUFLAG/>
     <EXCLASS>0</EXCLASS>
     <LTRFLDDIS/>
     <BIDICTRLC/>
     <DBPOSITION>0000</DBPOSITION>
     <ANONYMOUS/>
     <OUTPUTSTYLE>00</OUTPUTSTYLE>
     <NOHISTORY/>
     <AMPMFORMAT/>
     <STREAMORLOC/>
     <STRORLOCPOS>00</STRORLOCPOS>
    </DD03P>
    <DD03P>
     <TABNAME>ZTB_PROG_SCR</TABNAME>
     <FIELDNAME>REPID</FIELDNAME>
     <DDLANGUAGE/>
     <POSITION>0002</POSITION>
     <KEYFLAG>X</KEYFLAG>
     <MANDATORY/>
     <ROLLNAME>SYREPID</ROLLNAME>
     <CHECKTABLE/>
     <ADMINFIELD>0</ADMINFIELD>
     <INTTYPE/>
     <INTLEN>000000</INTLEN>
     <REFTABLE/>
     <PRECFIELD/>
     <REFFIELD/>
     <CONROUT/>
     <NOTNULL>X</NOTNULL>
     <DOMNAME/>
     <ROUTPUTLEN>000000</ROUTPUTLEN>
     <MEMORYID/>
     <LOGFLAG/>
     <HEADLEN>00</HEADLEN>
     <SCRLEN1>00</SCRLEN1>
     <SCRLEN2>00</SCRLEN2>
     <SCRLEN3>00</SCRLEN3>
     <DTELGLOBAL/>
     <DTELMASTER/>
     <RESERVEDTE/>
     <DATATYPE/>
     <LENG>000000</LENG>
     <OUTPUTLEN>000000</OUTPUTLEN>
     <DECIMALS>000000</DECIMALS>
     <LOWERCASE/>
     <SIGNFLAG/>
     <LANGFLAG/>
     <VALEXI/>
     <ENTITYTAB/>
     <CONVEXIT/>
     <MASK/>
     <MASKLEN>0000</MASKLEN>
     <ACTFLAG/>
     <DDTEXT/>
     <REPTEXT/>
     <SCRTEXT_S/>
     <SCRTEXT_M/>
     <SCRTEXT_L/>
     <DOMMASTER/>
     <RESERVEDOM/>
     <DOMGLOBAL/>
     <DOMNAME3L/>
     <SHLPORIGIN/>
     <SHLPNAME/>
     <SHLPFIELD/>
     <TABLETYPE/>
     <DEPTH>00</DEPTH>
     <COMPTYPE>E</COMPTYPE>
     <DEFFDNAME/>
     <GROUPNAME/>
     <REFTYPE/>
     <PROXYTYPE/>
     <LANGUFLAG/>
     <EXCLASS>0</EXCLASS>
     <LTRFLDDIS/>
     <BIDICTRLC/>
     <DBPOSITION>0000</DBPOSITION>
     <ANONYMOUS/>
     <OUTPUTSTYLE>00</OUTPUTSTYLE>
     <NOHISTORY/>
     <AMPMFORMAT/>
     <STREAMORLOC/>
     <STRORLOCPOS>00</STRORLOCPOS>
    </DD03P>
    <DD03P>
     <TABNAME>ZTB_PROG_SCR</TABNAME>
     <FIELDNAME>DYNNR</FIELDNAME>
     <DDLANGUAGE/>
     <POSITION>0003</POSITION>
     <KEYFLAG>X</KEYFLAG>
     <MANDATORY/>
     <ROLLNAME>DYNNR</ROLLNAME>
     <CHECKTABLE/>
     <ADMINFIELD>0</ADMINFIELD>
     <INTTYPE/>
     <INTLEN>000000</INTLEN>
     <REFTABLE/>
     <PRECFIELD/>
     <REFFIELD/>
     <CONROUT/>
     <NOTNULL>X</NOTNULL>
     <DOMNAME/>
     <ROUTPUTLEN>000000</ROUTPUTLEN>
     <MEMORYID/>
     <LOGFLAG/>
     <HEADLEN>00</HEADLEN>
     <SCRLEN1>00</SCRLEN1>
     <SCRLEN2>00</SCRLEN2>
     <SCRLEN3>00</SCRLEN3>
     <DTELGLOBAL/>
     <DTELMASTER/>
     <RESERVEDTE/>
     <DATATYPE/>
     <LENG>000000</LENG>
     <OUTPUTLEN>000000</OUTPUTLEN>
     <DECIMALS>000000</DECIMALS>
     <LOWERCASE/>
     <SIGNFLAG/>
     <LANGFLAG/>
     <VALEXI/>
     <ENTITYTAB/>
     <CONVEXIT/>
     <MASK/>
     <MASKLEN>0000</MASKLEN>
     <ACTFLAG/>
     <DDTEXT/>
     <REPTEXT/>
     <SCRTEXT_S/>
     <SCRTEXT_M/>
     <SCRTEXT_L/>
     <DOMMASTER/>
     <RESERVEDOM/>
     <DOMGLOBAL/>
     <DOMNAME3L/>
     <SHLPORIGIN/>
     <SHLPNAME/>
     <SHLPFIELD/>
     <TABLETYPE/>
     <DEPTH>00</DEPTH>
     <COMPTYPE>E</COMPTYPE>
     <DEFFDNAME/>
     <GROUPNAME/>
     <REFTYPE/>
     <PROXYTYPE/>
     <LANGUFLAG/>
     <EXCLASS>0</EXCLASS>
     <LTRFLDDIS/>
     <BIDICTRLC/>
     <DBPOSITION>0000</DBPOSITION>
     <ANONYMOUS/>
     <OUTPUTSTYLE>00</OUTPUTSTYLE>
     <NOHISTORY/>
     <AMPMFORMAT/>
     <STREAMORLOC/>
     <STRORLOCPOS>00</STRORLOCPOS>
    </DD03P>
    <DD03P>
     <TABNAME>ZTB_PROG_SCR</TABNAME>
     <FIELDNAME>PRESUB</FIELDNAME>
     <DDLANGUAGE/>
     <POSITION>0004</POSITION>
     <KEYFLAG/>
     <MANDATORY/>
     <ROLLNAME>ZDD_PROG_PRESUB</ROLLNAME>
     <CHECKTABLE/>
     <ADMINFIELD>0</ADMINFIELD>
     <INTTYPE/>
     <INTLEN>000000</INTLEN>
     <REFTABLE/>
     <PRECFIELD/>
     <REFFIELD/>
     <CONROUT/>
     <NOTNULL/>
     <DOMNAME/>
     <ROUTPUTLEN>000000</ROUTPUTLEN>
     <MEMORYID/>
     <LOGFLAG/>
     <HEADLEN>00</HEADLEN>
     <SCRLEN1>00</SCRLEN1>
     <SCRLEN2>00</SCRLEN2>
     <SCRLEN3>00</SCRLEN3>
     <DTELGLOBAL/>
     <DTELMASTER/>
     <RESERVEDTE/>
     <DATATYPE/>
     <LENG>000000</LENG>
     <OUTPUTLEN>000000</OUTPUTLEN>
     <DECIMALS>000000</DECIMALS>
     <LOWERCASE/>
     <SIGNFLAG/>
     <LANGFLAG/>
     <VALEXI/>
     <ENTITYTAB/>
     <CONVEXIT/>
     <MASK/>
     <MASKLEN>0000</MASKLEN>
     <ACTFLAG/>
     <DDTEXT/>
     <REPTEXT/>
     <SCRTEXT_S/>
     <SCRTEXT_M/>
     <SCRTEXT_L/>
     <DOMMASTER/>
     <RESERVEDOM/>
     <DOMGLOBAL/>
     <DOMNAME3L/>
     <SHLPORIGIN/>
     <SHLPNAME/>
     <SHLPFIELD/>
     <TABLETYPE/>
     <DEPTH>00</DEPTH>
     <COMPTYPE>E</COMPTYPE>
     <DEFFDNAME/>
     <GROUPNAME/>
     <REFTYPE/>
     <PROXYTYPE/>
     <LANGUFLAG/>
     <EXCLASS>0</EXCLASS>
     <LTRFLDDIS/>
     <BIDICTRLC/>
     <DBPOSITION>0000</DBPOSITION>
     <ANONYMOUS/>
     <OUTPUTSTYLE>00</OUTPUTSTYLE>
     <NOHISTORY/>
     <AMPMFORMAT/>
     <STREAMORLOC/>
     <STRORLOCPOS>00</STRORLOCPOS>
    </DD03P>
   </DD03P_TABLE>
   <DD05M_TABLE/>
   <DD08V_TABLE/>
   <DD12V/>
   <DD17V/>
   <DD35V_TALE/>
   <DD36M/>
  </asx:values>
 </asx:abap>
</abapGit>
