﻿<?xml version="1.0" encoding="utf-8"?>
<abapGit version="v1.0.0" serializer="LCL_OBJECT_TRAN" serializer_version="v1.0.0">
 <asx:abap xmlns:asx="http://www.sap.com/abapxml" version="1.0">
  <asx:values>
   <TSTC>
    <TCODE>ZTC_PROG</TCODE>
    <PGMNA/>
    <DYPNO>0000</DYPNO>
    <MENUE/>
    <CINFO>Ag==</CINFO>
    <ARBGB/>
   </TSTC>
   <TSTCC>
    <TCODE>ZTC_PROG</TCODE>
    <S_WEBGUI>1</S_WEBGUI>
    <S_WIN32>X</S_WIN32>
    <S_PLATIN>X</S_PLATIN>
    <S_SERVICE/>
    <S_PERVAS/>
    <S_DUMMY/>
    <S_DUMMY1/>
    <S_DUMMY2/>
   </TSTCC>
   <TSTCT>
    <SPRSL>E</SPRSL>
    <TCODE>ZTC_PROG</TCODE>
    <TTEXT>Config program</TTEXT>
   </TSTCT>
   <TSTCP>
    <TCODE>ZTC_PROG</TCODE>
    <PARAM>/*SM34 VCLDIR-VCLNAME=zvi_prog_CONFIG;UPDATE=X;</PARAM>
   </TSTCP>
  </asx:values>
 </asx:abap>
</abapGit>
