﻿<?xml version="1.0" encoding="utf-8"?>
<abapGit version="v1.0.0" serializer="LCL_OBJECT_TRAN" serializer_version="v1.0.0">
 <asx:abap xmlns:asx="http://www.sap.com/abapxml" version="1.0">
  <asx:values>
   <TSTC>
    <TCODE>ZTC_SYS_01</TCODE>
    <PGMNA>ZPG_SYS_001</PGMNA>
    <DYPNO>1000</DYPNO>
    <MENUE/>
    <CINFO>gA==</CINFO>
    <ARBGB/>
   </TSTC>
   <TSTCC>
    <TCODE>ZTC_SYS_01</TCODE>
    <S_WEBGUI/>
    <S_WIN32/>
    <S_PLATIN/>
    <S_SERVICE/>
    <S_PERVAS/>
    <S_DUMMY/>
    <S_DUMMY1/>
    <S_DUMMY2/>
   </TSTCC>
   <TSTCT>
    <SPRSL>E</SPRSL>
    <TCODE>ZTC_SYS_01</TCODE>
    <TTEXT>Thống kê dữ liệu</TTEXT>
   </TSTCT>
  </asx:values>
 </asx:abap>
</abapGit>
