﻿<?xml version="1.0" encoding="utf-8"?>
<abapGit version="v1.0.0" serializer="LCL_OBJECT_TOBJ" serializer_version="v1.0.0">
 <asx:abap xmlns:asx="http://www.sap.com/abapxml" version="1.0">
  <asx:values>
   <OBJH>
    <OBJECTNAME>ZVC_SCR_LOG</OBJECTNAME>
    <OBJECTTYPE>C</OBJECTTYPE>
    <CLIDEP/>
    <LANGDEP/>
    <ALEDEP/>
    <OBJCATEG/>
    <TRCOMPLETE/>
    <TRDISJUNCT/>
    <PHASELEVEL>0</PHASELEVEL>
    <LOCKMETH/>
    <TADIRCMETH/>
    <CHECKID/>
    <OBJNAMELEN>00</OBJNAMELEN>
    <PROTECT/>
    <OBJTRANSP/>
    <LUSER/>
    <LDATE>0000-00-00</LDATE>
    <OBJNAMECLS/>
    <CURSETTING/>
    <OBJHASADDR/>
    <IMPORTABLE>3</IMPORTABLE>
    <OBJCHARSET/>
    <MCCATEGORY/>
    <MCDOCUID/>
   </OBJH>
   <OBJT>
    <LANGUAGE>E</LANGUAGE>
    <OBJECTNAME>ZVC_SCR_LOG</OBJECTNAME>
    <OBJECTTYPE>C</OBJECTTYPE>
    <DDTEXT>Screen Log</DDTEXT>
   </OBJT>
   <OBJS/>
   <OBJSL/>
   <OBJM/>
  </asx:values>
 </asx:abap>
</abapGit>
