﻿<?xml version="1.0" encoding="utf-8"?>
<abapGit version="v1.0.0" serializer="LCL_OBJECT_VCLS" serializer_version="v1.0.0">
 <asx:abap xmlns:asx="http://www.sap.com/abapxml" version="1.0">
  <asx:values>
   <VCLDIR>
    <VCLNAME>ZVC_SCR_LOG</VCLNAME>
    <CHANGEDATE>2017-03-17</CHANGEDATE>
    <AUTHOR/>
    <EXITPROG/>
    <HIEROPSOFF/>
    <READKIND/>
    <TEXT>Screen Log</TEXT>
    <BASEVCL/>
   </VCLDIR>
   <VLCSTRUC_TAB>
    <V_VCLSTRUC>
     <VCLNAME>ZVC_SCR_LOG</VCLNAME>
     <OBJECT>ZVI_BM_SL_TRAN</OBJECT>
     <OBJECTTEXT>Transactions</OBJECTTEXT>
     <PREDOBJECT>ZVI_BM_SL_TRAN</PREDOBJECT>
     <DEPENDENCY>R</DEPENDENCY>
     <OBJPOS>01</OBJPOS>
     <OBJLEVEL>01</OBJLEVEL>
     <STARTOBJ>X</STARTOBJ>
     <SUPPRESS/>
     <CARDINAL/>
     <SWITCH_ID/>
    </V_VCLSTRUC>
    <V_VCLSTRUC>
     <VCLNAME>ZVC_SCR_LOG</VCLNAME>
     <OBJECT>ZVI_BM_SL_STEP</OBJECT>
     <OBJECTTEXT>Steps</OBJECTTEXT>
     <PREDOBJECT>ZVI_BM_SL_TRAN</PREDOBJECT>
     <DEPENDENCY>S</DEPENDENCY>
     <OBJPOS>02</OBJPOS>
     <OBJLEVEL>02</OBJLEVEL>
     <STARTOBJ/>
     <SUPPRESS/>
     <CARDINAL/>
     <SWITCH_ID/>
    </V_VCLSTRUC>
    <V_VCLSTRUC>
     <VCLNAME>ZVC_SCR_LOG</VCLNAME>
     <OBJECT>ZVI_BM_SL_SCRVL</OBJECT>
     <OBJECTTEXT>Screen values</OBJECTTEXT>
     <PREDOBJECT>ZVI_BM_SL_STEP</PREDOBJECT>
     <DEPENDENCY>S</DEPENDENCY>
     <OBJPOS>03</OBJPOS>
     <OBJLEVEL>03</OBJLEVEL>
     <STARTOBJ/>
     <SUPPRESS/>
     <CARDINAL/>
     <SWITCH_ID/>
    </V_VCLSTRUC>
   </VLCSTRUC_TAB>
   <VCLSTRUDEP_TAB>
    <V_VCLSTDEP>
     <VCLNAME>ZVC_SCR_LOG</VCLNAME>
     <OBJECT>ZVI_BM_SL_SCRVL</OBJECT>
     <OBJFIELD>MANDT</OBJFIELD>
     <PREDOBJECT>ZVI_BM_SL_STEP</PREDOBJECT>
     <PREDFIELD>MANDT</PREDFIELD>
     <NOKEYFIELD/>
    </V_VCLSTDEP>
    <V_VCLSTDEP>
     <VCLNAME>ZVC_SCR_LOG</VCLNAME>
     <OBJECT>ZVI_BM_SL_SCRVL</OBJECT>
     <OBJFIELD>STEPTM</OBJFIELD>
     <PREDOBJECT>ZVI_BM_SL_STEP</PREDOBJECT>
     <PREDFIELD>STEPTM</PREDFIELD>
     <NOKEYFIELD/>
    </V_VCLSTDEP>
    <V_VCLSTDEP>
     <VCLNAME>ZVC_SCR_LOG</VCLNAME>
     <OBJECT>ZVI_BM_SL_SCRVL</OBJECT>
     <OBJFIELD>TRANID</OBJFIELD>
     <PREDOBJECT>ZVI_BM_SL_STEP</PREDOBJECT>
     <PREDFIELD>TRANID</PREDFIELD>
     <NOKEYFIELD/>
    </V_VCLSTDEP>
    <V_VCLSTDEP>
     <VCLNAME>ZVC_SCR_LOG</VCLNAME>
     <OBJECT>ZVI_BM_SL_STEP</OBJECT>
     <OBJFIELD>MANDT</OBJFIELD>
     <PREDOBJECT>ZVI_BM_SL_TRAN</PREDOBJECT>
     <PREDFIELD>MANDT</PREDFIELD>
     <NOKEYFIELD/>
    </V_VCLSTDEP>
    <V_VCLSTDEP>
     <VCLNAME>ZVC_SCR_LOG</VCLNAME>
     <OBJECT>ZVI_BM_SL_STEP</OBJECT>
     <OBJFIELD>REPID</OBJFIELD>
     <PREDOBJECT>ZVI_BM_SL_TRAN</PREDOBJECT>
     <PREDFIELD>REPID</PREDFIELD>
     <NOKEYFIELD/>
    </V_VCLSTDEP>
    <V_VCLSTDEP>
     <VCLNAME>ZVC_SCR_LOG</VCLNAME>
     <OBJECT>ZVI_BM_SL_STEP</OBJECT>
     <OBJFIELD>TDATE</OBJFIELD>
     <PREDOBJECT>ZVI_BM_SL_TRAN</PREDOBJECT>
     <PREDFIELD>TDATE</PREDFIELD>
     <NOKEYFIELD/>
    </V_VCLSTDEP>
    <V_VCLSTDEP>
     <VCLNAME>ZVC_SCR_LOG</VCLNAME>
     <OBJECT>ZVI_BM_SL_STEP</OBJECT>
     <OBJFIELD>TIMEFR</OBJFIELD>
     <PREDOBJECT>ZVI_BM_SL_TRAN</PREDOBJECT>
     <PREDFIELD>TIMEFR</PREDFIELD>
     <NOKEYFIELD/>
    </V_VCLSTDEP>
    <V_VCLSTDEP>
     <VCLNAME>ZVC_SCR_LOG</VCLNAME>
     <OBJECT>ZVI_BM_SL_STEP</OBJECT>
     <OBJFIELD>TIMETO</OBJFIELD>
     <PREDOBJECT>ZVI_BM_SL_TRAN</PREDOBJECT>
     <PREDFIELD>TIMETO</PREDFIELD>
     <NOKEYFIELD/>
    </V_VCLSTDEP>
    <V_VCLSTDEP>
     <VCLNAME>ZVC_SCR_LOG</VCLNAME>
     <OBJECT>ZVI_BM_SL_STEP</OBJECT>
     <OBJFIELD>TRANID</OBJFIELD>
     <PREDOBJECT>ZVI_BM_SL_TRAN</PREDOBJECT>
     <PREDFIELD>TRANID</PREDFIELD>
     <NOKEYFIELD/>
    </V_VCLSTDEP>
    <V_VCLSTDEP>
     <VCLNAME>ZVC_SCR_LOG</VCLNAME>
     <OBJECT>ZVI_BM_SL_STEP</OBJECT>
     <OBJFIELD>UNAME</OBJFIELD>
     <PREDOBJECT>ZVI_BM_SL_TRAN</PREDOBJECT>
     <PREDFIELD>UNAME</PREDFIELD>
     <NOKEYFIELD/>
    </V_VCLSTDEP>
    <V_VCLSTDEP>
     <VCLNAME>ZVC_SCR_LOG</VCLNAME>
     <OBJECT>ZVI_BM_SL_TRAN</OBJECT>
     <OBJFIELD/>
     <PREDOBJECT>ZVI_BM_SL_TRAN</PREDOBJECT>
     <PREDFIELD/>
     <NOKEYFIELD/>
    </V_VCLSTDEP>
   </VCLSTRUDEP_TAB>
   <VCLMF_TAB/>
  </asx:values>
 </asx:abap>
</abapGit>
