﻿<?xml version="1.0" encoding="utf-8"?>
<abapGit version="v1.0.0" serializer="LCL_OBJECT_VIEW" serializer_version="v1.0.0">
 <asx:abap xmlns:asx="http://www.sap.com/abapxml" version="1.0">
  <asx:values>
   <DD25V>
    <VIEWNAME>ZVI_ALV_LAYOUT</VIEWNAME>
    <AS4LOCAL>A</AS4LOCAL>
    <AS4VERS>0000</AS4VERS>
    <DDLANGUAGE>E</DDLANGUAGE>
    <AGGTYPE>V</AGGTYPE>
    <APPLCLASS/>
    <AUTHCLASS>00</AUTHCLASS>
    <READONLY/>
    <ROOTTAB>ZTB_BM_ALV_LAYO</ROOTTAB>
    <AS4USER/>
    <AS4DATE>0000-00-00</AS4DATE>
    <AS4TIME>00:00:00</AS4TIME>
    <DDTEXT>Config ALV layout</DDTEXT>
    <VIEWCLASS>C</VIEWCLASS>
    <ACTFLAG/>
    <MASTERLANG/>
    <CUSTOMAUTH>C</CUSTOMAUTH>
    <VIEWGRANT/>
    <GLOBALFLAG>X</GLOBALFLAG>
    <MANKEY/>
    <DBREFNAME/>
   </DD25V>
   <DD09L>
    <TABNAME/>
    <AS4LOCAL/>
    <AS4VERS>0000</AS4VERS>
    <TABKAT/>
    <TABART/>
    <PUFFERUNG/>
    <SCHFELDANZ>000</SCHFELDANZ>
    <PROTOKOLL/>
    <SPEICHPUFF/>
    <AS4USER/>
    <AS4DATE>0000-00-00</AS4DATE>
    <AS4TIME>00:00:00</AS4TIME>
    <TRANSPFLAG/>
    <RESERVE/>
    <UEBERSETZ/>
    <ACTFLAG/>
    <BUFALLOW/>
    <JAVAONLY/>
   </DD09L>
   <DD26V_TABLE>
    <DD26V>
     <DDLANGUAGE/>
     <VIEWNAME>ZVI_ALV_LAYOUT</VIEWNAME>
     <TABNAME>ZTB_BM_ALV_LAYO</TABNAME>
     <TABPOS>0001</TABPOS>
     <FORTABNAME>ZTB_BM_ALV_LAYO</FORTABNAME>
     <FORFIELD/>
     <FORDIR/>
    </DD26V>
   </DD26V_TABLE>
   <DD27P_TABLE>
    <DD27P>
     <VIEWNAME>ZVI_ALV_LAYOUT</VIEWNAME>
     <OBJPOS>0001</OBJPOS>
     <DDLANGUAGE>E</DDLANGUAGE>
     <VIEWFIELD>MANDT</VIEWFIELD>
     <TABNAME>ZTB_BM_ALV_LAYO</TABNAME>
     <FIELDNAME>MANDT</FIELDNAME>
     <KEYFLAG>X</KEYFLAG>
     <MCFIELDID/>
     <EFORM/>
     <ROLLNAME>MANDT</ROLLNAME>
     <ROLLNAMEVI>MANDT</ROLLNAMEVI>
     <ROLLCHANGE/>
     <ENQMODE/>
     <RDONLY>S</RDONLY>
     <MEMORYID/>
     <DOMNAME/>
     <DATATYPE/>
     <FLENGTH>000000</FLENGTH>
     <CHECKTABLE/>
     <SHLPORIGIN/>
     <SHLPNAME/>
     <SHLPFIELD/>
     <REFTABLE/>
     <REFFIELD/>
     <ENTITYTAB/>
     <INTTYPE/>
     <INTLEN>000000</INTLEN>
     <LOGFLAG/>
     <HEADLEN>00</HEADLEN>
     <SCRLEN1>00</SCRLEN1>
     <SCRLEN2>00</SCRLEN2>
     <SCRLEN3>00</SCRLEN3>
     <OUTPUTLEN>000000</OUTPUTLEN>
     <DECIMALS>000000</DECIMALS>
     <LOWERCASE/>
     <SIGNFLAG/>
     <VALEXI/>
     <CONVEXIT/>
     <DDTEXT/>
     <REPTEXT/>
     <SCRTEXT_S/>
     <SCRTEXT_M/>
     <SCRTEXT_L/>
     <PROXYTYPE/>
     <LTRFLDDIS/>
     <BIDICTRLC/>
     <OUTPUTSTYLE>00</OUTPUTSTYLE>
     <NOHISTORY/>
     <AMPMFORMAT/>
    </DD27P>
    <DD27P>
     <VIEWNAME>ZVI_ALV_LAYOUT</VIEWNAME>
     <OBJPOS>0002</OBJPOS>
     <DDLANGUAGE>E</DDLANGUAGE>
     <VIEWFIELD>REPORT</VIEWFIELD>
     <TABNAME>ZTB_BM_ALV_LAYO</TABNAME>
     <FIELDNAME>REPORT</FIELDNAME>
     <KEYFLAG>X</KEYFLAG>
     <MCFIELDID/>
     <EFORM/>
     <ROLLNAME>SYREPID</ROLLNAME>
     <ROLLNAMEVI>SYREPID</ROLLNAMEVI>
     <ROLLCHANGE/>
     <ENQMODE/>
     <RDONLY>S</RDONLY>
     <MEMORYID/>
     <DOMNAME/>
     <DATATYPE/>
     <FLENGTH>000000</FLENGTH>
     <CHECKTABLE>ZTB_PROG</CHECKTABLE>
     <SHLPORIGIN>P</SHLPORIGIN>
     <SHLPNAME/>
     <SHLPFIELD/>
     <REFTABLE/>
     <REFFIELD/>
     <ENTITYTAB/>
     <INTTYPE/>
     <INTLEN>000000</INTLEN>
     <LOGFLAG/>
     <HEADLEN>00</HEADLEN>
     <SCRLEN1>00</SCRLEN1>
     <SCRLEN2>00</SCRLEN2>
     <SCRLEN3>00</SCRLEN3>
     <OUTPUTLEN>000000</OUTPUTLEN>
     <DECIMALS>000000</DECIMALS>
     <LOWERCASE/>
     <SIGNFLAG/>
     <VALEXI/>
     <CONVEXIT/>
     <DDTEXT/>
     <REPTEXT/>
     <SCRTEXT_S/>
     <SCRTEXT_M/>
     <SCRTEXT_L/>
     <PROXYTYPE/>
     <LTRFLDDIS/>
     <BIDICTRLC/>
     <OUTPUTSTYLE>00</OUTPUTSTYLE>
     <NOHISTORY/>
     <AMPMFORMAT/>
    </DD27P>
    <DD27P>
     <VIEWNAME>ZVI_ALV_LAYOUT</VIEWNAME>
     <OBJPOS>0003</OBJPOS>
     <DDLANGUAGE>E</DDLANGUAGE>
     <VIEWFIELD>FNAME</VIEWFIELD>
     <TABNAME>ZTB_BM_ALV_LAYO</TABNAME>
     <FIELDNAME>FNAME</FIELDNAME>
     <KEYFLAG>X</KEYFLAG>
     <MCFIELDID/>
     <EFORM/>
     <ROLLNAME>FIELDNAME</ROLLNAME>
     <ROLLNAMEVI>FIELDNAME</ROLLNAMEVI>
     <ROLLCHANGE/>
     <ENQMODE/>
     <RDONLY/>
     <MEMORYID/>
     <DOMNAME/>
     <DATATYPE/>
     <FLENGTH>000000</FLENGTH>
     <CHECKTABLE/>
     <SHLPORIGIN/>
     <SHLPNAME/>
     <SHLPFIELD/>
     <REFTABLE/>
     <REFFIELD/>
     <ENTITYTAB/>
     <INTTYPE/>
     <INTLEN>000000</INTLEN>
     <LOGFLAG/>
     <HEADLEN>00</HEADLEN>
     <SCRLEN1>00</SCRLEN1>
     <SCRLEN2>00</SCRLEN2>
     <SCRLEN3>00</SCRLEN3>
     <OUTPUTLEN>000000</OUTPUTLEN>
     <DECIMALS>000000</DECIMALS>
     <LOWERCASE/>
     <SIGNFLAG/>
     <VALEXI/>
     <CONVEXIT/>
     <DDTEXT/>
     <REPTEXT/>
     <SCRTEXT_S/>
     <SCRTEXT_M/>
     <SCRTEXT_L/>
     <PROXYTYPE/>
     <LTRFLDDIS/>
     <BIDICTRLC/>
     <OUTPUTSTYLE>00</OUTPUTSTYLE>
     <NOHISTORY/>
     <AMPMFORMAT/>
    </DD27P>
    <DD27P>
     <VIEWNAME>ZVI_ALV_LAYOUT</VIEWNAME>
     <OBJPOS>0004</OBJPOS>
     <DDLANGUAGE>E</DDLANGUAGE>
     <VIEWFIELD>POSID</VIEWFIELD>
     <TABNAME>ZTB_BM_ALV_LAYO</TABNAME>
     <FIELDNAME>POSID</FIELDNAME>
     <KEYFLAG>X</KEYFLAG>
     <MCFIELDID/>
     <EFORM/>
     <ROLLNAME>BRF_POSITION</ROLLNAME>
     <ROLLNAMEVI>BRF_POSITION</ROLLNAMEVI>
     <ROLLCHANGE/>
     <ENQMODE/>
     <RDONLY/>
     <MEMORYID/>
     <DOMNAME/>
     <DATATYPE/>
     <FLENGTH>000000</FLENGTH>
     <CHECKTABLE/>
     <SHLPORIGIN/>
     <SHLPNAME/>
     <SHLPFIELD/>
     <REFTABLE/>
     <REFFIELD/>
     <ENTITYTAB/>
     <INTTYPE/>
     <INTLEN>000000</INTLEN>
     <LOGFLAG/>
     <HEADLEN>00</HEADLEN>
     <SCRLEN1>00</SCRLEN1>
     <SCRLEN2>00</SCRLEN2>
     <SCRLEN3>00</SCRLEN3>
     <OUTPUTLEN>000000</OUTPUTLEN>
     <DECIMALS>000000</DECIMALS>
     <LOWERCASE/>
     <SIGNFLAG/>
     <VALEXI/>
     <CONVEXIT/>
     <DDTEXT/>
     <REPTEXT/>
     <SCRTEXT_S/>
     <SCRTEXT_M/>
     <SCRTEXT_L/>
     <PROXYTYPE/>
     <LTRFLDDIS/>
     <BIDICTRLC/>
     <OUTPUTSTYLE>00</OUTPUTSTYLE>
     <NOHISTORY/>
     <AMPMFORMAT/>
    </DD27P>
    <DD27P>
     <VIEWNAME>ZVI_ALV_LAYOUT</VIEWNAME>
     <OBJPOS>0005</OBJPOS>
     <DDLANGUAGE>E</DDLANGUAGE>
     <VIEWFIELD>TYP</VIEWFIELD>
     <TABNAME>ZTB_BM_ALV_LAYO</TABNAME>
     <FIELDNAME>TYP</FIELDNAME>
     <KEYFLAG/>
     <MCFIELDID/>
     <EFORM/>
     <ROLLNAME>ZDD_ALV_TYP</ROLLNAME>
     <ROLLNAMEVI>ZDD_ALV_TYP</ROLLNAMEVI>
     <ROLLCHANGE/>
     <ENQMODE/>
     <RDONLY/>
     <MEMORYID/>
     <DOMNAME/>
     <DATATYPE/>
     <FLENGTH>000000</FLENGTH>
     <CHECKTABLE/>
     <SHLPORIGIN>F</SHLPORIGIN>
     <SHLPNAME/>
     <SHLPFIELD/>
     <REFTABLE/>
     <REFFIELD/>
     <ENTITYTAB/>
     <INTTYPE/>
     <INTLEN>000000</INTLEN>
     <LOGFLAG/>
     <HEADLEN>00</HEADLEN>
     <SCRLEN1>00</SCRLEN1>
     <SCRLEN2>00</SCRLEN2>
     <SCRLEN3>00</SCRLEN3>
     <OUTPUTLEN>000000</OUTPUTLEN>
     <DECIMALS>000000</DECIMALS>
     <LOWERCASE/>
     <SIGNFLAG/>
     <VALEXI>X</VALEXI>
     <CONVEXIT/>
     <DDTEXT/>
     <REPTEXT/>
     <SCRTEXT_S/>
     <SCRTEXT_M/>
     <SCRTEXT_L/>
     <PROXYTYPE/>
     <LTRFLDDIS/>
     <BIDICTRLC/>
     <OUTPUTSTYLE>00</OUTPUTSTYLE>
     <NOHISTORY/>
     <AMPMFORMAT/>
    </DD27P>
    <DD27P>
     <VIEWNAME>ZVI_ALV_LAYOUT</VIEWNAME>
     <OBJPOS>0006</OBJPOS>
     <DDLANGUAGE>E</DDLANGUAGE>
     <VIEWFIELD>HKEY</VIEWFIELD>
     <TABNAME>ZTB_BM_ALV_LAYO</TABNAME>
     <FIELDNAME>HKEY</FIELDNAME>
     <KEYFLAG/>
     <MCFIELDID/>
     <EFORM/>
     <ROLLNAME>ZDD_HKEY</ROLLNAME>
     <ROLLNAMEVI>ZDD_HKEY</ROLLNAMEVI>
     <ROLLCHANGE/>
     <ENQMODE/>
     <RDONLY/>
     <MEMORYID/>
     <DOMNAME/>
     <DATATYPE/>
     <FLENGTH>000000</FLENGTH>
     <CHECKTABLE/>
     <SHLPORIGIN/>
     <SHLPNAME/>
     <SHLPFIELD/>
     <REFTABLE/>
     <REFFIELD/>
     <ENTITYTAB/>
     <INTTYPE/>
     <INTLEN>000000</INTLEN>
     <LOGFLAG/>
     <HEADLEN>00</HEADLEN>
     <SCRLEN1>00</SCRLEN1>
     <SCRLEN2>00</SCRLEN2>
     <SCRLEN3>00</SCRLEN3>
     <OUTPUTLEN>000000</OUTPUTLEN>
     <DECIMALS>000000</DECIMALS>
     <LOWERCASE/>
     <SIGNFLAG/>
     <VALEXI/>
     <CONVEXIT/>
     <DDTEXT/>
     <REPTEXT/>
     <SCRTEXT_S/>
     <SCRTEXT_M/>
     <SCRTEXT_L/>
     <PROXYTYPE/>
     <LTRFLDDIS/>
     <BIDICTRLC/>
     <OUTPUTSTYLE>00</OUTPUTSTYLE>
     <NOHISTORY/>
     <AMPMFORMAT/>
    </DD27P>
    <DD27P>
     <VIEWNAME>ZVI_ALV_LAYOUT</VIEWNAME>
     <OBJPOS>0007</OBJPOS>
     <DDLANGUAGE>E</DDLANGUAGE>
     <VIEWFIELD>PREFIX</VIEWFIELD>
     <TABNAME>ZTB_BM_ALV_LAYO</TABNAME>
     <FIELDNAME>PREFIX</FIELDNAME>
     <KEYFLAG/>
     <MCFIELDID/>
     <EFORM/>
     <ROLLNAME>ZDD_PREFIX</ROLLNAME>
     <ROLLNAMEVI>ZDD_PREFIX</ROLLNAMEVI>
     <ROLLCHANGE/>
     <ENQMODE/>
     <RDONLY/>
     <MEMORYID/>
     <DOMNAME/>
     <DATATYPE/>
     <FLENGTH>000000</FLENGTH>
     <CHECKTABLE/>
     <SHLPORIGIN/>
     <SHLPNAME/>
     <SHLPFIELD/>
     <REFTABLE/>
     <REFFIELD/>
     <ENTITYTAB/>
     <INTTYPE/>
     <INTLEN>000000</INTLEN>
     <LOGFLAG/>
     <HEADLEN>00</HEADLEN>
     <SCRLEN1>00</SCRLEN1>
     <SCRLEN2>00</SCRLEN2>
     <SCRLEN3>00</SCRLEN3>
     <OUTPUTLEN>000000</OUTPUTLEN>
     <DECIMALS>000000</DECIMALS>
     <LOWERCASE/>
     <SIGNFLAG/>
     <VALEXI/>
     <CONVEXIT/>
     <DDTEXT/>
     <REPTEXT/>
     <SCRTEXT_S/>
     <SCRTEXT_M/>
     <SCRTEXT_L/>
     <PROXYTYPE/>
     <LTRFLDDIS/>
     <BIDICTRLC/>
     <OUTPUTSTYLE>00</OUTPUTSTYLE>
     <NOHISTORY/>
     <AMPMFORMAT/>
    </DD27P>
    <DD27P>
     <VIEWNAME>ZVI_ALV_LAYOUT</VIEWNAME>
     <OBJPOS>0008</OBJPOS>
     <DDLANGUAGE>E</DDLANGUAGE>
     <VIEWFIELD>SUFFIX</VIEWFIELD>
     <TABNAME>ZTB_BM_ALV_LAYO</TABNAME>
     <FIELDNAME>SUFFIX</FIELDNAME>
     <KEYFLAG/>
     <MCFIELDID/>
     <EFORM/>
     <ROLLNAME>ZDD_SUFFIX</ROLLNAME>
     <ROLLNAMEVI>ZDD_SUFFIX</ROLLNAMEVI>
     <ROLLCHANGE/>
     <ENQMODE/>
     <RDONLY/>
     <MEMORYID/>
     <DOMNAME/>
     <DATATYPE/>
     <FLENGTH>000000</FLENGTH>
     <CHECKTABLE/>
     <SHLPORIGIN/>
     <SHLPNAME/>
     <SHLPFIELD/>
     <REFTABLE/>
     <REFFIELD/>
     <ENTITYTAB/>
     <INTTYPE/>
     <INTLEN>000000</INTLEN>
     <LOGFLAG/>
     <HEADLEN>00</HEADLEN>
     <SCRLEN1>00</SCRLEN1>
     <SCRLEN2>00</SCRLEN2>
     <SCRLEN3>00</SCRLEN3>
     <OUTPUTLEN>000000</OUTPUTLEN>
     <DECIMALS>000000</DECIMALS>
     <LOWERCASE/>
     <SIGNFLAG/>
     <VALEXI/>
     <CONVEXIT/>
     <DDTEXT/>
     <REPTEXT/>
     <SCRTEXT_S/>
     <SCRTEXT_M/>
     <SCRTEXT_L/>
     <PROXYTYPE/>
     <LTRFLDDIS/>
     <BIDICTRLC/>
     <OUTPUTSTYLE>00</OUTPUTSTYLE>
     <NOHISTORY/>
     <AMPMFORMAT/>
    </DD27P>
    <DD27P>
     <VIEWNAME>ZVI_ALV_LAYOUT</VIEWNAME>
     <OBJPOS>0009</OBJPOS>
     <DDLANGUAGE>E</DDLANGUAGE>
     <VIEWFIELD>IS_ITEM</VIEWFIELD>
     <TABNAME>ZTB_BM_ALV_LAYO</TABNAME>
     <FIELDNAME>IS_ITEM</FIELDNAME>
     <KEYFLAG/>
     <MCFIELDID/>
     <EFORM/>
     <ROLLNAME>ZDD_ISITEM</ROLLNAME>
     <ROLLNAMEVI>ZDD_ISITEM</ROLLNAMEVI>
     <ROLLCHANGE/>
     <ENQMODE/>
     <RDONLY/>
     <MEMORYID/>
     <DOMNAME/>
     <DATATYPE/>
     <FLENGTH>000000</FLENGTH>
     <CHECKTABLE/>
     <SHLPORIGIN>F</SHLPORIGIN>
     <SHLPNAME/>
     <SHLPFIELD/>
     <REFTABLE/>
     <REFFIELD/>
     <ENTITYTAB/>
     <INTTYPE/>
     <INTLEN>000000</INTLEN>
     <LOGFLAG/>
     <HEADLEN>00</HEADLEN>
     <SCRLEN1>00</SCRLEN1>
     <SCRLEN2>00</SCRLEN2>
     <SCRLEN3>00</SCRLEN3>
     <OUTPUTLEN>000000</OUTPUTLEN>
     <DECIMALS>000000</DECIMALS>
     <LOWERCASE/>
     <SIGNFLAG/>
     <VALEXI>X</VALEXI>
     <CONVEXIT/>
     <DDTEXT/>
     <REPTEXT/>
     <SCRTEXT_S/>
     <SCRTEXT_M/>
     <SCRTEXT_L/>
     <PROXYTYPE/>
     <LTRFLDDIS/>
     <BIDICTRLC/>
     <OUTPUTSTYLE>00</OUTPUTSTYLE>
     <NOHISTORY/>
     <AMPMFORMAT/>
    </DD27P>
    <DD27P>
     <VIEWNAME>ZVI_ALV_LAYOUT</VIEWNAME>
     <OBJPOS>0010</OBJPOS>
     <DDLANGUAGE>E</DDLANGUAGE>
     <VIEWFIELD>COLS</VIEWFIELD>
     <TABNAME>ZTB_BM_ALV_LAYO</TABNAME>
     <FIELDNAME>COLS</FIELDNAME>
     <KEYFLAG/>
     <MCFIELDID/>
     <EFORM/>
     <ROLLNAME>ZDD_COLS</ROLLNAME>
     <ROLLNAMEVI>ZDD_COLS</ROLLNAMEVI>
     <ROLLCHANGE/>
     <ENQMODE/>
     <RDONLY/>
     <MEMORYID/>
     <DOMNAME/>
     <DATATYPE/>
     <FLENGTH>000000</FLENGTH>
     <CHECKTABLE/>
     <SHLPORIGIN/>
     <SHLPNAME/>
     <SHLPFIELD/>
     <REFTABLE/>
     <REFFIELD/>
     <ENTITYTAB/>
     <INTTYPE/>
     <INTLEN>000000</INTLEN>
     <LOGFLAG/>
     <HEADLEN>00</HEADLEN>
     <SCRLEN1>00</SCRLEN1>
     <SCRLEN2>00</SCRLEN2>
     <SCRLEN3>00</SCRLEN3>
     <OUTPUTLEN>000000</OUTPUTLEN>
     <DECIMALS>000000</DECIMALS>
     <LOWERCASE/>
     <SIGNFLAG/>
     <VALEXI/>
     <CONVEXIT/>
     <DDTEXT/>
     <REPTEXT/>
     <SCRTEXT_S/>
     <SCRTEXT_M/>
     <SCRTEXT_L/>
     <PROXYTYPE/>
     <LTRFLDDIS/>
     <BIDICTRLC/>
     <OUTPUTSTYLE>00</OUTPUTSTYLE>
     <NOHISTORY/>
     <AMPMFORMAT/>
    </DD27P>
    <DD27P>
     <VIEWNAME>ZVI_ALV_LAYOUT</VIEWNAME>
     <OBJPOS>0011</OBJPOS>
     <DDLANGUAGE>E</DDLANGUAGE>
     <VIEWFIELD>STYLEFNAME</VIEWFIELD>
     <TABNAME>ZTB_BM_ALV_LAYO</TABNAME>
     <FIELDNAME>STYLEFNAME</FIELDNAME>
     <KEYFLAG/>
     <MCFIELDID/>
     <EFORM/>
     <ROLLNAME>ZDD_STYLEFNAME</ROLLNAME>
     <ROLLNAMEVI>ZDD_STYLEFNAME</ROLLNAMEVI>
     <ROLLCHANGE/>
     <ENQMODE/>
     <RDONLY/>
     <MEMORYID/>
     <DOMNAME/>
     <DATATYPE/>
     <FLENGTH>000000</FLENGTH>
     <CHECKTABLE/>
     <SHLPORIGIN/>
     <SHLPNAME/>
     <SHLPFIELD/>
     <REFTABLE/>
     <REFFIELD/>
     <ENTITYTAB/>
     <INTTYPE/>
     <INTLEN>000000</INTLEN>
     <LOGFLAG/>
     <HEADLEN>00</HEADLEN>
     <SCRLEN1>00</SCRLEN1>
     <SCRLEN2>00</SCRLEN2>
     <SCRLEN3>00</SCRLEN3>
     <OUTPUTLEN>000000</OUTPUTLEN>
     <DECIMALS>000000</DECIMALS>
     <LOWERCASE/>
     <SIGNFLAG/>
     <VALEXI/>
     <CONVEXIT/>
     <DDTEXT/>
     <REPTEXT/>
     <SCRTEXT_S/>
     <SCRTEXT_M/>
     <SCRTEXT_L/>
     <PROXYTYPE/>
     <LTRFLDDIS/>
     <BIDICTRLC/>
     <OUTPUTSTYLE>00</OUTPUTSTYLE>
     <NOHISTORY/>
     <AMPMFORMAT/>
    </DD27P>
   </DD27P_TABLE>
   <DD28J_TABLE/>
   <DD28V_TABLE/>
  </asx:values>
 </asx:abap>
</abapGit>
