﻿<?xml version="1.0" encoding="utf-8"?>
<abapGit version="v1.0.0" serializer="LCL_OBJECT_VIEW" serializer_version="v1.0.0">
 <asx:abap xmlns:asx="http://www.sap.com/abapxml" version="1.0">
  <asx:values>
   <DD25V>
    <VIEWNAME>ZVI_BM_SV_TRAND</VIEWNAME>
    <AS4LOCAL>A</AS4LOCAL>
    <AS4VERS>0000</AS4VERS>
    <DDLANGUAGE>E</DDLANGUAGE>
    <AGGTYPE>V</AGGTYPE>
    <APPLCLASS/>
    <AUTHCLASS>00</AUTHCLASS>
    <READONLY/>
    <ROOTTAB>ZTB_BM_SV_TRAND</ROOTTAB>
    <AS4USER/>
    <AS4DATE>0000-00-00</AS4DATE>
    <AS4TIME>00:00:00</AS4TIME>
    <DDTEXT>ZTB_BM_SV_TRANd</DDTEXT>
    <VIEWCLASS>C</VIEWCLASS>
    <ACTFLAG/>
    <MASTERLANG/>
    <CUSTOMAUTH>A</CUSTOMAUTH>
    <VIEWGRANT/>
    <GLOBALFLAG>X</GLOBALFLAG>
    <MANKEY/>
    <DBREFNAME/>
   </DD25V>
   <DD09L>
    <TABNAME/>
    <AS4LOCAL/>
    <AS4VERS>0000</AS4VERS>
    <TABKAT/>
    <TABART/>
    <PUFFERUNG/>
    <SCHFELDANZ>000</SCHFELDANZ>
    <PROTOKOLL/>
    <SPEICHPUFF/>
    <AS4USER/>
    <AS4DATE>0000-00-00</AS4DATE>
    <AS4TIME>00:00:00</AS4TIME>
    <TRANSPFLAG/>
    <RESERVE/>
    <UEBERSETZ/>
    <ACTFLAG/>
    <BUFALLOW/>
    <JAVAONLY/>
   </DD09L>
   <DD26V_TABLE>
    <DD26V>
     <DDLANGUAGE/>
     <VIEWNAME>ZVI_BM_SV_TRAND</VIEWNAME>
     <TABNAME>ZTB_BM_SV_TRAND</TABNAME>
     <TABPOS>0001</TABPOS>
     <FORTABNAME>ZTB_BM_SV_TRAND</FORTABNAME>
     <FORFIELD/>
     <FORDIR/>
    </DD26V>
   </DD26V_TABLE>
   <DD27P_TABLE>
    <DD27P>
     <VIEWNAME>ZVI_BM_SV_TRAND</VIEWNAME>
     <OBJPOS>0001</OBJPOS>
     <DDLANGUAGE>E</DDLANGUAGE>
     <VIEWFIELD>MANDT</VIEWFIELD>
     <TABNAME>ZTB_BM_SV_TRAND</TABNAME>
     <FIELDNAME>MANDT</FIELDNAME>
     <KEYFLAG>X</KEYFLAG>
     <MCFIELDID/>
     <EFORM/>
     <ROLLNAME>MANDT</ROLLNAME>
     <ROLLNAMEVI>MANDT</ROLLNAMEVI>
     <ROLLCHANGE/>
     <ENQMODE/>
     <RDONLY/>
     <MEMORYID/>
     <DOMNAME/>
     <DATATYPE/>
     <FLENGTH>000000</FLENGTH>
     <CHECKTABLE/>
     <SHLPORIGIN/>
     <SHLPNAME/>
     <SHLPFIELD/>
     <REFTABLE/>
     <REFFIELD/>
     <ENTITYTAB/>
     <INTTYPE/>
     <INTLEN>000000</INTLEN>
     <LOGFLAG/>
     <HEADLEN>00</HEADLEN>
     <SCRLEN1>00</SCRLEN1>
     <SCRLEN2>00</SCRLEN2>
     <SCRLEN3>00</SCRLEN3>
     <OUTPUTLEN>000000</OUTPUTLEN>
     <DECIMALS>000000</DECIMALS>
     <LOWERCASE/>
     <SIGNFLAG/>
     <VALEXI/>
     <CONVEXIT/>
     <DDTEXT/>
     <REPTEXT/>
     <SCRTEXT_S/>
     <SCRTEXT_M/>
     <SCRTEXT_L/>
     <PROXYTYPE/>
     <LTRFLDDIS/>
     <BIDICTRLC/>
     <OUTPUTSTYLE>00</OUTPUTSTYLE>
     <NOHISTORY/>
     <AMPMFORMAT/>
    </DD27P>
    <DD27P>
     <VIEWNAME>ZVI_BM_SV_TRAND</VIEWNAME>
     <OBJPOS>0002</OBJPOS>
     <DDLANGUAGE>E</DDLANGUAGE>
     <VIEWFIELD>TDATE</VIEWFIELD>
     <TABNAME>ZTB_BM_SV_TRAND</TABNAME>
     <FIELDNAME>TDATE</FIELDNAME>
     <KEYFLAG>X</KEYFLAG>
     <MCFIELDID/>
     <EFORM/>
     <ROLLNAME>DATUM</ROLLNAME>
     <ROLLNAMEVI>DATUM</ROLLNAMEVI>
     <ROLLCHANGE/>
     <ENQMODE/>
     <RDONLY>S</RDONLY>
     <MEMORYID/>
     <DOMNAME/>
     <DATATYPE/>
     <FLENGTH>000000</FLENGTH>
     <CHECKTABLE/>
     <SHLPORIGIN>T</SHLPORIGIN>
     <SHLPNAME/>
     <SHLPFIELD/>
     <REFTABLE/>
     <REFFIELD/>
     <ENTITYTAB/>
     <INTTYPE/>
     <INTLEN>000000</INTLEN>
     <LOGFLAG/>
     <HEADLEN>00</HEADLEN>
     <SCRLEN1>00</SCRLEN1>
     <SCRLEN2>00</SCRLEN2>
     <SCRLEN3>00</SCRLEN3>
     <OUTPUTLEN>000000</OUTPUTLEN>
     <DECIMALS>000000</DECIMALS>
     <LOWERCASE/>
     <SIGNFLAG/>
     <VALEXI/>
     <CONVEXIT/>
     <DDTEXT/>
     <REPTEXT/>
     <SCRTEXT_S/>
     <SCRTEXT_M/>
     <SCRTEXT_L/>
     <PROXYTYPE/>
     <LTRFLDDIS/>
     <BIDICTRLC/>
     <OUTPUTSTYLE>00</OUTPUTSTYLE>
     <NOHISTORY/>
     <AMPMFORMAT/>
    </DD27P>
    <DD27P>
     <VIEWNAME>ZVI_BM_SV_TRAND</VIEWNAME>
     <OBJPOS>0003</OBJPOS>
     <DDLANGUAGE>E</DDLANGUAGE>
     <VIEWFIELD>TDATP</VIEWFIELD>
     <TABNAME>ZTB_BM_SV_TRAND</TABNAME>
     <FIELDNAME>TDATP</FIELDNAME>
     <KEYFLAG>X</KEYFLAG>
     <MCFIELDID/>
     <EFORM/>
     <ROLLNAME>ZDD_BM_TDATP</ROLLNAME>
     <ROLLNAMEVI>ZDD_BM_TDATP</ROLLNAMEVI>
     <ROLLCHANGE/>
     <ENQMODE/>
     <RDONLY>S</RDONLY>
     <MEMORYID/>
     <DOMNAME/>
     <DATATYPE/>
     <FLENGTH>000000</FLENGTH>
     <CHECKTABLE/>
     <SHLPORIGIN>F</SHLPORIGIN>
     <SHLPNAME/>
     <SHLPFIELD/>
     <REFTABLE/>
     <REFFIELD/>
     <ENTITYTAB/>
     <INTTYPE/>
     <INTLEN>000000</INTLEN>
     <LOGFLAG/>
     <HEADLEN>00</HEADLEN>
     <SCRLEN1>00</SCRLEN1>
     <SCRLEN2>00</SCRLEN2>
     <SCRLEN3>00</SCRLEN3>
     <OUTPUTLEN>000000</OUTPUTLEN>
     <DECIMALS>000000</DECIMALS>
     <LOWERCASE/>
     <SIGNFLAG/>
     <VALEXI>X</VALEXI>
     <CONVEXIT/>
     <DDTEXT/>
     <REPTEXT/>
     <SCRTEXT_S/>
     <SCRTEXT_M/>
     <SCRTEXT_L/>
     <PROXYTYPE/>
     <LTRFLDDIS/>
     <BIDICTRLC/>
     <OUTPUTSTYLE>00</OUTPUTSTYLE>
     <NOHISTORY/>
     <AMPMFORMAT/>
    </DD27P>
    <DD27P>
     <VIEWNAME>ZVI_BM_SV_TRAND</VIEWNAME>
     <OBJPOS>0004</OBJPOS>
     <DDLANGUAGE>E</DDLANGUAGE>
     <VIEWFIELD>TRANTY</VIEWFIELD>
     <TABNAME>ZTB_BM_SV_TRAND</TABNAME>
     <FIELDNAME>TRANTY</FIELDNAME>
     <KEYFLAG>X</KEYFLAG>
     <MCFIELDID/>
     <EFORM/>
     <ROLLNAME>ZDD_BM_TRANTY</ROLLNAME>
     <ROLLNAMEVI>ZDD_BM_TRANTY</ROLLNAMEVI>
     <ROLLCHANGE/>
     <ENQMODE/>
     <RDONLY>S</RDONLY>
     <MEMORYID/>
     <DOMNAME/>
     <DATATYPE/>
     <FLENGTH>000000</FLENGTH>
     <CHECKTABLE/>
     <SHLPORIGIN>F</SHLPORIGIN>
     <SHLPNAME/>
     <SHLPFIELD/>
     <REFTABLE/>
     <REFFIELD/>
     <ENTITYTAB/>
     <INTTYPE/>
     <INTLEN>000000</INTLEN>
     <LOGFLAG/>
     <HEADLEN>00</HEADLEN>
     <SCRLEN1>00</SCRLEN1>
     <SCRLEN2>00</SCRLEN2>
     <SCRLEN3>00</SCRLEN3>
     <OUTPUTLEN>000000</OUTPUTLEN>
     <DECIMALS>000000</DECIMALS>
     <LOWERCASE/>
     <SIGNFLAG/>
     <VALEXI>X</VALEXI>
     <CONVEXIT/>
     <DDTEXT/>
     <REPTEXT/>
     <SCRTEXT_S/>
     <SCRTEXT_M/>
     <SCRTEXT_L/>
     <PROXYTYPE/>
     <LTRFLDDIS/>
     <BIDICTRLC/>
     <OUTPUTSTYLE>00</OUTPUTSTYLE>
     <NOHISTORY/>
     <AMPMFORMAT/>
    </DD27P>
    <DD27P>
     <VIEWNAME>ZVI_BM_SV_TRAND</VIEWNAME>
     <OBJPOS>0005</OBJPOS>
     <DDLANGUAGE>E</DDLANGUAGE>
     <VIEWFIELD>PAYUSR</VIEWFIELD>
     <TABNAME>ZTB_BM_SV_TRAND</TABNAME>
     <FIELDNAME>PAYUSR</FIELDNAME>
     <KEYFLAG>X</KEYFLAG>
     <MCFIELDID/>
     <EFORM/>
     <ROLLNAME>ZDD_BM_PAYUSR</ROLLNAME>
     <ROLLNAMEVI>ZDD_BM_PAYUSR</ROLLNAMEVI>
     <ROLLCHANGE/>
     <ENQMODE/>
     <RDONLY>S</RDONLY>
     <MEMORYID/>
     <DOMNAME/>
     <DATATYPE/>
     <FLENGTH>000000</FLENGTH>
     <CHECKTABLE/>
     <SHLPORIGIN/>
     <SHLPNAME/>
     <SHLPFIELD/>
     <REFTABLE/>
     <REFFIELD/>
     <ENTITYTAB/>
     <INTTYPE/>
     <INTLEN>000000</INTLEN>
     <LOGFLAG/>
     <HEADLEN>00</HEADLEN>
     <SCRLEN1>00</SCRLEN1>
     <SCRLEN2>00</SCRLEN2>
     <SCRLEN3>00</SCRLEN3>
     <OUTPUTLEN>000000</OUTPUTLEN>
     <DECIMALS>000000</DECIMALS>
     <LOWERCASE/>
     <SIGNFLAG/>
     <VALEXI/>
     <CONVEXIT/>
     <DDTEXT/>
     <REPTEXT/>
     <SCRTEXT_S/>
     <SCRTEXT_M/>
     <SCRTEXT_L/>
     <PROXYTYPE/>
     <LTRFLDDIS/>
     <BIDICTRLC/>
     <OUTPUTSTYLE>00</OUTPUTSTYLE>
     <NOHISTORY/>
     <AMPMFORMAT/>
    </DD27P>
    <DD27P>
     <VIEWNAME>ZVI_BM_SV_TRAND</VIEWNAME>
     <OBJPOS>0006</OBJPOS>
     <DDLANGUAGE>E</DDLANGUAGE>
     <VIEWFIELD>PRIORITY</VIEWFIELD>
     <TABNAME>ZTB_BM_SV_TRAND</TABNAME>
     <FIELDNAME>PRIORITY</FIELDNAME>
     <KEYFLAG>X</KEYFLAG>
     <MCFIELDID/>
     <EFORM/>
     <ROLLNAME>ZDD_CHECK_PRIO</ROLLNAME>
     <ROLLNAMEVI>ZDD_CHECK_PRIO</ROLLNAMEVI>
     <ROLLCHANGE/>
     <ENQMODE/>
     <RDONLY/>
     <MEMORYID/>
     <DOMNAME/>
     <DATATYPE/>
     <FLENGTH>000000</FLENGTH>
     <CHECKTABLE/>
     <SHLPORIGIN/>
     <SHLPNAME/>
     <SHLPFIELD/>
     <REFTABLE/>
     <REFFIELD/>
     <ENTITYTAB/>
     <INTTYPE/>
     <INTLEN>000000</INTLEN>
     <LOGFLAG/>
     <HEADLEN>00</HEADLEN>
     <SCRLEN1>00</SCRLEN1>
     <SCRLEN2>00</SCRLEN2>
     <SCRLEN3>00</SCRLEN3>
     <OUTPUTLEN>000000</OUTPUTLEN>
     <DECIMALS>000000</DECIMALS>
     <LOWERCASE/>
     <SIGNFLAG/>
     <VALEXI/>
     <CONVEXIT/>
     <DDTEXT/>
     <REPTEXT/>
     <SCRTEXT_S/>
     <SCRTEXT_M/>
     <SCRTEXT_L/>
     <PROXYTYPE/>
     <LTRFLDDIS/>
     <BIDICTRLC/>
     <OUTPUTSTYLE>00</OUTPUTSTYLE>
     <NOHISTORY/>
     <AMPMFORMAT/>
    </DD27P>
    <DD27P>
     <VIEWNAME>ZVI_BM_SV_TRAND</VIEWNAME>
     <OBJPOS>0007</OBJPOS>
     <DDLANGUAGE>E</DDLANGUAGE>
     <VIEWFIELD>RECVUSR</VIEWFIELD>
     <TABNAME>ZTB_BM_SV_TRAND</TABNAME>
     <FIELDNAME>RECVUSR</FIELDNAME>
     <KEYFLAG>X</KEYFLAG>
     <MCFIELDID/>
     <EFORM/>
     <ROLLNAME>ZDD_BM_RECVUSR</ROLLNAME>
     <ROLLNAMEVI>ZDD_BM_RECVUSR</ROLLNAMEVI>
     <ROLLCHANGE/>
     <ENQMODE/>
     <RDONLY/>
     <MEMORYID/>
     <DOMNAME/>
     <DATATYPE/>
     <FLENGTH>000000</FLENGTH>
     <CHECKTABLE/>
     <SHLPORIGIN/>
     <SHLPNAME/>
     <SHLPFIELD/>
     <REFTABLE/>
     <REFFIELD/>
     <ENTITYTAB/>
     <INTTYPE/>
     <INTLEN>000000</INTLEN>
     <LOGFLAG/>
     <HEADLEN>00</HEADLEN>
     <SCRLEN1>00</SCRLEN1>
     <SCRLEN2>00</SCRLEN2>
     <SCRLEN3>00</SCRLEN3>
     <OUTPUTLEN>000000</OUTPUTLEN>
     <DECIMALS>000000</DECIMALS>
     <LOWERCASE/>
     <SIGNFLAG/>
     <VALEXI/>
     <CONVEXIT/>
     <DDTEXT/>
     <REPTEXT/>
     <SCRTEXT_S/>
     <SCRTEXT_M/>
     <SCRTEXT_L/>
     <PROXYTYPE/>
     <LTRFLDDIS/>
     <BIDICTRLC/>
     <OUTPUTSTYLE>00</OUTPUTSTYLE>
     <NOHISTORY/>
     <AMPMFORMAT/>
    </DD27P>
    <DD27P>
     <VIEWNAME>ZVI_BM_SV_TRAND</VIEWNAME>
     <OBJPOS>0008</OBJPOS>
     <DDLANGUAGE>E</DDLANGUAGE>
     <VIEWFIELD>TCOUNT</VIEWFIELD>
     <TABNAME>ZTB_BM_SV_TRAND</TABNAME>
     <FIELDNAME>TCOUNT</FIELDNAME>
     <KEYFLAG/>
     <MCFIELDID/>
     <EFORM/>
     <ROLLNAME>ZDD_BM_COUNT</ROLLNAME>
     <ROLLNAMEVI>ZDD_BM_COUNT</ROLLNAMEVI>
     <ROLLCHANGE/>
     <ENQMODE/>
     <RDONLY/>
     <MEMORYID/>
     <DOMNAME/>
     <DATATYPE/>
     <FLENGTH>000000</FLENGTH>
     <CHECKTABLE/>
     <SHLPORIGIN/>
     <SHLPNAME/>
     <SHLPFIELD/>
     <REFTABLE/>
     <REFFIELD/>
     <ENTITYTAB/>
     <INTTYPE/>
     <INTLEN>000000</INTLEN>
     <LOGFLAG/>
     <HEADLEN>00</HEADLEN>
     <SCRLEN1>00</SCRLEN1>
     <SCRLEN2>00</SCRLEN2>
     <SCRLEN3>00</SCRLEN3>
     <OUTPUTLEN>000000</OUTPUTLEN>
     <DECIMALS>000000</DECIMALS>
     <LOWERCASE/>
     <SIGNFLAG/>
     <VALEXI/>
     <CONVEXIT/>
     <DDTEXT/>
     <REPTEXT/>
     <SCRTEXT_S/>
     <SCRTEXT_M/>
     <SCRTEXT_L/>
     <PROXYTYPE/>
     <LTRFLDDIS/>
     <BIDICTRLC/>
     <OUTPUTSTYLE>00</OUTPUTSTYLE>
     <NOHISTORY/>
     <AMPMFORMAT/>
    </DD27P>
   </DD27P_TABLE>
   <DD28J_TABLE/>
   <DD28V_TABLE/>
  </asx:values>
 </asx:abap>
</abapGit>
