﻿<?xml version="1.0" encoding="utf-8"?>
<abapGit version="v1.0.0" serializer="LCL_OBJECT_VCLS" serializer_version="v1.0.0">
 <asx:abap xmlns:asx="http://www.sap.com/abapxml" version="1.0">
  <asx:values>
   <VCLDIR>
    <VCLNAME>ZVI_PROG_CONFIG</VCLNAME>
    <CHANGEDATE>2017-04-07</CHANGEDATE>
    <AUTHOR/>
    <EXITPROG/>
    <HIEROPSOFF/>
    <READKIND/>
    <TEXT>Program config</TEXT>
    <BASEVCL/>
   </VCLDIR>
   <VLCSTRUC_TAB>
    <V_VCLSTRUC>
     <VCLNAME>ZVI_PROG_CONFIG</VCLNAME>
     <OBJECT>ZVI_PROG</OBJECT>
     <OBJECTTEXT>Programs</OBJECTTEXT>
     <PREDOBJECT>ZVI_PROG</PREDOBJECT>
     <DEPENDENCY>R</DEPENDENCY>
     <OBJPOS>01</OBJPOS>
     <OBJLEVEL>01</OBJLEVEL>
     <STARTOBJ>X</STARTOBJ>
     <SUPPRESS/>
     <CARDINAL/>
     <SWITCH_ID/>
    </V_VCLSTRUC>
    <V_VCLSTRUC>
     <VCLNAME>ZVI_PROG_CONFIG</VCLNAME>
     <OBJECT>ZVI_PROG_STEP</OBJECT>
     <OBJECTTEXT>Steps</OBJECTTEXT>
     <PREDOBJECT>ZVI_PROG</PREDOBJECT>
     <DEPENDENCY>S</DEPENDENCY>
     <OBJPOS>02</OBJPOS>
     <OBJLEVEL>02</OBJLEVEL>
     <STARTOBJ/>
     <SUPPRESS/>
     <CARDINAL/>
     <SWITCH_ID/>
    </V_VCLSTRUC>
    <V_VCLSTRUC>
     <VCLNAME>ZVI_PROG_CONFIG</VCLNAME>
     <OBJECT>ZVI_FIELD_DB</OBJECT>
     <OBJECTTEXT>Field status</OBJECTTEXT>
     <PREDOBJECT>ZVI_PROG</PREDOBJECT>
     <DEPENDENCY>S</DEPENDENCY>
     <OBJPOS>03</OBJPOS>
     <OBJLEVEL>02</OBJLEVEL>
     <STARTOBJ/>
     <SUPPRESS/>
     <CARDINAL/>
     <SWITCH_ID/>
    </V_VCLSTRUC>
    <V_VCLSTRUC>
     <VCLNAME>ZVI_PROG_CONFIG</VCLNAME>
     <OBJECT>ZVI_FIELD_DESC</OBJECT>
     <OBJECTTEXT>Field description</OBJECTTEXT>
     <PREDOBJECT>ZVI_FIELD_DB</PREDOBJECT>
     <DEPENDENCY>S</DEPENDENCY>
     <OBJPOS>04</OBJPOS>
     <OBJLEVEL>03</OBJLEVEL>
     <STARTOBJ/>
     <SUPPRESS/>
     <CARDINAL/>
     <SWITCH_ID/>
    </V_VCLSTRUC>
    <V_VCLSTRUC>
     <VCLNAME>ZVI_PROG_CONFIG</VCLNAME>
     <OBJECT>ZVI_PROG_SCR</OBJECT>
     <OBJECTTEXT>Screens</OBJECTTEXT>
     <PREDOBJECT>ZVI_PROG</PREDOBJECT>
     <DEPENDENCY>S</DEPENDENCY>
     <OBJPOS>05</OBJPOS>
     <OBJLEVEL>02</OBJLEVEL>
     <STARTOBJ/>
     <SUPPRESS/>
     <CARDINAL/>
     <SWITCH_ID/>
    </V_VCLSTRUC>
    <V_VCLSTRUC>
     <VCLNAME>ZVI_PROG_CONFIG</VCLNAME>
     <OBJECT>ZVI_PROG_FLOW</OBJECT>
     <OBJECTTEXT>Flows</OBJECTTEXT>
     <PREDOBJECT>ZVI_PROG_SCR</PREDOBJECT>
     <DEPENDENCY>S</DEPENDENCY>
     <OBJPOS>06</OBJPOS>
     <OBJLEVEL>03</OBJLEVEL>
     <STARTOBJ/>
     <SUPPRESS/>
     <CARDINAL/>
     <SWITCH_ID/>
    </V_VCLSTRUC>
    <V_VCLSTRUC>
     <VCLNAME>ZVI_PROG_CONFIG</VCLNAME>
     <OBJECT>ZVI_PROG_PRSV</OBJECT>
     <OBJECTTEXT>Presave</OBJECTTEXT>
     <PREDOBJECT>ZVI_PROG</PREDOBJECT>
     <DEPENDENCY>S</DEPENDENCY>
     <OBJPOS>07</OBJPOS>
     <OBJLEVEL>02</OBJLEVEL>
     <STARTOBJ/>
     <SUPPRESS/>
     <CARDINAL/>
     <SWITCH_ID/>
    </V_VCLSTRUC>
    <V_VCLSTRUC>
     <VCLNAME>ZVI_PROG_CONFIG</VCLNAME>
     <OBJECT>ZVI_PROG_PRSF</OBJECT>
     <OBJECTTEXT>Fields</OBJECTTEXT>
     <PREDOBJECT>ZVI_PROG_PRSV</PREDOBJECT>
     <DEPENDENCY>S</DEPENDENCY>
     <OBJPOS>08</OBJPOS>
     <OBJLEVEL>03</OBJLEVEL>
     <STARTOBJ/>
     <SUPPRESS/>
     <CARDINAL/>
     <SWITCH_ID/>
    </V_VCLSTRUC>
    <V_VCLSTRUC>
     <VCLNAME>ZVI_PROG_CONFIG</VCLNAME>
     <OBJECT>ZVI_ALV_LAYOUT</OBJECT>
     <OBJECTTEXT>ALV layout</OBJECTTEXT>
     <PREDOBJECT>ZVI_PROG</PREDOBJECT>
     <DEPENDENCY>S</DEPENDENCY>
     <OBJPOS>09</OBJPOS>
     <OBJLEVEL>02</OBJLEVEL>
     <STARTOBJ/>
     <SUPPRESS/>
     <CARDINAL/>
     <SWITCH_ID/>
    </V_VCLSTRUC>
    <V_VCLSTRUC>
     <VCLNAME>ZVI_PROG_CONFIG</VCLNAME>
     <OBJECT>ZVI_EXCEL_LAYOUT</OBJECT>
     <OBJECTTEXT>Excel layout (1st sheet)</OBJECTTEXT>
     <PREDOBJECT>ZVI_PROG</PREDOBJECT>
     <DEPENDENCY>S</DEPENDENCY>
     <OBJPOS>10</OBJPOS>
     <OBJLEVEL>02</OBJLEVEL>
     <STARTOBJ/>
     <SUPPRESS/>
     <CARDINAL/>
     <SWITCH_ID/>
    </V_VCLSTRUC>
    <V_VCLSTRUC>
     <VCLNAME>ZVI_PROG_CONFIG</VCLNAME>
     <OBJECT>ZVI_EXCEL_SHEETS</OBJECT>
     <OBJECTTEXT>Excel Sheets</OBJECTTEXT>
     <PREDOBJECT>ZVI_PROG</PREDOBJECT>
     <DEPENDENCY>S</DEPENDENCY>
     <OBJPOS>11</OBJPOS>
     <OBJLEVEL>02</OBJLEVEL>
     <STARTOBJ/>
     <SUPPRESS/>
     <CARDINAL/>
     <SWITCH_ID/>
    </V_VCLSTRUC>
    <V_VCLSTRUC>
     <VCLNAME>ZVI_PROG_CONFIG</VCLNAME>
     <OBJECT>ZVI_SHEET_LAYOUT</OBJECT>
     <OBJECTTEXT>Sheet layout</OBJECTTEXT>
     <PREDOBJECT>ZVI_EXCEL_SHEETS</PREDOBJECT>
     <DEPENDENCY>S</DEPENDENCY>
     <OBJPOS>12</OBJPOS>
     <OBJLEVEL>03</OBJLEVEL>
     <STARTOBJ/>
     <SUPPRESS/>
     <CARDINAL/>
     <SWITCH_ID/>
    </V_VCLSTRUC>
    <V_VCLSTRUC>
     <VCLNAME>ZVI_PROG_CONFIG</VCLNAME>
     <OBJECT>ZVI_MAP_SELSCR</OBJECT>
     <OBJECTTEXT>Map selection screen</OBJECTTEXT>
     <PREDOBJECT>ZVI_PROG</PREDOBJECT>
     <DEPENDENCY>S</DEPENDENCY>
     <OBJPOS>13</OBJPOS>
     <OBJLEVEL>02</OBJLEVEL>
     <STARTOBJ/>
     <SUPPRESS/>
     <CARDINAL/>
     <SWITCH_ID/>
    </V_VCLSTRUC>
    <V_VCLSTRUC>
     <VCLNAME>ZVI_PROG_CONFIG</VCLNAME>
     <OBJECT>ZVI_BM_PROG_ROLE</OBJECT>
     <OBJECTTEXT>Program roles</OBJECTTEXT>
     <PREDOBJECT>ZVI_PROG</PREDOBJECT>
     <DEPENDENCY>S</DEPENDENCY>
     <OBJPOS>14</OBJPOS>
     <OBJLEVEL>02</OBJLEVEL>
     <STARTOBJ/>
     <SUPPRESS/>
     <CARDINAL/>
     <SWITCH_ID/>
    </V_VCLSTRUC>
    <V_VCLSTRUC>
     <VCLNAME>ZVI_PROG_CONFIG</VCLNAME>
     <OBJECT>ZVI_BM_ROLE_FLD</OBJECT>
     <OBJECTTEXT>Role fields status</OBJECTTEXT>
     <PREDOBJECT>ZVI_BM_PROG_ROLE</PREDOBJECT>
     <DEPENDENCY>S</DEPENDENCY>
     <OBJPOS>15</OBJPOS>
     <OBJLEVEL>03</OBJLEVEL>
     <STARTOBJ/>
     <SUPPRESS/>
     <CARDINAL/>
     <SWITCH_ID/>
    </V_VCLSTRUC>
    <V_VCLSTRUC>
     <VCLNAME>ZVI_PROG_CONFIG</VCLNAME>
     <OBJECT>ZTB_BM_ROLE</OBJECT>
     <OBJECTTEXT>Roles</OBJECTTEXT>
     <PREDOBJECT>ZTB_BM_ROLE</PREDOBJECT>
     <DEPENDENCY>R</DEPENDENCY>
     <OBJPOS>16</OBJPOS>
     <OBJLEVEL>01</OBJLEVEL>
     <STARTOBJ/>
     <SUPPRESS/>
     <CARDINAL/>
     <SWITCH_ID/>
    </V_VCLSTRUC>
    <V_VCLSTRUC>
     <VCLNAME>ZVI_PROG_CONFIG</VCLNAME>
     <OBJECT>ZTB_BM_SCP_PAR</OBJECT>
     <OBJECTTEXT>Tham số nghiệp vụ</OBJECTTEXT>
     <PREDOBJECT>ZTB_BM_SCP_PAR</PREDOBJECT>
     <DEPENDENCY>R</DEPENDENCY>
     <OBJPOS>17</OBJPOS>
     <OBJLEVEL>01</OBJLEVEL>
     <STARTOBJ/>
     <SUPPRESS/>
     <CARDINAL/>
     <SWITCH_ID/>
    </V_VCLSTRUC>
   </VLCSTRUC_TAB>
   <VCLSTRUDEP_TAB>
    <V_VCLSTDEP>
     <VCLNAME>ZVI_PROG_CONFIG</VCLNAME>
     <OBJECT>ZTB_BM_ROLE</OBJECT>
     <OBJFIELD/>
     <PREDOBJECT>ZTB_BM_ROLE</PREDOBJECT>
     <PREDFIELD/>
     <NOKEYFIELD/>
    </V_VCLSTDEP>
    <V_VCLSTDEP>
     <VCLNAME>ZVI_PROG_CONFIG</VCLNAME>
     <OBJECT>ZTB_BM_SCP_PAR</OBJECT>
     <OBJFIELD/>
     <PREDOBJECT>ZTB_BM_SCP_PAR</PREDOBJECT>
     <PREDFIELD/>
     <NOKEYFIELD/>
    </V_VCLSTDEP>
    <V_VCLSTDEP>
     <VCLNAME>ZVI_PROG_CONFIG</VCLNAME>
     <OBJECT>ZVI_ALV_LAYOUT</OBJECT>
     <OBJFIELD>MANDT</OBJFIELD>
     <PREDOBJECT>ZVI_PROG</PREDOBJECT>
     <PREDFIELD>MANDT</PREDFIELD>
     <NOKEYFIELD/>
    </V_VCLSTDEP>
    <V_VCLSTDEP>
     <VCLNAME>ZVI_PROG_CONFIG</VCLNAME>
     <OBJECT>ZVI_ALV_LAYOUT</OBJECT>
     <OBJFIELD>REPORT</OBJFIELD>
     <PREDOBJECT>ZVI_PROG</PREDOBJECT>
     <PREDFIELD>REPID</PREDFIELD>
     <NOKEYFIELD/>
    </V_VCLSTDEP>
    <V_VCLSTDEP>
     <VCLNAME>ZVI_PROG_CONFIG</VCLNAME>
     <OBJECT>ZVI_BM_PROG_ROLE</OBJECT>
     <OBJFIELD>MANDT</OBJFIELD>
     <PREDOBJECT>ZVI_PROG</PREDOBJECT>
     <PREDFIELD>MANDT</PREDFIELD>
     <NOKEYFIELD/>
    </V_VCLSTDEP>
    <V_VCLSTDEP>
     <VCLNAME>ZVI_PROG_CONFIG</VCLNAME>
     <OBJECT>ZVI_BM_PROG_ROLE</OBJECT>
     <OBJFIELD>REPID</OBJFIELD>
     <PREDOBJECT>ZVI_PROG</PREDOBJECT>
     <PREDFIELD>REPID</PREDFIELD>
     <NOKEYFIELD/>
    </V_VCLSTDEP>
    <V_VCLSTDEP>
     <VCLNAME>ZVI_PROG_CONFIG</VCLNAME>
     <OBJECT>ZVI_BM_ROLE_FLD</OBJECT>
     <OBJFIELD>BMROLE</OBJFIELD>
     <PREDOBJECT>ZVI_BM_PROG_ROLE</PREDOBJECT>
     <PREDFIELD>BMROLE</PREDFIELD>
     <NOKEYFIELD/>
    </V_VCLSTDEP>
    <V_VCLSTDEP>
     <VCLNAME>ZVI_PROG_CONFIG</VCLNAME>
     <OBJECT>ZVI_BM_ROLE_FLD</OBJECT>
     <OBJFIELD>MANDT</OBJFIELD>
     <PREDOBJECT>ZVI_BM_PROG_ROLE</PREDOBJECT>
     <PREDFIELD>MANDT</PREDFIELD>
     <NOKEYFIELD/>
    </V_VCLSTDEP>
    <V_VCLSTDEP>
     <VCLNAME>ZVI_PROG_CONFIG</VCLNAME>
     <OBJECT>ZVI_BM_ROLE_FLD</OBJECT>
     <OBJFIELD>REPID</OBJFIELD>
     <PREDOBJECT>ZVI_BM_PROG_ROLE</PREDOBJECT>
     <PREDFIELD>REPID</PREDFIELD>
     <NOKEYFIELD/>
    </V_VCLSTDEP>
    <V_VCLSTDEP>
     <VCLNAME>ZVI_PROG_CONFIG</VCLNAME>
     <OBJECT>ZVI_EXCEL_LAYOUT</OBJECT>
     <OBJFIELD>MANDT</OBJFIELD>
     <PREDOBJECT>ZVI_PROG</PREDOBJECT>
     <PREDFIELD>MANDT</PREDFIELD>
     <NOKEYFIELD/>
    </V_VCLSTDEP>
    <V_VCLSTDEP>
     <VCLNAME>ZVI_PROG_CONFIG</VCLNAME>
     <OBJECT>ZVI_EXCEL_LAYOUT</OBJECT>
     <OBJFIELD>REPORT</OBJFIELD>
     <PREDOBJECT>ZVI_PROG</PREDOBJECT>
     <PREDFIELD>REPID</PREDFIELD>
     <NOKEYFIELD/>
    </V_VCLSTDEP>
    <V_VCLSTDEP>
     <VCLNAME>ZVI_PROG_CONFIG</VCLNAME>
     <OBJECT>ZVI_EXCEL_SHEETS</OBJECT>
     <OBJFIELD>MANDT</OBJFIELD>
     <PREDOBJECT>ZVI_PROG</PREDOBJECT>
     <PREDFIELD>MANDT</PREDFIELD>
     <NOKEYFIELD/>
    </V_VCLSTDEP>
    <V_VCLSTDEP>
     <VCLNAME>ZVI_PROG_CONFIG</VCLNAME>
     <OBJECT>ZVI_EXCEL_SHEETS</OBJECT>
     <OBJFIELD>REPID</OBJFIELD>
     <PREDOBJECT>ZVI_PROG</PREDOBJECT>
     <PREDFIELD>REPID</PREDFIELD>
     <NOKEYFIELD/>
    </V_VCLSTDEP>
    <V_VCLSTDEP>
     <VCLNAME>ZVI_PROG_CONFIG</VCLNAME>
     <OBJECT>ZVI_FIELD_DB</OBJECT>
     <OBJFIELD>MANDT</OBJFIELD>
     <PREDOBJECT>ZVI_PROG</PREDOBJECT>
     <PREDFIELD>MANDT</PREDFIELD>
     <NOKEYFIELD/>
    </V_VCLSTDEP>
    <V_VCLSTDEP>
     <VCLNAME>ZVI_PROG_CONFIG</VCLNAME>
     <OBJECT>ZVI_FIELD_DB</OBJECT>
     <OBJFIELD>REPID</OBJFIELD>
     <PREDOBJECT>ZVI_PROG</PREDOBJECT>
     <PREDFIELD>REPID</PREDFIELD>
     <NOKEYFIELD/>
    </V_VCLSTDEP>
    <V_VCLSTDEP>
     <VCLNAME>ZVI_PROG_CONFIG</VCLNAME>
     <OBJECT>ZVI_FIELD_DESC</OBJECT>
     <OBJFIELD>DYNNR</OBJFIELD>
     <PREDOBJECT>ZVI_FIELD_DB</PREDOBJECT>
     <PREDFIELD>DYNNR</PREDFIELD>
     <NOKEYFIELD/>
    </V_VCLSTDEP>
    <V_VCLSTDEP>
     <VCLNAME>ZVI_PROG_CONFIG</VCLNAME>
     <OBJECT>ZVI_FIELD_DESC</OBJECT>
     <OBJFIELD>FIELDNAME</OBJFIELD>
     <PREDOBJECT>ZVI_FIELD_DB</PREDOBJECT>
     <PREDFIELD>FIELDNAME</PREDFIELD>
     <NOKEYFIELD/>
    </V_VCLSTDEP>
    <V_VCLSTDEP>
     <VCLNAME>ZVI_PROG_CONFIG</VCLNAME>
     <OBJECT>ZVI_FIELD_DESC</OBJECT>
     <OBJFIELD>MANDT</OBJFIELD>
     <PREDOBJECT>ZVI_FIELD_DB</PREDOBJECT>
     <PREDFIELD>MANDT</PREDFIELD>
     <NOKEYFIELD/>
    </V_VCLSTDEP>
    <V_VCLSTDEP>
     <VCLNAME>ZVI_PROG_CONFIG</VCLNAME>
     <OBJECT>ZVI_FIELD_DESC</OBJECT>
     <OBJFIELD>REPID</OBJFIELD>
     <PREDOBJECT>ZVI_FIELD_DB</PREDOBJECT>
     <PREDFIELD>REPID</PREDFIELD>
     <NOKEYFIELD/>
    </V_VCLSTDEP>
    <V_VCLSTDEP>
     <VCLNAME>ZVI_PROG_CONFIG</VCLNAME>
     <OBJECT>ZVI_MAP_SELSCR</OBJECT>
     <OBJFIELD>CPROG</OBJFIELD>
     <PREDOBJECT>ZVI_PROG</PREDOBJECT>
     <PREDFIELD>REPID</PREDFIELD>
     <NOKEYFIELD/>
    </V_VCLSTDEP>
    <V_VCLSTDEP>
     <VCLNAME>ZVI_PROG_CONFIG</VCLNAME>
     <OBJECT>ZVI_MAP_SELSCR</OBJECT>
     <OBJFIELD>MANDT</OBJFIELD>
     <PREDOBJECT>ZVI_PROG</PREDOBJECT>
     <PREDFIELD>MANDT</PREDFIELD>
     <NOKEYFIELD/>
    </V_VCLSTDEP>
    <V_VCLSTDEP>
     <VCLNAME>ZVI_PROG_CONFIG</VCLNAME>
     <OBJECT>ZVI_PROG</OBJECT>
     <OBJFIELD/>
     <PREDOBJECT>ZVI_PROG</PREDOBJECT>
     <PREDFIELD/>
     <NOKEYFIELD/>
    </V_VCLSTDEP>
    <V_VCLSTDEP>
     <VCLNAME>ZVI_PROG_CONFIG</VCLNAME>
     <OBJECT>ZVI_PROG_FLOW</OBJECT>
     <OBJFIELD>DYNNR</OBJFIELD>
     <PREDOBJECT>ZVI_PROG_SCR</PREDOBJECT>
     <PREDFIELD>DYNNR</PREDFIELD>
     <NOKEYFIELD/>
    </V_VCLSTDEP>
    <V_VCLSTDEP>
     <VCLNAME>ZVI_PROG_CONFIG</VCLNAME>
     <OBJECT>ZVI_PROG_FLOW</OBJECT>
     <OBJFIELD>MANDT</OBJFIELD>
     <PREDOBJECT>ZVI_PROG_SCR</PREDOBJECT>
     <PREDFIELD>MANDT</PREDFIELD>
     <NOKEYFIELD/>
    </V_VCLSTDEP>
    <V_VCLSTDEP>
     <VCLNAME>ZVI_PROG_CONFIG</VCLNAME>
     <OBJECT>ZVI_PROG_FLOW</OBJECT>
     <OBJFIELD>REPID</OBJFIELD>
     <PREDOBJECT>ZVI_PROG_SCR</PREDOBJECT>
     <PREDFIELD>REPID</PREDFIELD>
     <NOKEYFIELD/>
    </V_VCLSTDEP>
    <V_VCLSTDEP>
     <VCLNAME>ZVI_PROG_CONFIG</VCLNAME>
     <OBJECT>ZVI_PROG_PRSF</OBJECT>
     <OBJFIELD>MANDT</OBJFIELD>
     <PREDOBJECT>ZVI_PROG_PRSV</PREDOBJECT>
     <PREDFIELD>MANDT</PREDFIELD>
     <NOKEYFIELD/>
    </V_VCLSTDEP>
    <V_VCLSTDEP>
     <VCLNAME>ZVI_PROG_CONFIG</VCLNAME>
     <OBJECT>ZVI_PROG_PRSF</OBJECT>
     <OBJFIELD>REPID</OBJFIELD>
     <PREDOBJECT>ZVI_PROG_PRSV</PREDOBJECT>
     <PREDFIELD>REPID</PREDFIELD>
     <NOKEYFIELD/>
    </V_VCLSTDEP>
    <V_VCLSTDEP>
     <VCLNAME>ZVI_PROG_CONFIG</VCLNAME>
     <OBJECT>ZVI_PROG_PRSF</OBJECT>
     <OBJFIELD>VARNAME</OBJFIELD>
     <PREDOBJECT>ZVI_PROG_PRSV</PREDOBJECT>
     <PREDFIELD>VARNAME</PREDFIELD>
     <NOKEYFIELD/>
    </V_VCLSTDEP>
    <V_VCLSTDEP>
     <VCLNAME>ZVI_PROG_CONFIG</VCLNAME>
     <OBJECT>ZVI_PROG_PRSV</OBJECT>
     <OBJFIELD>MANDT</OBJFIELD>
     <PREDOBJECT>ZVI_PROG</PREDOBJECT>
     <PREDFIELD>MANDT</PREDFIELD>
     <NOKEYFIELD/>
    </V_VCLSTDEP>
    <V_VCLSTDEP>
     <VCLNAME>ZVI_PROG_CONFIG</VCLNAME>
     <OBJECT>ZVI_PROG_PRSV</OBJECT>
     <OBJFIELD>REPID</OBJFIELD>
     <PREDOBJECT>ZVI_PROG</PREDOBJECT>
     <PREDFIELD>REPID</PREDFIELD>
     <NOKEYFIELD/>
    </V_VCLSTDEP>
    <V_VCLSTDEP>
     <VCLNAME>ZVI_PROG_CONFIG</VCLNAME>
     <OBJECT>ZVI_PROG_SCR</OBJECT>
     <OBJFIELD>MANDT</OBJFIELD>
     <PREDOBJECT>ZVI_PROG</PREDOBJECT>
     <PREDFIELD>MANDT</PREDFIELD>
     <NOKEYFIELD/>
    </V_VCLSTDEP>
    <V_VCLSTDEP>
     <VCLNAME>ZVI_PROG_CONFIG</VCLNAME>
     <OBJECT>ZVI_PROG_SCR</OBJECT>
     <OBJFIELD>REPID</OBJFIELD>
     <PREDOBJECT>ZVI_PROG</PREDOBJECT>
     <PREDFIELD>REPID</PREDFIELD>
     <NOKEYFIELD/>
    </V_VCLSTDEP>
    <V_VCLSTDEP>
     <VCLNAME>ZVI_PROG_CONFIG</VCLNAME>
     <OBJECT>ZVI_PROG_STEP</OBJECT>
     <OBJFIELD>MANDT</OBJFIELD>
     <PREDOBJECT>ZVI_PROG</PREDOBJECT>
     <PREDFIELD>MANDT</PREDFIELD>
     <NOKEYFIELD/>
    </V_VCLSTDEP>
    <V_VCLSTDEP>
     <VCLNAME>ZVI_PROG_CONFIG</VCLNAME>
     <OBJECT>ZVI_PROG_STEP</OBJECT>
     <OBJFIELD>REPID</OBJFIELD>
     <PREDOBJECT>ZVI_PROG</PREDOBJECT>
     <PREDFIELD>REPID</PREDFIELD>
     <NOKEYFIELD/>
    </V_VCLSTDEP>
    <V_VCLSTDEP>
     <VCLNAME>ZVI_PROG_CONFIG</VCLNAME>
     <OBJECT>ZVI_SHEET_LAYOUT</OBJECT>
     <OBJFIELD>MANDT</OBJFIELD>
     <PREDOBJECT>ZVI_EXCEL_SHEETS</PREDOBJECT>
     <PREDFIELD>MANDT</PREDFIELD>
     <NOKEYFIELD/>
    </V_VCLSTDEP>
    <V_VCLSTDEP>
     <VCLNAME>ZVI_PROG_CONFIG</VCLNAME>
     <OBJECT>ZVI_SHEET_LAYOUT</OBJECT>
     <OBJFIELD>REPORT</OBJFIELD>
     <PREDOBJECT>ZVI_EXCEL_SHEETS</PREDOBJECT>
     <PREDFIELD>REPID</PREDFIELD>
     <NOKEYFIELD/>
    </V_VCLSTDEP>
    <V_VCLSTDEP>
     <VCLNAME>ZVI_PROG_CONFIG</VCLNAME>
     <OBJECT>ZVI_SHEET_LAYOUT</OBJECT>
     <OBJFIELD>SHEETNO</OBJFIELD>
     <PREDOBJECT>ZVI_EXCEL_SHEETS</PREDOBJECT>
     <PREDFIELD>SHEETNO</PREDFIELD>
     <NOKEYFIELD/>
    </V_VCLSTDEP>
   </VCLSTRUDEP_TAB>
   <VCLMF_TAB/>
  </asx:values>
 </asx:abap>
</abapGit>
