﻿<?xml version="1.0" encoding="utf-8"?>
<abapGit version="v1.0.0" serializer="LCL_OBJECT_VIEW" serializer_version="v1.0.0">
 <asx:abap xmlns:asx="http://www.sap.com/abapxml" version="1.0">
  <asx:values>
   <DD25V>
    <VIEWNAME>ZVI_BM_SL</VIEWNAME>
    <AS4LOCAL>A</AS4LOCAL>
    <AS4VERS>0000</AS4VERS>
    <DDLANGUAGE>E</DDLANGUAGE>
    <AGGTYPE>V</AGGTYPE>
    <APPLCLASS/>
    <AUTHCLASS>00</AUTHCLASS>
    <READONLY/>
    <ROOTTAB>ZTB_BM_SL_TRAN</ROOTTAB>
    <AS4USER/>
    <AS4DATE>0000-00-00</AS4DATE>
    <AS4TIME>00:00:00</AS4TIME>
    <DDTEXT>Screen log</DDTEXT>
    <VIEWCLASS>D</VIEWCLASS>
    <ACTFLAG/>
    <MASTERLANG/>
    <CUSTOMAUTH/>
    <VIEWGRANT>R</VIEWGRANT>
    <GLOBALFLAG/>
    <MANKEY/>
    <DBREFNAME/>
   </DD25V>
   <DD09L>
    <TABNAME/>
    <AS4LOCAL/>
    <AS4VERS>0000</AS4VERS>
    <TABKAT/>
    <TABART/>
    <PUFFERUNG/>
    <SCHFELDANZ>000</SCHFELDANZ>
    <PROTOKOLL/>
    <SPEICHPUFF/>
    <AS4USER/>
    <AS4DATE>0000-00-00</AS4DATE>
    <AS4TIME>00:00:00</AS4TIME>
    <TRANSPFLAG/>
    <RESERVE/>
    <UEBERSETZ/>
    <ACTFLAG/>
    <BUFALLOW/>
    <JAVAONLY/>
   </DD09L>
   <DD26V_TABLE>
    <DD26V>
     <DDLANGUAGE/>
     <VIEWNAME>ZVI_BM_SL</VIEWNAME>
     <TABNAME>ZTB_BM_SL_TRAN</TABNAME>
     <TABPOS>0001</TABPOS>
     <FORTABNAME>ZTB_BM_SL_TRAN</FORTABNAME>
     <FORFIELD/>
     <FORDIR/>
    </DD26V>
    <DD26V>
     <DDLANGUAGE/>
     <VIEWNAME>ZVI_BM_SL</VIEWNAME>
     <TABNAME>ZTB_BM_SL_SCRVL</TABNAME>
     <TABPOS>0002</TABPOS>
     <FORTABNAME/>
     <FORFIELD/>
     <FORDIR/>
    </DD26V>
    <DD26V>
     <DDLANGUAGE/>
     <VIEWNAME>ZVI_BM_SL</VIEWNAME>
     <TABNAME>ZTB_BM_SL_STEP</TABNAME>
     <TABPOS>0003</TABPOS>
     <FORTABNAME/>
     <FORFIELD/>
     <FORDIR/>
    </DD26V>
   </DD26V_TABLE>
   <DD27P_TABLE>
    <DD27P>
     <VIEWNAME>ZVI_BM_SL</VIEWNAME>
     <OBJPOS>0001</OBJPOS>
     <DDLANGUAGE>E</DDLANGUAGE>
     <VIEWFIELD>MANDT</VIEWFIELD>
     <TABNAME>ZTB_BM_SL_TRAN</TABNAME>
     <FIELDNAME>MANDT</FIELDNAME>
     <KEYFLAG>X</KEYFLAG>
     <MCFIELDID/>
     <EFORM/>
     <ROLLNAME>MANDT</ROLLNAME>
     <ROLLNAMEVI>MANDT</ROLLNAMEVI>
     <ROLLCHANGE/>
     <ENQMODE/>
     <RDONLY/>
     <MEMORYID/>
     <DOMNAME/>
     <DATATYPE/>
     <FLENGTH>000000</FLENGTH>
     <CHECKTABLE/>
     <SHLPORIGIN/>
     <SHLPNAME/>
     <SHLPFIELD/>
     <REFTABLE/>
     <REFFIELD/>
     <ENTITYTAB/>
     <INTTYPE/>
     <INTLEN>000000</INTLEN>
     <LOGFLAG/>
     <HEADLEN>00</HEADLEN>
     <SCRLEN1>00</SCRLEN1>
     <SCRLEN2>00</SCRLEN2>
     <SCRLEN3>00</SCRLEN3>
     <OUTPUTLEN>000000</OUTPUTLEN>
     <DECIMALS>000000</DECIMALS>
     <LOWERCASE/>
     <SIGNFLAG/>
     <VALEXI/>
     <CONVEXIT/>
     <DDTEXT/>
     <REPTEXT/>
     <SCRTEXT_S/>
     <SCRTEXT_M/>
     <SCRTEXT_L/>
     <PROXYTYPE/>
     <LTRFLDDIS/>
     <BIDICTRLC/>
     <OUTPUTSTYLE>00</OUTPUTSTYLE>
     <NOHISTORY/>
     <AMPMFORMAT/>
    </DD27P>
    <DD27P>
     <VIEWNAME>ZVI_BM_SL</VIEWNAME>
     <OBJPOS>0002</OBJPOS>
     <DDLANGUAGE>E</DDLANGUAGE>
     <VIEWFIELD>TRANID</VIEWFIELD>
     <TABNAME>ZTB_BM_SL_TRAN</TABNAME>
     <FIELDNAME>TRANID</FIELDNAME>
     <KEYFLAG>X</KEYFLAG>
     <MCFIELDID/>
     <EFORM/>
     <ROLLNAME>SYSUUID_C32</ROLLNAME>
     <ROLLNAMEVI>SYSUUID_C32</ROLLNAMEVI>
     <ROLLCHANGE/>
     <ENQMODE/>
     <RDONLY/>
     <MEMORYID/>
     <DOMNAME/>
     <DATATYPE/>
     <FLENGTH>000000</FLENGTH>
     <CHECKTABLE/>
     <SHLPORIGIN/>
     <SHLPNAME/>
     <SHLPFIELD/>
     <REFTABLE/>
     <REFFIELD/>
     <ENTITYTAB/>
     <INTTYPE/>
     <INTLEN>000000</INTLEN>
     <LOGFLAG/>
     <HEADLEN>00</HEADLEN>
     <SCRLEN1>00</SCRLEN1>
     <SCRLEN2>00</SCRLEN2>
     <SCRLEN3>00</SCRLEN3>
     <OUTPUTLEN>000000</OUTPUTLEN>
     <DECIMALS>000000</DECIMALS>
     <LOWERCASE/>
     <SIGNFLAG/>
     <VALEXI/>
     <CONVEXIT/>
     <DDTEXT/>
     <REPTEXT/>
     <SCRTEXT_S/>
     <SCRTEXT_M/>
     <SCRTEXT_L/>
     <PROXYTYPE/>
     <LTRFLDDIS/>
     <BIDICTRLC/>
     <OUTPUTSTYLE>00</OUTPUTSTYLE>
     <NOHISTORY/>
     <AMPMFORMAT/>
    </DD27P>
    <DD27P>
     <VIEWNAME>ZVI_BM_SL</VIEWNAME>
     <OBJPOS>0003</OBJPOS>
     <DDLANGUAGE>E</DDLANGUAGE>
     <VIEWFIELD>REPID</VIEWFIELD>
     <TABNAME>ZTB_BM_SL_TRAN</TABNAME>
     <FIELDNAME>REPID</FIELDNAME>
     <KEYFLAG>X</KEYFLAG>
     <MCFIELDID/>
     <EFORM/>
     <ROLLNAME>REPID</ROLLNAME>
     <ROLLNAMEVI>REPID</ROLLNAMEVI>
     <ROLLCHANGE/>
     <ENQMODE/>
     <RDONLY/>
     <MEMORYID/>
     <DOMNAME/>
     <DATATYPE/>
     <FLENGTH>000000</FLENGTH>
     <CHECKTABLE/>
     <SHLPORIGIN/>
     <SHLPNAME/>
     <SHLPFIELD/>
     <REFTABLE/>
     <REFFIELD/>
     <ENTITYTAB/>
     <INTTYPE/>
     <INTLEN>000000</INTLEN>
     <LOGFLAG/>
     <HEADLEN>00</HEADLEN>
     <SCRLEN1>00</SCRLEN1>
     <SCRLEN2>00</SCRLEN2>
     <SCRLEN3>00</SCRLEN3>
     <OUTPUTLEN>000000</OUTPUTLEN>
     <DECIMALS>000000</DECIMALS>
     <LOWERCASE/>
     <SIGNFLAG/>
     <VALEXI/>
     <CONVEXIT/>
     <DDTEXT/>
     <REPTEXT/>
     <SCRTEXT_S/>
     <SCRTEXT_M/>
     <SCRTEXT_L/>
     <PROXYTYPE/>
     <LTRFLDDIS/>
     <BIDICTRLC/>
     <OUTPUTSTYLE>00</OUTPUTSTYLE>
     <NOHISTORY/>
     <AMPMFORMAT/>
    </DD27P>
    <DD27P>
     <VIEWNAME>ZVI_BM_SL</VIEWNAME>
     <OBJPOS>0004</OBJPOS>
     <DDLANGUAGE>E</DDLANGUAGE>
     <VIEWFIELD>UNAME</VIEWFIELD>
     <TABNAME>ZTB_BM_SL_TRAN</TABNAME>
     <FIELDNAME>UNAME</FIELDNAME>
     <KEYFLAG>X</KEYFLAG>
     <MCFIELDID/>
     <EFORM/>
     <ROLLNAME>UNAME</ROLLNAME>
     <ROLLNAMEVI>UNAME</ROLLNAMEVI>
     <ROLLCHANGE/>
     <ENQMODE/>
     <RDONLY/>
     <MEMORYID/>
     <DOMNAME/>
     <DATATYPE/>
     <FLENGTH>000000</FLENGTH>
     <CHECKTABLE/>
     <SHLPORIGIN/>
     <SHLPNAME/>
     <SHLPFIELD/>
     <REFTABLE/>
     <REFFIELD/>
     <ENTITYTAB/>
     <INTTYPE/>
     <INTLEN>000000</INTLEN>
     <LOGFLAG/>
     <HEADLEN>00</HEADLEN>
     <SCRLEN1>00</SCRLEN1>
     <SCRLEN2>00</SCRLEN2>
     <SCRLEN3>00</SCRLEN3>
     <OUTPUTLEN>000000</OUTPUTLEN>
     <DECIMALS>000000</DECIMALS>
     <LOWERCASE/>
     <SIGNFLAG/>
     <VALEXI/>
     <CONVEXIT/>
     <DDTEXT/>
     <REPTEXT/>
     <SCRTEXT_S/>
     <SCRTEXT_M/>
     <SCRTEXT_L/>
     <PROXYTYPE/>
     <LTRFLDDIS/>
     <BIDICTRLC/>
     <OUTPUTSTYLE>00</OUTPUTSTYLE>
     <NOHISTORY/>
     <AMPMFORMAT/>
    </DD27P>
    <DD27P>
     <VIEWNAME>ZVI_BM_SL</VIEWNAME>
     <OBJPOS>0005</OBJPOS>
     <DDLANGUAGE>E</DDLANGUAGE>
     <VIEWFIELD>TDATE</VIEWFIELD>
     <TABNAME>ZTB_BM_SL_TRAN</TABNAME>
     <FIELDNAME>TDATE</FIELDNAME>
     <KEYFLAG>X</KEYFLAG>
     <MCFIELDID/>
     <EFORM/>
     <ROLLNAME>DATS</ROLLNAME>
     <ROLLNAMEVI>DATS</ROLLNAMEVI>
     <ROLLCHANGE/>
     <ENQMODE/>
     <RDONLY/>
     <MEMORYID/>
     <DOMNAME/>
     <DATATYPE/>
     <FLENGTH>000000</FLENGTH>
     <CHECKTABLE/>
     <SHLPORIGIN>T</SHLPORIGIN>
     <SHLPNAME/>
     <SHLPFIELD/>
     <REFTABLE/>
     <REFFIELD/>
     <ENTITYTAB/>
     <INTTYPE/>
     <INTLEN>000000</INTLEN>
     <LOGFLAG/>
     <HEADLEN>00</HEADLEN>
     <SCRLEN1>00</SCRLEN1>
     <SCRLEN2>00</SCRLEN2>
     <SCRLEN3>00</SCRLEN3>
     <OUTPUTLEN>000000</OUTPUTLEN>
     <DECIMALS>000000</DECIMALS>
     <LOWERCASE/>
     <SIGNFLAG/>
     <VALEXI/>
     <CONVEXIT/>
     <DDTEXT/>
     <REPTEXT/>
     <SCRTEXT_S/>
     <SCRTEXT_M/>
     <SCRTEXT_L/>
     <PROXYTYPE/>
     <LTRFLDDIS/>
     <BIDICTRLC/>
     <OUTPUTSTYLE>00</OUTPUTSTYLE>
     <NOHISTORY/>
     <AMPMFORMAT/>
    </DD27P>
    <DD27P>
     <VIEWNAME>ZVI_BM_SL</VIEWNAME>
     <OBJPOS>0006</OBJPOS>
     <DDLANGUAGE>E</DDLANGUAGE>
     <VIEWFIELD>TIMEFR</VIEWFIELD>
     <TABNAME>ZTB_BM_SL_TRAN</TABNAME>
     <FIELDNAME>TIMEFR</FIELDNAME>
     <KEYFLAG>X</KEYFLAG>
     <MCFIELDID/>
     <EFORM/>
     <ROLLNAME>TIMEFROM</ROLLNAME>
     <ROLLNAMEVI>TIMEFROM</ROLLNAMEVI>
     <ROLLCHANGE/>
     <ENQMODE/>
     <RDONLY/>
     <MEMORYID/>
     <DOMNAME/>
     <DATATYPE/>
     <FLENGTH>000000</FLENGTH>
     <CHECKTABLE/>
     <SHLPORIGIN>T</SHLPORIGIN>
     <SHLPNAME/>
     <SHLPFIELD/>
     <REFTABLE/>
     <REFFIELD/>
     <ENTITYTAB/>
     <INTTYPE/>
     <INTLEN>000000</INTLEN>
     <LOGFLAG/>
     <HEADLEN>00</HEADLEN>
     <SCRLEN1>00</SCRLEN1>
     <SCRLEN2>00</SCRLEN2>
     <SCRLEN3>00</SCRLEN3>
     <OUTPUTLEN>000000</OUTPUTLEN>
     <DECIMALS>000000</DECIMALS>
     <LOWERCASE/>
     <SIGNFLAG/>
     <VALEXI/>
     <CONVEXIT/>
     <DDTEXT/>
     <REPTEXT/>
     <SCRTEXT_S/>
     <SCRTEXT_M/>
     <SCRTEXT_L/>
     <PROXYTYPE/>
     <LTRFLDDIS/>
     <BIDICTRLC/>
     <OUTPUTSTYLE>00</OUTPUTSTYLE>
     <NOHISTORY/>
     <AMPMFORMAT/>
    </DD27P>
    <DD27P>
     <VIEWNAME>ZVI_BM_SL</VIEWNAME>
     <OBJPOS>0007</OBJPOS>
     <DDLANGUAGE>E</DDLANGUAGE>
     <VIEWFIELD>TIMETO</VIEWFIELD>
     <TABNAME>ZTB_BM_SL_TRAN</TABNAME>
     <FIELDNAME>TIMETO</FIELDNAME>
     <KEYFLAG>X</KEYFLAG>
     <MCFIELDID/>
     <EFORM/>
     <ROLLNAME>TIMETO</ROLLNAME>
     <ROLLNAMEVI>TIMETO</ROLLNAMEVI>
     <ROLLCHANGE/>
     <ENQMODE/>
     <RDONLY/>
     <MEMORYID/>
     <DOMNAME/>
     <DATATYPE/>
     <FLENGTH>000000</FLENGTH>
     <CHECKTABLE/>
     <SHLPORIGIN>T</SHLPORIGIN>
     <SHLPNAME/>
     <SHLPFIELD/>
     <REFTABLE/>
     <REFFIELD/>
     <ENTITYTAB/>
     <INTTYPE/>
     <INTLEN>000000</INTLEN>
     <LOGFLAG/>
     <HEADLEN>00</HEADLEN>
     <SCRLEN1>00</SCRLEN1>
     <SCRLEN2>00</SCRLEN2>
     <SCRLEN3>00</SCRLEN3>
     <OUTPUTLEN>000000</OUTPUTLEN>
     <DECIMALS>000000</DECIMALS>
     <LOWERCASE/>
     <SIGNFLAG/>
     <VALEXI/>
     <CONVEXIT/>
     <DDTEXT/>
     <REPTEXT/>
     <SCRTEXT_S/>
     <SCRTEXT_M/>
     <SCRTEXT_L/>
     <PROXYTYPE/>
     <LTRFLDDIS/>
     <BIDICTRLC/>
     <OUTPUTSTYLE>00</OUTPUTSTYLE>
     <NOHISTORY/>
     <AMPMFORMAT/>
    </DD27P>
    <DD27P>
     <VIEWNAME>ZVI_BM_SL</VIEWNAME>
     <OBJPOS>0008</OBJPOS>
     <DDLANGUAGE>E</DDLANGUAGE>
     <VIEWFIELD>STEPTM</VIEWFIELD>
     <TABNAME>ZTB_BM_SL_STEP</TABNAME>
     <FIELDNAME>STEPTM</FIELDNAME>
     <KEYFLAG>X</KEYFLAG>
     <MCFIELDID/>
     <EFORM/>
     <ROLLNAME>UZEIT</ROLLNAME>
     <ROLLNAMEVI>UZEIT</ROLLNAMEVI>
     <ROLLCHANGE/>
     <ENQMODE/>
     <RDONLY/>
     <MEMORYID/>
     <DOMNAME/>
     <DATATYPE/>
     <FLENGTH>000000</FLENGTH>
     <CHECKTABLE/>
     <SHLPORIGIN>T</SHLPORIGIN>
     <SHLPNAME/>
     <SHLPFIELD/>
     <REFTABLE/>
     <REFFIELD/>
     <ENTITYTAB/>
     <INTTYPE/>
     <INTLEN>000000</INTLEN>
     <LOGFLAG/>
     <HEADLEN>00</HEADLEN>
     <SCRLEN1>00</SCRLEN1>
     <SCRLEN2>00</SCRLEN2>
     <SCRLEN3>00</SCRLEN3>
     <OUTPUTLEN>000000</OUTPUTLEN>
     <DECIMALS>000000</DECIMALS>
     <LOWERCASE/>
     <SIGNFLAG/>
     <VALEXI/>
     <CONVEXIT/>
     <DDTEXT/>
     <REPTEXT/>
     <SCRTEXT_S/>
     <SCRTEXT_M/>
     <SCRTEXT_L/>
     <PROXYTYPE/>
     <LTRFLDDIS/>
     <BIDICTRLC/>
     <OUTPUTSTYLE>00</OUTPUTSTYLE>
     <NOHISTORY/>
     <AMPMFORMAT/>
    </DD27P>
    <DD27P>
     <VIEWNAME>ZVI_BM_SL</VIEWNAME>
     <OBJPOS>0009</OBJPOS>
     <DDLANGUAGE>E</DDLANGUAGE>
     <VIEWFIELD>FCODE</VIEWFIELD>
     <TABNAME>ZTB_BM_SL_STEP</TABNAME>
     <FIELDNAME>FCODE</FIELDNAME>
     <KEYFLAG>X</KEYFLAG>
     <MCFIELDID/>
     <EFORM/>
     <ROLLNAME>FCODE</ROLLNAME>
     <ROLLNAMEVI>FCODE</ROLLNAMEVI>
     <ROLLCHANGE/>
     <ENQMODE/>
     <RDONLY/>
     <MEMORYID/>
     <DOMNAME/>
     <DATATYPE/>
     <FLENGTH>000000</FLENGTH>
     <CHECKTABLE/>
     <SHLPORIGIN/>
     <SHLPNAME/>
     <SHLPFIELD/>
     <REFTABLE/>
     <REFFIELD/>
     <ENTITYTAB/>
     <INTTYPE/>
     <INTLEN>000000</INTLEN>
     <LOGFLAG>X</LOGFLAG>
     <HEADLEN>00</HEADLEN>
     <SCRLEN1>00</SCRLEN1>
     <SCRLEN2>00</SCRLEN2>
     <SCRLEN3>00</SCRLEN3>
     <OUTPUTLEN>000000</OUTPUTLEN>
     <DECIMALS>000000</DECIMALS>
     <LOWERCASE/>
     <SIGNFLAG/>
     <VALEXI/>
     <CONVEXIT/>
     <DDTEXT/>
     <REPTEXT/>
     <SCRTEXT_S/>
     <SCRTEXT_M/>
     <SCRTEXT_L/>
     <PROXYTYPE/>
     <LTRFLDDIS/>
     <BIDICTRLC/>
     <OUTPUTSTYLE>00</OUTPUTSTYLE>
     <NOHISTORY/>
     <AMPMFORMAT/>
    </DD27P>
    <DD27P>
     <VIEWNAME>ZVI_BM_SL</VIEWNAME>
     <OBJPOS>0010</OBJPOS>
     <DDLANGUAGE>E</DDLANGUAGE>
     <VIEWFIELD>DYNNR</VIEWFIELD>
     <TABNAME>ZTB_BM_SL_SCRVL</TABNAME>
     <FIELDNAME>DYNNR</FIELDNAME>
     <KEYFLAG>X</KEYFLAG>
     <MCFIELDID/>
     <EFORM/>
     <ROLLNAME>DYNNR</ROLLNAME>
     <ROLLNAMEVI>DYNNR</ROLLNAMEVI>
     <ROLLCHANGE/>
     <ENQMODE/>
     <RDONLY/>
     <MEMORYID/>
     <DOMNAME/>
     <DATATYPE/>
     <FLENGTH>000000</FLENGTH>
     <CHECKTABLE/>
     <SHLPORIGIN/>
     <SHLPNAME/>
     <SHLPFIELD/>
     <REFTABLE/>
     <REFFIELD/>
     <ENTITYTAB/>
     <INTTYPE/>
     <INTLEN>000000</INTLEN>
     <LOGFLAG/>
     <HEADLEN>00</HEADLEN>
     <SCRLEN1>00</SCRLEN1>
     <SCRLEN2>00</SCRLEN2>
     <SCRLEN3>00</SCRLEN3>
     <OUTPUTLEN>000000</OUTPUTLEN>
     <DECIMALS>000000</DECIMALS>
     <LOWERCASE/>
     <SIGNFLAG/>
     <VALEXI/>
     <CONVEXIT/>
     <DDTEXT/>
     <REPTEXT/>
     <SCRTEXT_S/>
     <SCRTEXT_M/>
     <SCRTEXT_L/>
     <PROXYTYPE/>
     <LTRFLDDIS/>
     <BIDICTRLC/>
     <OUTPUTSTYLE>00</OUTPUTSTYLE>
     <NOHISTORY/>
     <AMPMFORMAT/>
    </DD27P>
    <DD27P>
     <VIEWNAME>ZVI_BM_SL</VIEWNAME>
     <OBJPOS>0011</OBJPOS>
     <DDLANGUAGE>E</DDLANGUAGE>
     <VIEWFIELD>FNAME</VIEWFIELD>
     <TABNAME>ZTB_BM_SL_SCRVL</TABNAME>
     <FIELDNAME>FNAME</FIELDNAME>
     <KEYFLAG>X</KEYFLAG>
     <MCFIELDID/>
     <EFORM/>
     <ROLLNAME>PLM_FIELDNAME</ROLLNAME>
     <ROLLNAMEVI>PLM_FIELDNAME</ROLLNAMEVI>
     <ROLLCHANGE/>
     <ENQMODE/>
     <RDONLY/>
     <MEMORYID/>
     <DOMNAME/>
     <DATATYPE/>
     <FLENGTH>000000</FLENGTH>
     <CHECKTABLE/>
     <SHLPORIGIN/>
     <SHLPNAME/>
     <SHLPFIELD/>
     <REFTABLE/>
     <REFFIELD/>
     <ENTITYTAB/>
     <INTTYPE/>
     <INTLEN>000000</INTLEN>
     <LOGFLAG/>
     <HEADLEN>00</HEADLEN>
     <SCRLEN1>00</SCRLEN1>
     <SCRLEN2>00</SCRLEN2>
     <SCRLEN3>00</SCRLEN3>
     <OUTPUTLEN>000000</OUTPUTLEN>
     <DECIMALS>000000</DECIMALS>
     <LOWERCASE/>
     <SIGNFLAG/>
     <VALEXI/>
     <CONVEXIT/>
     <DDTEXT/>
     <REPTEXT/>
     <SCRTEXT_S/>
     <SCRTEXT_M/>
     <SCRTEXT_L/>
     <PROXYTYPE/>
     <LTRFLDDIS/>
     <BIDICTRLC/>
     <OUTPUTSTYLE>00</OUTPUTSTYLE>
     <NOHISTORY/>
     <AMPMFORMAT/>
    </DD27P>
    <DD27P>
     <VIEWNAME>ZVI_BM_SL</VIEWNAME>
     <OBJPOS>0012</OBJPOS>
     <DDLANGUAGE>E</DDLANGUAGE>
     <VIEWFIELD>FVALUE</VIEWFIELD>
     <TABNAME>ZTB_BM_SL_SCRVL</TABNAME>
     <FIELDNAME>FVALUE</FIELDNAME>
     <KEYFLAG>X</KEYFLAG>
     <MCFIELDID/>
     <EFORM/>
     <ROLLNAME>ZDD_PROG_VALUE</ROLLNAME>
     <ROLLNAMEVI>ZDD_PROG_VALUE</ROLLNAMEVI>
     <ROLLCHANGE/>
     <ENQMODE/>
     <RDONLY/>
     <MEMORYID/>
     <DOMNAME/>
     <DATATYPE/>
     <FLENGTH>000000</FLENGTH>
     <CHECKTABLE/>
     <SHLPORIGIN/>
     <SHLPNAME/>
     <SHLPFIELD/>
     <REFTABLE/>
     <REFFIELD/>
     <ENTITYTAB/>
     <INTTYPE/>
     <INTLEN>000000</INTLEN>
     <LOGFLAG/>
     <HEADLEN>00</HEADLEN>
     <SCRLEN1>00</SCRLEN1>
     <SCRLEN2>00</SCRLEN2>
     <SCRLEN3>00</SCRLEN3>
     <OUTPUTLEN>000000</OUTPUTLEN>
     <DECIMALS>000000</DECIMALS>
     <LOWERCASE/>
     <SIGNFLAG/>
     <VALEXI/>
     <CONVEXIT/>
     <DDTEXT/>
     <REPTEXT/>
     <SCRTEXT_S/>
     <SCRTEXT_M/>
     <SCRTEXT_L/>
     <PROXYTYPE/>
     <LTRFLDDIS/>
     <BIDICTRLC/>
     <OUTPUTSTYLE>00</OUTPUTSTYLE>
     <NOHISTORY/>
     <AMPMFORMAT/>
    </DD27P>
   </DD27P_TABLE>
   <DD28J_TABLE>
    <DD28J>
     <VIEWNAME>ZVI_BM_SL</VIEWNAME>
     <LTAB>ZTB_BM_SL_TRAN</LTAB>
     <LFIELD>MANDT</LFIELD>
     <OPERATOR>EQ</OPERATOR>
     <RTAB>ZTB_BM_SL_TRAN</RTAB>
     <RFIELD>MANDT</RFIELD>
     <SOURCE>S</SOURCE>
     <FRKTAB/>
     <FRKFIELD/>
     <FRKDIR/>
     <VOPERATOR/>
    </DD28J>
    <DD28J>
     <VIEWNAME>ZVI_BM_SL</VIEWNAME>
     <LTAB>ZTB_BM_SL_TRAN</LTAB>
     <LFIELD>TRANID</LFIELD>
     <OPERATOR>EQ</OPERATOR>
     <RTAB>ZTB_BM_SL_STEP</RTAB>
     <RFIELD>TRANID</RFIELD>
     <SOURCE>S</SOURCE>
     <FRKTAB/>
     <FRKFIELD/>
     <FRKDIR/>
     <VOPERATOR/>
    </DD28J>
    <DD28J>
     <VIEWNAME>ZVI_BM_SL</VIEWNAME>
     <LTAB>ZTB_BM_SL_STEP</LTAB>
     <LFIELD>MANDT</LFIELD>
     <OPERATOR>EQ</OPERATOR>
     <RTAB>ZTB_BM_SL_SCRVL</RTAB>
     <RFIELD>MANDT</RFIELD>
     <SOURCE>S</SOURCE>
     <FRKTAB/>
     <FRKFIELD/>
     <FRKDIR/>
     <VOPERATOR/>
    </DD28J>
    <DD28J>
     <VIEWNAME>ZVI_BM_SL</VIEWNAME>
     <LTAB>ZTB_BM_SL_STEP</LTAB>
     <LFIELD>TRANID</LFIELD>
     <OPERATOR>EQ</OPERATOR>
     <RTAB>ZTB_BM_SL_SCRVL</RTAB>
     <RFIELD>TRANID</RFIELD>
     <SOURCE>S</SOURCE>
     <FRKTAB/>
     <FRKFIELD/>
     <FRKDIR/>
     <VOPERATOR/>
    </DD28J>
    <DD28J>
     <VIEWNAME>ZVI_BM_SL</VIEWNAME>
     <LTAB>ZTB_BM_SL_STEP</LTAB>
     <LFIELD>STEPTM</LFIELD>
     <OPERATOR>EQ</OPERATOR>
     <RTAB>ZTB_BM_SL_SCRVL</RTAB>
     <RFIELD>STEPTM</RFIELD>
     <SOURCE>S</SOURCE>
     <FRKTAB/>
     <FRKFIELD/>
     <FRKDIR/>
     <VOPERATOR/>
    </DD28J>
   </DD28J_TABLE>
   <DD28V_TABLE/>
  </asx:values>
 </asx:abap>
</abapGit>
