﻿<?xml version="1.0" encoding="utf-8"?>
<abapGit version="v1.0.0" serializer="LCL_OBJECT_TOBJ" serializer_version="v1.0.0">
 <asx:abap xmlns:asx="http://www.sap.com/abapxml" version="1.0">
  <asx:values>
   <OBJH>
    <OBJECTNAME>ZVI_PROG_STEP</OBJECTNAME>
    <OBJECTTYPE>V</OBJECTTYPE>
    <CLIDEP>X</CLIDEP>
    <LANGDEP/>
    <ALEDEP/>
    <OBJCATEG>CUST</OBJCATEG>
    <TRCOMPLETE/>
    <TRDISJUNCT/>
    <PHASELEVEL>0</PHASELEVEL>
    <LOCKMETH/>
    <TADIRCMETH/>
    <CHECKID/>
    <OBJNAMELEN>00</OBJNAMELEN>
    <PROTECT/>
    <OBJTRANSP>2</OBJTRANSP>
    <LUSER/>
    <LDATE>0000-00-00</LDATE>
    <OBJNAMECLS/>
    <CURSETTING/>
    <OBJHASADDR/>
    <IMPORTABLE>3</IMPORTABLE>
    <OBJCHARSET/>
    <MCCATEGORY/>
    <MCDOCUID/>
   </OBJH>
   <OBJT>
    <LANGUAGE>E</LANGUAGE>
    <OBJECTNAME>ZVI_PROG_STEP</OBJECTNAME>
    <OBJECTTYPE>V</OBJECTTYPE>
    <DDTEXT>Customizing dialog: Step</DDTEXT>
   </OBJT>
   <OBJS>
    <OBJS>
     <OBJECTNAME>ZVI_PROG_STEP</OBJECTNAME>
     <OBJECTTYPE>V</OBJECTTYPE>
     <TABNAME>ZTB_PROG_STEP</TABNAME>
     <COVER/>
     <CANDIDATE/>
     <DDIC>X</DDIC>
     <PRIM_TABLE>X</PRIM_TABLE>
     <VIEWGRANT/>
     <TAB_FILLED/>
    </OBJS>
   </OBJS>
   <OBJSL/>
   <OBJM/>
  </asx:values>
 </asx:abap>
</abapGit>
