﻿<?xml version="1.0" encoding="utf-8"?>
<abapGit version="v1.0.0" serializer="LCL_OBJECT_VIEW" serializer_version="v1.0.0">
 <asx:abap xmlns:asx="http://www.sap.com/abapxml" version="1.0">
  <asx:values>
   <DD25V>
    <VIEWNAME>ZVI_BM_ROLE_FLD</VIEWNAME>
    <AS4LOCAL>A</AS4LOCAL>
    <AS4VERS>0000</AS4VERS>
    <DDLANGUAGE>E</DDLANGUAGE>
    <AGGTYPE>V</AGGTYPE>
    <APPLCLASS/>
    <AUTHCLASS>00</AUTHCLASS>
    <READONLY/>
    <ROOTTAB>ZTB_BM_ROLE_FLD</ROOTTAB>
    <AS4USER/>
    <AS4DATE>0000-00-00</AS4DATE>
    <AS4TIME>00:00:00</AS4TIME>
    <DDTEXT>Role fields status</DDTEXT>
    <VIEWCLASS>C</VIEWCLASS>
    <ACTFLAG/>
    <MASTERLANG/>
    <CUSTOMAUTH>C</CUSTOMAUTH>
    <VIEWGRANT/>
    <GLOBALFLAG>X</GLOBALFLAG>
    <MANKEY/>
    <DBREFNAME/>
   </DD25V>
   <DD09L>
    <TABNAME/>
    <AS4LOCAL/>
    <AS4VERS>0000</AS4VERS>
    <TABKAT/>
    <TABART/>
    <PUFFERUNG/>
    <SCHFELDANZ>000</SCHFELDANZ>
    <PROTOKOLL/>
    <SPEICHPUFF/>
    <AS4USER/>
    <AS4DATE>0000-00-00</AS4DATE>
    <AS4TIME>00:00:00</AS4TIME>
    <TRANSPFLAG/>
    <RESERVE/>
    <UEBERSETZ/>
    <ACTFLAG/>
    <BUFALLOW/>
    <JAVAONLY/>
   </DD09L>
   <DD26V_TABLE>
    <DD26V>
     <DDLANGUAGE/>
     <VIEWNAME>ZVI_BM_ROLE_FLD</VIEWNAME>
     <TABNAME>ZTB_BM_ROLE_FLD</TABNAME>
     <TABPOS>0001</TABPOS>
     <FORTABNAME>ZTB_BM_ROLE_FLD</FORTABNAME>
     <FORFIELD/>
     <FORDIR/>
    </DD26V>
    <DD26V>
     <DDLANGUAGE/>
     <VIEWNAME>ZVI_BM_ROLE_FLD</VIEWNAME>
     <TABNAME>ZTB_BM_ROLE</TABNAME>
     <TABPOS>0002</TABPOS>
     <FORTABNAME>ZTB_BM_ROLE_FLD</FORTABNAME>
     <FORFIELD>BMROLE</FORFIELD>
     <FORDIR>E</FORDIR>
    </DD26V>
   </DD26V_TABLE>
   <DD27P_TABLE>
    <DD27P>
     <VIEWNAME>ZVI_BM_ROLE_FLD</VIEWNAME>
     <OBJPOS>0001</OBJPOS>
     <DDLANGUAGE>E</DDLANGUAGE>
     <VIEWFIELD>MANDT</VIEWFIELD>
     <TABNAME>ZTB_BM_ROLE_FLD</TABNAME>
     <FIELDNAME>MANDT</FIELDNAME>
     <KEYFLAG>X</KEYFLAG>
     <MCFIELDID/>
     <EFORM/>
     <ROLLNAME>MANDT</ROLLNAME>
     <ROLLNAMEVI>MANDT</ROLLNAMEVI>
     <ROLLCHANGE/>
     <ENQMODE/>
     <RDONLY>S</RDONLY>
     <MEMORYID/>
     <DOMNAME/>
     <DATATYPE/>
     <FLENGTH>000000</FLENGTH>
     <CHECKTABLE/>
     <SHLPORIGIN/>
     <SHLPNAME/>
     <SHLPFIELD/>
     <REFTABLE/>
     <REFFIELD/>
     <ENTITYTAB/>
     <INTTYPE/>
     <INTLEN>000000</INTLEN>
     <LOGFLAG/>
     <HEADLEN>00</HEADLEN>
     <SCRLEN1>00</SCRLEN1>
     <SCRLEN2>00</SCRLEN2>
     <SCRLEN3>00</SCRLEN3>
     <OUTPUTLEN>000000</OUTPUTLEN>
     <DECIMALS>000000</DECIMALS>
     <LOWERCASE/>
     <SIGNFLAG/>
     <VALEXI/>
     <CONVEXIT/>
     <DDTEXT/>
     <REPTEXT/>
     <SCRTEXT_S/>
     <SCRTEXT_M/>
     <SCRTEXT_L/>
     <PROXYTYPE/>
     <LTRFLDDIS/>
     <BIDICTRLC/>
     <OUTPUTSTYLE>00</OUTPUTSTYLE>
     <NOHISTORY/>
     <AMPMFORMAT/>
    </DD27P>
    <DD27P>
     <VIEWNAME>ZVI_BM_ROLE_FLD</VIEWNAME>
     <OBJPOS>0002</OBJPOS>
     <DDLANGUAGE>E</DDLANGUAGE>
     <VIEWFIELD>REPID</VIEWFIELD>
     <TABNAME>ZTB_BM_ROLE_FLD</TABNAME>
     <FIELDNAME>REPID</FIELDNAME>
     <KEYFLAG>X</KEYFLAG>
     <MCFIELDID/>
     <EFORM/>
     <ROLLNAME>SYREPID</ROLLNAME>
     <ROLLNAMEVI>SYREPID</ROLLNAMEVI>
     <ROLLCHANGE/>
     <ENQMODE/>
     <RDONLY>S</RDONLY>
     <MEMORYID/>
     <DOMNAME/>
     <DATATYPE/>
     <FLENGTH>000000</FLENGTH>
     <CHECKTABLE/>
     <SHLPORIGIN/>
     <SHLPNAME/>
     <SHLPFIELD/>
     <REFTABLE/>
     <REFFIELD/>
     <ENTITYTAB/>
     <INTTYPE/>
     <INTLEN>000000</INTLEN>
     <LOGFLAG/>
     <HEADLEN>00</HEADLEN>
     <SCRLEN1>00</SCRLEN1>
     <SCRLEN2>00</SCRLEN2>
     <SCRLEN3>00</SCRLEN3>
     <OUTPUTLEN>000000</OUTPUTLEN>
     <DECIMALS>000000</DECIMALS>
     <LOWERCASE/>
     <SIGNFLAG/>
     <VALEXI/>
     <CONVEXIT/>
     <DDTEXT/>
     <REPTEXT/>
     <SCRTEXT_S/>
     <SCRTEXT_M/>
     <SCRTEXT_L/>
     <PROXYTYPE/>
     <LTRFLDDIS/>
     <BIDICTRLC/>
     <OUTPUTSTYLE>00</OUTPUTSTYLE>
     <NOHISTORY/>
     <AMPMFORMAT/>
    </DD27P>
    <DD27P>
     <VIEWNAME>ZVI_BM_ROLE_FLD</VIEWNAME>
     <OBJPOS>0003</OBJPOS>
     <DDLANGUAGE>E</DDLANGUAGE>
     <VIEWFIELD>BMROLE</VIEWFIELD>
     <TABNAME>ZTB_BM_ROLE_FLD</TABNAME>
     <FIELDNAME>BMROLE</FIELDNAME>
     <KEYFLAG>X</KEYFLAG>
     <MCFIELDID/>
     <EFORM/>
     <ROLLNAME>ZDD_BMROLE</ROLLNAME>
     <ROLLNAMEVI>ZDD_BMROLE</ROLLNAMEVI>
     <ROLLCHANGE/>
     <ENQMODE/>
     <RDONLY>S</RDONLY>
     <MEMORYID/>
     <DOMNAME/>
     <DATATYPE/>
     <FLENGTH>000000</FLENGTH>
     <CHECKTABLE>ZTB_BM_ROLE</CHECKTABLE>
     <SHLPORIGIN>P</SHLPORIGIN>
     <SHLPNAME/>
     <SHLPFIELD/>
     <REFTABLE/>
     <REFFIELD/>
     <ENTITYTAB/>
     <INTTYPE/>
     <INTLEN>000000</INTLEN>
     <LOGFLAG/>
     <HEADLEN>00</HEADLEN>
     <SCRLEN1>00</SCRLEN1>
     <SCRLEN2>00</SCRLEN2>
     <SCRLEN3>00</SCRLEN3>
     <OUTPUTLEN>000000</OUTPUTLEN>
     <DECIMALS>000000</DECIMALS>
     <LOWERCASE/>
     <SIGNFLAG/>
     <VALEXI/>
     <CONVEXIT/>
     <DDTEXT/>
     <REPTEXT/>
     <SCRTEXT_S/>
     <SCRTEXT_M/>
     <SCRTEXT_L/>
     <PROXYTYPE/>
     <LTRFLDDIS/>
     <BIDICTRLC/>
     <OUTPUTSTYLE>00</OUTPUTSTYLE>
     <NOHISTORY/>
     <AMPMFORMAT/>
    </DD27P>
    <DD27P>
     <VIEWNAME>ZVI_BM_ROLE_FLD</VIEWNAME>
     <OBJPOS>0004</OBJPOS>
     <DDLANGUAGE>E</DDLANGUAGE>
     <VIEWFIELD>BMROLENM</VIEWFIELD>
     <TABNAME>ZTB_BM_ROLE</TABNAME>
     <FIELDNAME>BMROLENM</FIELDNAME>
     <KEYFLAG/>
     <MCFIELDID/>
     <EFORM/>
     <ROLLNAME>ZDD_BMROLENM</ROLLNAME>
     <ROLLNAMEVI>ZDD_BMROLENM</ROLLNAMEVI>
     <ROLLCHANGE/>
     <ENQMODE/>
     <RDONLY>S</RDONLY>
     <MEMORYID/>
     <DOMNAME/>
     <DATATYPE/>
     <FLENGTH>000000</FLENGTH>
     <CHECKTABLE/>
     <SHLPORIGIN/>
     <SHLPNAME/>
     <SHLPFIELD/>
     <REFTABLE/>
     <REFFIELD/>
     <ENTITYTAB/>
     <INTTYPE/>
     <INTLEN>000000</INTLEN>
     <LOGFLAG/>
     <HEADLEN>00</HEADLEN>
     <SCRLEN1>00</SCRLEN1>
     <SCRLEN2>00</SCRLEN2>
     <SCRLEN3>00</SCRLEN3>
     <OUTPUTLEN>000000</OUTPUTLEN>
     <DECIMALS>000000</DECIMALS>
     <LOWERCASE/>
     <SIGNFLAG/>
     <VALEXI/>
     <CONVEXIT/>
     <DDTEXT/>
     <REPTEXT/>
     <SCRTEXT_S/>
     <SCRTEXT_M/>
     <SCRTEXT_L/>
     <PROXYTYPE/>
     <LTRFLDDIS/>
     <BIDICTRLC/>
     <OUTPUTSTYLE>00</OUTPUTSTYLE>
     <NOHISTORY/>
     <AMPMFORMAT/>
    </DD27P>
    <DD27P>
     <VIEWNAME>ZVI_BM_ROLE_FLD</VIEWNAME>
     <OBJPOS>0005</OBJPOS>
     <DDLANGUAGE>E</DDLANGUAGE>
     <VIEWFIELD>TABNM</VIEWFIELD>
     <TABNAME>ZTB_BM_ROLE_FLD</TABNAME>
     <FIELDNAME>TABNM</FIELDNAME>
     <KEYFLAG>X</KEYFLAG>
     <MCFIELDID/>
     <EFORM/>
     <ROLLNAME>TABNM</ROLLNAME>
     <ROLLNAMEVI>TABNM</ROLLNAMEVI>
     <ROLLCHANGE/>
     <ENQMODE/>
     <RDONLY/>
     <MEMORYID/>
     <DOMNAME/>
     <DATATYPE/>
     <FLENGTH>000000</FLENGTH>
     <CHECKTABLE/>
     <SHLPORIGIN/>
     <SHLPNAME/>
     <SHLPFIELD/>
     <REFTABLE/>
     <REFFIELD/>
     <ENTITYTAB/>
     <INTTYPE/>
     <INTLEN>000000</INTLEN>
     <LOGFLAG>X</LOGFLAG>
     <HEADLEN>00</HEADLEN>
     <SCRLEN1>00</SCRLEN1>
     <SCRLEN2>00</SCRLEN2>
     <SCRLEN3>00</SCRLEN3>
     <OUTPUTLEN>000000</OUTPUTLEN>
     <DECIMALS>000000</DECIMALS>
     <LOWERCASE/>
     <SIGNFLAG/>
     <VALEXI/>
     <CONVEXIT/>
     <DDTEXT/>
     <REPTEXT/>
     <SCRTEXT_S/>
     <SCRTEXT_M/>
     <SCRTEXT_L/>
     <PROXYTYPE/>
     <LTRFLDDIS/>
     <BIDICTRLC/>
     <OUTPUTSTYLE>00</OUTPUTSTYLE>
     <NOHISTORY/>
     <AMPMFORMAT/>
    </DD27P>
    <DD27P>
     <VIEWNAME>ZVI_BM_ROLE_FLD</VIEWNAME>
     <OBJPOS>0006</OBJPOS>
     <DDLANGUAGE>E</DDLANGUAGE>
     <VIEWFIELD>FIELDNAME</VIEWFIELD>
     <TABNAME>ZTB_BM_ROLE_FLD</TABNAME>
     <FIELDNAME>FIELDNAME</FIELDNAME>
     <KEYFLAG>X</KEYFLAG>
     <MCFIELDID/>
     <EFORM/>
     <ROLLNAME>FIELDNAME</ROLLNAME>
     <ROLLNAMEVI>FIELDNAME</ROLLNAMEVI>
     <ROLLCHANGE/>
     <ENQMODE/>
     <RDONLY/>
     <MEMORYID/>
     <DOMNAME/>
     <DATATYPE/>
     <FLENGTH>000000</FLENGTH>
     <CHECKTABLE/>
     <SHLPORIGIN/>
     <SHLPNAME/>
     <SHLPFIELD/>
     <REFTABLE/>
     <REFFIELD/>
     <ENTITYTAB/>
     <INTTYPE/>
     <INTLEN>000000</INTLEN>
     <LOGFLAG/>
     <HEADLEN>00</HEADLEN>
     <SCRLEN1>00</SCRLEN1>
     <SCRLEN2>00</SCRLEN2>
     <SCRLEN3>00</SCRLEN3>
     <OUTPUTLEN>000000</OUTPUTLEN>
     <DECIMALS>000000</DECIMALS>
     <LOWERCASE/>
     <SIGNFLAG/>
     <VALEXI/>
     <CONVEXIT/>
     <DDTEXT/>
     <REPTEXT/>
     <SCRTEXT_S/>
     <SCRTEXT_M/>
     <SCRTEXT_L/>
     <PROXYTYPE/>
     <LTRFLDDIS/>
     <BIDICTRLC/>
     <OUTPUTSTYLE>00</OUTPUTSTYLE>
     <NOHISTORY/>
     <AMPMFORMAT/>
    </DD27P>
    <DD27P>
     <VIEWNAME>ZVI_BM_ROLE_FLD</VIEWNAME>
     <OBJPOS>0007</OBJPOS>
     <DDLANGUAGE>E</DDLANGUAGE>
     <VIEWFIELD>STRUC</VIEWFIELD>
     <TABNAME>ZTB_BM_ROLE_FLD</TABNAME>
     <FIELDNAME>STRUC</FIELDNAME>
     <KEYFLAG/>
     <MCFIELDID/>
     <EFORM/>
     <ROLLNAME>ZDD_IPCF_STRUC</ROLLNAME>
     <ROLLNAMEVI>ZDD_IPCF_STRUC</ROLLNAMEVI>
     <ROLLCHANGE/>
     <ENQMODE/>
     <RDONLY/>
     <MEMORYID/>
     <DOMNAME/>
     <DATATYPE/>
     <FLENGTH>000000</FLENGTH>
     <CHECKTABLE/>
     <SHLPORIGIN>F</SHLPORIGIN>
     <SHLPNAME/>
     <SHLPFIELD/>
     <REFTABLE/>
     <REFFIELD/>
     <ENTITYTAB/>
     <INTTYPE/>
     <INTLEN>000000</INTLEN>
     <LOGFLAG/>
     <HEADLEN>00</HEADLEN>
     <SCRLEN1>00</SCRLEN1>
     <SCRLEN2>00</SCRLEN2>
     <SCRLEN3>00</SCRLEN3>
     <OUTPUTLEN>000000</OUTPUTLEN>
     <DECIMALS>000000</DECIMALS>
     <LOWERCASE/>
     <SIGNFLAG/>
     <VALEXI>X</VALEXI>
     <CONVEXIT/>
     <DDTEXT/>
     <REPTEXT/>
     <SCRTEXT_S/>
     <SCRTEXT_M/>
     <SCRTEXT_L/>
     <PROXYTYPE/>
     <LTRFLDDIS/>
     <BIDICTRLC/>
     <OUTPUTSTYLE>00</OUTPUTSTYLE>
     <NOHISTORY/>
     <AMPMFORMAT/>
    </DD27P>
    <DD27P>
     <VIEWNAME>ZVI_BM_ROLE_FLD</VIEWNAME>
     <OBJPOS>0008</OBJPOS>
     <DDLANGUAGE>E</DDLANGUAGE>
     <VIEWFIELD>FIELDSTS</VIEWFIELD>
     <TABNAME>ZTB_BM_ROLE_FLD</TABNAME>
     <FIELDNAME>FIELDSTS</FIELDNAME>
     <KEYFLAG/>
     <MCFIELDID/>
     <EFORM/>
     <ROLLNAME>ZDD_FIELDSTS</ROLLNAME>
     <ROLLNAMEVI>ZDD_FIELDSTS</ROLLNAMEVI>
     <ROLLCHANGE/>
     <ENQMODE/>
     <RDONLY/>
     <MEMORYID/>
     <DOMNAME/>
     <DATATYPE/>
     <FLENGTH>000000</FLENGTH>
     <CHECKTABLE/>
     <SHLPORIGIN>F</SHLPORIGIN>
     <SHLPNAME/>
     <SHLPFIELD/>
     <REFTABLE/>
     <REFFIELD/>
     <ENTITYTAB/>
     <INTTYPE/>
     <INTLEN>000000</INTLEN>
     <LOGFLAG/>
     <HEADLEN>00</HEADLEN>
     <SCRLEN1>00</SCRLEN1>
     <SCRLEN2>00</SCRLEN2>
     <SCRLEN3>00</SCRLEN3>
     <OUTPUTLEN>000000</OUTPUTLEN>
     <DECIMALS>000000</DECIMALS>
     <LOWERCASE/>
     <SIGNFLAG/>
     <VALEXI>X</VALEXI>
     <CONVEXIT/>
     <DDTEXT/>
     <REPTEXT/>
     <SCRTEXT_S/>
     <SCRTEXT_M/>
     <SCRTEXT_L/>
     <PROXYTYPE/>
     <LTRFLDDIS/>
     <BIDICTRLC/>
     <OUTPUTSTYLE>00</OUTPUTSTYLE>
     <NOHISTORY/>
     <AMPMFORMAT/>
    </DD27P>
    <DD27P>
     <VIEWNAME>ZVI_BM_ROLE_FLD</VIEWNAME>
     <OBJPOS>0009</OBJPOS>
     <DDLANGUAGE>E</DDLANGUAGE>
     <VIEWFIELD>TABCONTROL</VIEWFIELD>
     <TABNAME>ZTB_BM_ROLE_FLD</TABNAME>
     <FIELDNAME>TABCONTROL</FIELDNAME>
     <KEYFLAG/>
     <MCFIELDID/>
     <EFORM/>
     <ROLLNAME>ZDD_TABCONTROL</ROLLNAME>
     <ROLLNAMEVI>ZDD_TABCONTROL</ROLLNAMEVI>
     <ROLLCHANGE/>
     <ENQMODE/>
     <RDONLY/>
     <MEMORYID/>
     <DOMNAME/>
     <DATATYPE/>
     <FLENGTH>000000</FLENGTH>
     <CHECKTABLE/>
     <SHLPORIGIN/>
     <SHLPNAME/>
     <SHLPFIELD/>
     <REFTABLE/>
     <REFFIELD/>
     <ENTITYTAB/>
     <INTTYPE/>
     <INTLEN>000000</INTLEN>
     <LOGFLAG/>
     <HEADLEN>00</HEADLEN>
     <SCRLEN1>00</SCRLEN1>
     <SCRLEN2>00</SCRLEN2>
     <SCRLEN3>00</SCRLEN3>
     <OUTPUTLEN>000000</OUTPUTLEN>
     <DECIMALS>000000</DECIMALS>
     <LOWERCASE/>
     <SIGNFLAG/>
     <VALEXI/>
     <CONVEXIT/>
     <DDTEXT/>
     <REPTEXT/>
     <SCRTEXT_S/>
     <SCRTEXT_M/>
     <SCRTEXT_L/>
     <PROXYTYPE/>
     <LTRFLDDIS/>
     <BIDICTRLC/>
     <OUTPUTSTYLE>00</OUTPUTSTYLE>
     <NOHISTORY/>
     <AMPMFORMAT/>
    </DD27P>
   </DD27P_TABLE>
   <DD28J_TABLE>
    <DD28J>
     <VIEWNAME>ZVI_BM_ROLE_FLD</VIEWNAME>
     <LTAB>ZTB_BM_ROLE</LTAB>
     <LFIELD>MANDT</LFIELD>
     <OPERATOR>EQ</OPERATOR>
     <RTAB>ZTB_BM_ROLE_FLD</RTAB>
     <RFIELD>MANDT</RFIELD>
     <SOURCE>F</SOURCE>
     <FRKTAB>ZTB_BM_ROLE_FLD</FRKTAB>
     <FRKFIELD>BMROLE</FRKFIELD>
     <FRKDIR>E</FRKDIR>
     <VOPERATOR/>
    </DD28J>
    <DD28J>
     <VIEWNAME>ZVI_BM_ROLE_FLD</VIEWNAME>
     <LTAB>ZTB_BM_ROLE</LTAB>
     <LFIELD>BMROLE</LFIELD>
     <OPERATOR>EQ</OPERATOR>
     <RTAB>ZTB_BM_ROLE_FLD</RTAB>
     <RFIELD>BMROLE</RFIELD>
     <SOURCE>F</SOURCE>
     <FRKTAB>ZTB_BM_ROLE_FLD</FRKTAB>
     <FRKFIELD>BMROLE</FRKFIELD>
     <FRKDIR>E</FRKDIR>
     <VOPERATOR/>
    </DD28J>
   </DD28J_TABLE>
   <DD28V_TABLE/>
  </asx:values>
 </asx:abap>
</abapGit>
