﻿<?xml version="1.0" encoding="utf-8"?>
<abapGit version="v1.0.0" serializer="LCL_OBJECT_VIEW" serializer_version="v1.0.0">
 <asx:abap xmlns:asx="http://www.sap.com/abapxml" version="1.0">
  <asx:values>
   <DD25V>
    <VIEWNAME>ZVI_BM_DATCON</VIEWNAME>
    <AS4LOCAL>A</AS4LOCAL>
    <AS4VERS>0000</AS4VERS>
    <DDLANGUAGE>E</DDLANGUAGE>
    <AGGTYPE>V</AGGTYPE>
    <APPLCLASS/>
    <AUTHCLASS>00</AUTHCLASS>
    <READONLY/>
    <ROOTTAB>ZTB_BM_DATCON</ROOTTAB>
    <AS4USER/>
    <AS4DATE>0000-00-00</AS4DATE>
    <AS4TIME>00:00:00</AS4TIME>
    <DDTEXT>Data condition</DDTEXT>
    <VIEWCLASS>C</VIEWCLASS>
    <ACTFLAG/>
    <MASTERLANG/>
    <CUSTOMAUTH>C</CUSTOMAUTH>
    <VIEWGRANT/>
    <GLOBALFLAG>X</GLOBALFLAG>
    <MANKEY/>
    <DBREFNAME/>
   </DD25V>
   <DD09L>
    <TABNAME/>
    <AS4LOCAL/>
    <AS4VERS>0000</AS4VERS>
    <TABKAT/>
    <TABART/>
    <PUFFERUNG/>
    <SCHFELDANZ>000</SCHFELDANZ>
    <PROTOKOLL/>
    <SPEICHPUFF/>
    <AS4USER/>
    <AS4DATE>0000-00-00</AS4DATE>
    <AS4TIME>00:00:00</AS4TIME>
    <TRANSPFLAG/>
    <RESERVE/>
    <UEBERSETZ/>
    <ACTFLAG/>
    <BUFALLOW/>
    <JAVAONLY/>
   </DD09L>
   <DD26V_TABLE>
    <DD26V>
     <DDLANGUAGE/>
     <VIEWNAME>ZVI_BM_DATCON</VIEWNAME>
     <TABNAME>ZTB_BM_DATCON</TABNAME>
     <TABPOS>0001</TABPOS>
     <FORTABNAME>ZTB_BM_DATCON</FORTABNAME>
     <FORFIELD/>
     <FORDIR/>
    </DD26V>
   </DD26V_TABLE>
   <DD27P_TABLE>
    <DD27P>
     <VIEWNAME>ZVI_BM_DATCON</VIEWNAME>
     <OBJPOS>0001</OBJPOS>
     <DDLANGUAGE>E</DDLANGUAGE>
     <VIEWFIELD>MANDT</VIEWFIELD>
     <TABNAME>ZTB_BM_DATCON</TABNAME>
     <FIELDNAME>MANDT</FIELDNAME>
     <KEYFLAG>X</KEYFLAG>
     <MCFIELDID/>
     <EFORM/>
     <ROLLNAME>MANDT</ROLLNAME>
     <ROLLNAMEVI>MANDT</ROLLNAMEVI>
     <ROLLCHANGE/>
     <ENQMODE/>
     <RDONLY>S</RDONLY>
     <MEMORYID/>
     <DOMNAME/>
     <DATATYPE/>
     <FLENGTH>000000</FLENGTH>
     <CHECKTABLE/>
     <SHLPORIGIN/>
     <SHLPNAME/>
     <SHLPFIELD/>
     <REFTABLE/>
     <REFFIELD/>
     <ENTITYTAB/>
     <INTTYPE/>
     <INTLEN>000000</INTLEN>
     <LOGFLAG/>
     <HEADLEN>00</HEADLEN>
     <SCRLEN1>00</SCRLEN1>
     <SCRLEN2>00</SCRLEN2>
     <SCRLEN3>00</SCRLEN3>
     <OUTPUTLEN>000000</OUTPUTLEN>
     <DECIMALS>000000</DECIMALS>
     <LOWERCASE/>
     <SIGNFLAG/>
     <VALEXI/>
     <CONVEXIT/>
     <DDTEXT/>
     <REPTEXT/>
     <SCRTEXT_S/>
     <SCRTEXT_M/>
     <SCRTEXT_L/>
     <PROXYTYPE/>
     <LTRFLDDIS/>
     <BIDICTRLC/>
     <OUTPUTSTYLE>00</OUTPUTSTYLE>
     <NOHISTORY/>
     <AMPMFORMAT/>
    </DD27P>
    <DD27P>
     <VIEWNAME>ZVI_BM_DATCON</VIEWNAME>
     <OBJPOS>0002</OBJPOS>
     <DDLANGUAGE>E</DDLANGUAGE>
     <VIEWFIELD>DATGR</VIEWFIELD>
     <TABNAME>ZTB_BM_DATCON</TABNAME>
     <FIELDNAME>DATGR</FIELDNAME>
     <KEYFLAG>X</KEYFLAG>
     <MCFIELDID/>
     <EFORM/>
     <ROLLNAME>ZDD_BM_DATGR</ROLLNAME>
     <ROLLNAMEVI>ZDD_BM_DATGR</ROLLNAMEVI>
     <ROLLCHANGE/>
     <ENQMODE/>
     <RDONLY>S</RDONLY>
     <MEMORYID/>
     <DOMNAME/>
     <DATATYPE/>
     <FLENGTH>000000</FLENGTH>
     <CHECKTABLE/>
     <SHLPORIGIN/>
     <SHLPNAME/>
     <SHLPFIELD/>
     <REFTABLE/>
     <REFFIELD/>
     <ENTITYTAB/>
     <INTTYPE/>
     <INTLEN>000000</INTLEN>
     <LOGFLAG/>
     <HEADLEN>00</HEADLEN>
     <SCRLEN1>00</SCRLEN1>
     <SCRLEN2>00</SCRLEN2>
     <SCRLEN3>00</SCRLEN3>
     <OUTPUTLEN>000000</OUTPUTLEN>
     <DECIMALS>000000</DECIMALS>
     <LOWERCASE/>
     <SIGNFLAG/>
     <VALEXI/>
     <CONVEXIT/>
     <DDTEXT/>
     <REPTEXT/>
     <SCRTEXT_S/>
     <SCRTEXT_M/>
     <SCRTEXT_L/>
     <PROXYTYPE/>
     <LTRFLDDIS/>
     <BIDICTRLC/>
     <OUTPUTSTYLE>00</OUTPUTSTYLE>
     <NOHISTORY/>
     <AMPMFORMAT/>
    </DD27P>
    <DD27P>
     <VIEWNAME>ZVI_BM_DATCON</VIEWNAME>
     <OBJPOS>0003</OBJPOS>
     <DDLANGUAGE>E</DDLANGUAGE>
     <VIEWFIELD>DATTY</VIEWFIELD>
     <TABNAME>ZTB_BM_DATCON</TABNAME>
     <FIELDNAME>DATTY</FIELDNAME>
     <KEYFLAG>X</KEYFLAG>
     <MCFIELDID/>
     <EFORM/>
     <ROLLNAME>ZDD_BM_DATTY</ROLLNAME>
     <ROLLNAMEVI>ZDD_BM_DATTY</ROLLNAMEVI>
     <ROLLCHANGE/>
     <ENQMODE/>
     <RDONLY>S</RDONLY>
     <MEMORYID/>
     <DOMNAME/>
     <DATATYPE/>
     <FLENGTH>000000</FLENGTH>
     <CHECKTABLE>ZTB_BM_DATTYPE</CHECKTABLE>
     <SHLPORIGIN>P</SHLPORIGIN>
     <SHLPNAME/>
     <SHLPFIELD/>
     <REFTABLE/>
     <REFFIELD/>
     <ENTITYTAB/>
     <INTTYPE/>
     <INTLEN>000000</INTLEN>
     <LOGFLAG/>
     <HEADLEN>00</HEADLEN>
     <SCRLEN1>00</SCRLEN1>
     <SCRLEN2>00</SCRLEN2>
     <SCRLEN3>00</SCRLEN3>
     <OUTPUTLEN>000000</OUTPUTLEN>
     <DECIMALS>000000</DECIMALS>
     <LOWERCASE/>
     <SIGNFLAG/>
     <VALEXI/>
     <CONVEXIT/>
     <DDTEXT/>
     <REPTEXT/>
     <SCRTEXT_S/>
     <SCRTEXT_M/>
     <SCRTEXT_L/>
     <PROXYTYPE/>
     <LTRFLDDIS/>
     <BIDICTRLC/>
     <OUTPUTSTYLE>00</OUTPUTSTYLE>
     <NOHISTORY/>
     <AMPMFORMAT/>
    </DD27P>
    <DD27P>
     <VIEWNAME>ZVI_BM_DATCON</VIEWNAME>
     <OBJPOS>0004</OBJPOS>
     <DDLANGUAGE>E</DDLANGUAGE>
     <VIEWFIELD>DATCON</VIEWFIELD>
     <TABNAME>ZTB_BM_DATCON</TABNAME>
     <FIELDNAME>DATCON</FIELDNAME>
     <KEYFLAG>X</KEYFLAG>
     <MCFIELDID/>
     <EFORM/>
     <ROLLNAME>ZDD_BM_DATCON</ROLLNAME>
     <ROLLNAMEVI>ZDD_BM_DATCON</ROLLNAMEVI>
     <ROLLCHANGE/>
     <ENQMODE/>
     <RDONLY/>
     <MEMORYID/>
     <DOMNAME/>
     <DATATYPE/>
     <FLENGTH>000000</FLENGTH>
     <CHECKTABLE/>
     <SHLPORIGIN/>
     <SHLPNAME/>
     <SHLPFIELD/>
     <REFTABLE/>
     <REFFIELD/>
     <ENTITYTAB/>
     <INTTYPE/>
     <INTLEN>000000</INTLEN>
     <LOGFLAG/>
     <HEADLEN>00</HEADLEN>
     <SCRLEN1>00</SCRLEN1>
     <SCRLEN2>00</SCRLEN2>
     <SCRLEN3>00</SCRLEN3>
     <OUTPUTLEN>000000</OUTPUTLEN>
     <DECIMALS>000000</DECIMALS>
     <LOWERCASE/>
     <SIGNFLAG/>
     <VALEXI/>
     <CONVEXIT/>
     <DDTEXT/>
     <REPTEXT/>
     <SCRTEXT_S/>
     <SCRTEXT_M/>
     <SCRTEXT_L/>
     <PROXYTYPE/>
     <LTRFLDDIS/>
     <BIDICTRLC/>
     <OUTPUTSTYLE>00</OUTPUTSTYLE>
     <NOHISTORY/>
     <AMPMFORMAT/>
    </DD27P>
    <DD27P>
     <VIEWNAME>ZVI_BM_DATCON</VIEWNAME>
     <OBJPOS>0005</OBJPOS>
     <DDLANGUAGE>E</DDLANGUAGE>
     <VIEWFIELD>FIELD1</VIEWFIELD>
     <TABNAME>ZTB_BM_DATCON</TABNAME>
     <FIELDNAME>FIELD1</FIELDNAME>
     <KEYFLAG/>
     <MCFIELDID/>
     <EFORM/>
     <ROLLNAME>FIELDNAME</ROLLNAME>
     <ROLLNAMEVI>FIELDNAME</ROLLNAMEVI>
     <ROLLCHANGE/>
     <ENQMODE/>
     <RDONLY/>
     <MEMORYID/>
     <DOMNAME/>
     <DATATYPE/>
     <FLENGTH>000000</FLENGTH>
     <CHECKTABLE/>
     <SHLPORIGIN/>
     <SHLPNAME/>
     <SHLPFIELD/>
     <REFTABLE/>
     <REFFIELD/>
     <ENTITYTAB/>
     <INTTYPE/>
     <INTLEN>000000</INTLEN>
     <LOGFLAG/>
     <HEADLEN>00</HEADLEN>
     <SCRLEN1>00</SCRLEN1>
     <SCRLEN2>00</SCRLEN2>
     <SCRLEN3>00</SCRLEN3>
     <OUTPUTLEN>000000</OUTPUTLEN>
     <DECIMALS>000000</DECIMALS>
     <LOWERCASE/>
     <SIGNFLAG/>
     <VALEXI/>
     <CONVEXIT/>
     <DDTEXT/>
     <REPTEXT/>
     <SCRTEXT_S/>
     <SCRTEXT_M/>
     <SCRTEXT_L/>
     <PROXYTYPE/>
     <LTRFLDDIS/>
     <BIDICTRLC/>
     <OUTPUTSTYLE>00</OUTPUTSTYLE>
     <NOHISTORY/>
     <AMPMFORMAT/>
    </DD27P>
    <DD27P>
     <VIEWNAME>ZVI_BM_DATCON</VIEWNAME>
     <OBJPOS>0006</OBJPOS>
     <DDLANGUAGE>E</DDLANGUAGE>
     <VIEWFIELD>VALUE1</VIEWFIELD>
     <TABNAME>ZTB_BM_DATCON</TABNAME>
     <FIELDNAME>VALUE1</FIELDNAME>
     <KEYFLAG/>
     <MCFIELDID/>
     <EFORM/>
     <ROLLNAME>ZDD_BM_FDVAL</ROLLNAME>
     <ROLLNAMEVI>ZDD_BM_FDVAL</ROLLNAMEVI>
     <ROLLCHANGE/>
     <ENQMODE/>
     <RDONLY/>
     <MEMORYID/>
     <DOMNAME/>
     <DATATYPE/>
     <FLENGTH>000000</FLENGTH>
     <CHECKTABLE/>
     <SHLPORIGIN/>
     <SHLPNAME/>
     <SHLPFIELD/>
     <REFTABLE/>
     <REFFIELD/>
     <ENTITYTAB/>
     <INTTYPE/>
     <INTLEN>000000</INTLEN>
     <LOGFLAG/>
     <HEADLEN>00</HEADLEN>
     <SCRLEN1>00</SCRLEN1>
     <SCRLEN2>00</SCRLEN2>
     <SCRLEN3>00</SCRLEN3>
     <OUTPUTLEN>000000</OUTPUTLEN>
     <DECIMALS>000000</DECIMALS>
     <LOWERCASE/>
     <SIGNFLAG/>
     <VALEXI/>
     <CONVEXIT/>
     <DDTEXT/>
     <REPTEXT/>
     <SCRTEXT_S/>
     <SCRTEXT_M/>
     <SCRTEXT_L/>
     <PROXYTYPE/>
     <LTRFLDDIS/>
     <BIDICTRLC/>
     <OUTPUTSTYLE>00</OUTPUTSTYLE>
     <NOHISTORY/>
     <AMPMFORMAT/>
    </DD27P>
    <DD27P>
     <VIEWNAME>ZVI_BM_DATCON</VIEWNAME>
     <OBJPOS>0007</OBJPOS>
     <DDLANGUAGE>E</DDLANGUAGE>
     <VIEWFIELD>FIELD2</VIEWFIELD>
     <TABNAME>ZTB_BM_DATCON</TABNAME>
     <FIELDNAME>FIELD2</FIELDNAME>
     <KEYFLAG/>
     <MCFIELDID/>
     <EFORM/>
     <ROLLNAME>FIELDNAME</ROLLNAME>
     <ROLLNAMEVI>FIELDNAME</ROLLNAMEVI>
     <ROLLCHANGE/>
     <ENQMODE/>
     <RDONLY/>
     <MEMORYID/>
     <DOMNAME/>
     <DATATYPE/>
     <FLENGTH>000000</FLENGTH>
     <CHECKTABLE/>
     <SHLPORIGIN/>
     <SHLPNAME/>
     <SHLPFIELD/>
     <REFTABLE/>
     <REFFIELD/>
     <ENTITYTAB/>
     <INTTYPE/>
     <INTLEN>000000</INTLEN>
     <LOGFLAG/>
     <HEADLEN>00</HEADLEN>
     <SCRLEN1>00</SCRLEN1>
     <SCRLEN2>00</SCRLEN2>
     <SCRLEN3>00</SCRLEN3>
     <OUTPUTLEN>000000</OUTPUTLEN>
     <DECIMALS>000000</DECIMALS>
     <LOWERCASE/>
     <SIGNFLAG/>
     <VALEXI/>
     <CONVEXIT/>
     <DDTEXT/>
     <REPTEXT/>
     <SCRTEXT_S/>
     <SCRTEXT_M/>
     <SCRTEXT_L/>
     <PROXYTYPE/>
     <LTRFLDDIS/>
     <BIDICTRLC/>
     <OUTPUTSTYLE>00</OUTPUTSTYLE>
     <NOHISTORY/>
     <AMPMFORMAT/>
    </DD27P>
    <DD27P>
     <VIEWNAME>ZVI_BM_DATCON</VIEWNAME>
     <OBJPOS>0008</OBJPOS>
     <DDLANGUAGE>E</DDLANGUAGE>
     <VIEWFIELD>VALUE2</VIEWFIELD>
     <TABNAME>ZTB_BM_DATCON</TABNAME>
     <FIELDNAME>VALUE2</FIELDNAME>
     <KEYFLAG/>
     <MCFIELDID/>
     <EFORM/>
     <ROLLNAME>ZDD_BM_FDVAL</ROLLNAME>
     <ROLLNAMEVI>ZDD_BM_FDVAL</ROLLNAMEVI>
     <ROLLCHANGE/>
     <ENQMODE/>
     <RDONLY/>
     <MEMORYID/>
     <DOMNAME/>
     <DATATYPE/>
     <FLENGTH>000000</FLENGTH>
     <CHECKTABLE/>
     <SHLPORIGIN/>
     <SHLPNAME/>
     <SHLPFIELD/>
     <REFTABLE/>
     <REFFIELD/>
     <ENTITYTAB/>
     <INTTYPE/>
     <INTLEN>000000</INTLEN>
     <LOGFLAG/>
     <HEADLEN>00</HEADLEN>
     <SCRLEN1>00</SCRLEN1>
     <SCRLEN2>00</SCRLEN2>
     <SCRLEN3>00</SCRLEN3>
     <OUTPUTLEN>000000</OUTPUTLEN>
     <DECIMALS>000000</DECIMALS>
     <LOWERCASE/>
     <SIGNFLAG/>
     <VALEXI/>
     <CONVEXIT/>
     <DDTEXT/>
     <REPTEXT/>
     <SCRTEXT_S/>
     <SCRTEXT_M/>
     <SCRTEXT_L/>
     <PROXYTYPE/>
     <LTRFLDDIS/>
     <BIDICTRLC/>
     <OUTPUTSTYLE>00</OUTPUTSTYLE>
     <NOHISTORY/>
     <AMPMFORMAT/>
    </DD27P>
    <DD27P>
     <VIEWNAME>ZVI_BM_DATCON</VIEWNAME>
     <OBJPOS>0009</OBJPOS>
     <DDLANGUAGE>E</DDLANGUAGE>
     <VIEWFIELD>FIELD3</VIEWFIELD>
     <TABNAME>ZTB_BM_DATCON</TABNAME>
     <FIELDNAME>FIELD3</FIELDNAME>
     <KEYFLAG/>
     <MCFIELDID/>
     <EFORM/>
     <ROLLNAME>FIELDNAME</ROLLNAME>
     <ROLLNAMEVI>FIELDNAME</ROLLNAMEVI>
     <ROLLCHANGE/>
     <ENQMODE/>
     <RDONLY/>
     <MEMORYID/>
     <DOMNAME/>
     <DATATYPE/>
     <FLENGTH>000000</FLENGTH>
     <CHECKTABLE/>
     <SHLPORIGIN/>
     <SHLPNAME/>
     <SHLPFIELD/>
     <REFTABLE/>
     <REFFIELD/>
     <ENTITYTAB/>
     <INTTYPE/>
     <INTLEN>000000</INTLEN>
     <LOGFLAG/>
     <HEADLEN>00</HEADLEN>
     <SCRLEN1>00</SCRLEN1>
     <SCRLEN2>00</SCRLEN2>
     <SCRLEN3>00</SCRLEN3>
     <OUTPUTLEN>000000</OUTPUTLEN>
     <DECIMALS>000000</DECIMALS>
     <LOWERCASE/>
     <SIGNFLAG/>
     <VALEXI/>
     <CONVEXIT/>
     <DDTEXT/>
     <REPTEXT/>
     <SCRTEXT_S/>
     <SCRTEXT_M/>
     <SCRTEXT_L/>
     <PROXYTYPE/>
     <LTRFLDDIS/>
     <BIDICTRLC/>
     <OUTPUTSTYLE>00</OUTPUTSTYLE>
     <NOHISTORY/>
     <AMPMFORMAT/>
    </DD27P>
    <DD27P>
     <VIEWNAME>ZVI_BM_DATCON</VIEWNAME>
     <OBJPOS>0010</OBJPOS>
     <DDLANGUAGE>E</DDLANGUAGE>
     <VIEWFIELD>VALUE3</VIEWFIELD>
     <TABNAME>ZTB_BM_DATCON</TABNAME>
     <FIELDNAME>VALUE3</FIELDNAME>
     <KEYFLAG/>
     <MCFIELDID/>
     <EFORM/>
     <ROLLNAME>ZDD_BM_FDVAL</ROLLNAME>
     <ROLLNAMEVI>ZDD_BM_FDVAL</ROLLNAMEVI>
     <ROLLCHANGE/>
     <ENQMODE/>
     <RDONLY/>
     <MEMORYID/>
     <DOMNAME/>
     <DATATYPE/>
     <FLENGTH>000000</FLENGTH>
     <CHECKTABLE/>
     <SHLPORIGIN/>
     <SHLPNAME/>
     <SHLPFIELD/>
     <REFTABLE/>
     <REFFIELD/>
     <ENTITYTAB/>
     <INTTYPE/>
     <INTLEN>000000</INTLEN>
     <LOGFLAG/>
     <HEADLEN>00</HEADLEN>
     <SCRLEN1>00</SCRLEN1>
     <SCRLEN2>00</SCRLEN2>
     <SCRLEN3>00</SCRLEN3>
     <OUTPUTLEN>000000</OUTPUTLEN>
     <DECIMALS>000000</DECIMALS>
     <LOWERCASE/>
     <SIGNFLAG/>
     <VALEXI/>
     <CONVEXIT/>
     <DDTEXT/>
     <REPTEXT/>
     <SCRTEXT_S/>
     <SCRTEXT_M/>
     <SCRTEXT_L/>
     <PROXYTYPE/>
     <LTRFLDDIS/>
     <BIDICTRLC/>
     <OUTPUTSTYLE>00</OUTPUTSTYLE>
     <NOHISTORY/>
     <AMPMFORMAT/>
    </DD27P>
   </DD27P_TABLE>
   <DD28J_TABLE/>
   <DD28V_TABLE/>
  </asx:values>
 </asx:abap>
</abapGit>
